繁體,簡體,拼音,詞例,定義,又作
丫,丫,a1
呀,呀,a1
啊,啊,a1,啊！好美啊，啊！下雪了，啊！失火了，啊！太精彩了,（歎詞）表示贊歎、驚異、吃驚等語氣
鴉,鸦,a1
啞,哑,a1,咿啞，啞啞學語,（語氣助詞）呀；（象聲詞）形容烏鴉叫聲、小兒學說話等聲音
吖,吖,a1
錒,锕,a1
啞,哑,a2,啞巴，啞鈴，啞子，啞劇，啞謎，聾啞，沙啞，嘶啞，啞巴虧，啞口無言，啞然無聲，裝聾作啞,不能說話，說不出話來
啊,啊,a2,啊？你說什麼，啊？你再說，啊？這怎麼回事，啊？有這種事啊,（歎詞）表示疑問、疑惑、反問、追問、驚異、驚疑等語氣
亞,亚,a3
阿,阿,a3,阿姨，阿飛
氬,氩,a3
婭,娅,a3
啊,啊,a3,啊！好吧，啊！原來是你，不錯啊，多美啊，快來啊，很好啊，小心啊,（歎詞）表示應諾、醒悟、明白等語氣；（助詞）表示贊歎、驚歎、疑問、肯定、辯解、催促，停頓、列舉等語氣
鴨,鸭,ab3
壓,压,ad3
押,押,ad3
遏,遏,ad3
揠,揠,ad3
猰,猰,ad3
軋,轧,ad3/zad3,軋平，傾軋，軋花機，軋棉花,碾壓，滾壓
軛,轭,ag1
挨,挨,ai1,挨戶，挨家，挨近,依次，順次，靠近
隘,隘,ai3
俺,俺,an2
晏,晏,an3
罌,罂,ang1,"",大腹小口的瓶子
拗,拗,ao3
坳,坳,ao3/ao1
叭,叭,ba1
疤,疤,ba1
粑,粑,ba1
芭,芭,ba1
笆,笆,ba1
爸,爸,ba1
葩,葩,ba1
巴,巴,ba1
吧,吧,ba1,吧枱，吧嗒，吧唧，酒吧，沙拉吧，吧的一聲,（音譯詞）小酒館；（象聲詞）爆裂聲
鈀,钯,ba2
靶,靶,ba2
把,把,ba2
霸,霸,ba3
壩,坝,ba3
吧,吧,ba6,好吧，去吧，說吧，不會吧，算了吧,（語氣助詞）表示可以，允許，推測，估量，命令等
罷,罢,ba6
捌,捌,bad3
八,八,bad3
茇,茇,bad6
迫,迫,bag1/big1
伯,伯,bag3
佰,佰,bag3
百,百,bag3
匐,匐,bag6
帛,帛,bag6
蔔,卜,bag6
白,白,bag6
掰,掰,bai1/mag3
擺,摆,bai2
襬,摆,bai2
捭,捭,bai2
拜,拜,bai3
敗,败,bai6
稗,稗,bai6
斑,斑,ban1
班,班,ban1
瘢,瘢,ban1
頒,颁,ban1
版,版,ban2
舨,舨,ban2
板,板,ban2
闆,板,ban2
坂,坂,ban2,"","",阪
扮,扮,ban3,扮演，扮鬼臉，女扮男裝，扮老頭兒,化裝成，面部表情裝成
扮,扮,ban6,打扮，裝扮,打扮，裝扮
辦,办,ban6
湴,湴,ban6
蹦,蹦,bang6
褒,褒,bao1
包,包,bao1
鮑,鲍,bao1,鮑魚,指活鮑魚
苞,苞,bao1
胞,胞,bao1
孢,孢,bao1
飽,饱,bao2
爆,爆,bao3
鮑,鲍,bao6,鮑魚,姓；也指乾鮑魚
齙,龅,bao6
不,不,bed1
筆,笔,bed1
畢,毕,bed1
鈈,钚,bed1
嗶,哔,bed1
篳,筚,bed1
蹕,跸,bed1
蓽,荜,bed1
拔,拔,bed6
鈸,钹,bed6
弼,弼,bed6
跋,跋,bed6
苾,苾,bed6
菝,菝,bed6
北,北,beg1
跛,跛,bei1/bo2
蔽,蔽,bei3
閉,闭,bei3
贔,赑,bei3
敝,敝,bei6
弊,弊,bei6
陛,陛,bei6
斃,毙,bei6
狴,狴,bei6
幣,币,bei6
泵,泵,bem1
乓,乓,bem1/pong1
奔,奔,ben1
檳,槟,ben1
賓,宾,ben1
繽,缤,ben1
濱,滨,ben1
斌,斌,ben1
彬,彬,ben1
賁,贲,ben1,賁張，賁門，虎賁,膈膜，橫隔膜
瀕,濒,ben1/pen4
品,品,ben2
稟,禀,ben2
擯,摈,ben3
殯,殡,ben3
鬢,鬓,ben3
笨,笨,ben6
崩,崩,beng1
鏰,镚,beng1
繃,绷,beng1,繃緊，繃帶，繃子，繃硬，繃亮，繃脆，繃直，緊繃，繃床，緊繃繃，繃場面，繃了一道縫兒,張緊，拉緊，包紮；裂開；（用於形容詞前表示程度深）非常，很,綳
觱,觱,bid1
必,必,bid1
彆,别,bid3
憋,憋,bid3
鱉,鳖,bid3
蹩,蹩,bid6
別,别,bid6
癟,瘪,bid6
壁,壁,big1
碧,碧,big1
逼,逼,big1
愎,愎,big1
璧,璧,big1
襞,襞,big1
邊,边,bin1
辮,辫,bin1
鞭,鞭,bin1
煸,煸,bin1
砭,砭,bin1
扁,扁,bin2,扁平，踩扁
匾,匾,bin2
貶,贬,bin2
變,变,bin3
便,便,bin6,便利，方便
卞,卞,bin6
辯,辩,bin6
辨,辨,bin6
汴,汴,bin6
兵,兵,bing1
冰,冰,bing1
乒,乒,bing1/ping1
丙,丙,bing2
秉,秉,bing2
炳,炳,bing2
屏,屏,bing2,屏氣，屏息，屏除，屏棄，屏住呼吸,壓制，抑止，停止，排除
餅,饼,bing2,餅乾，餡餅
昺,昺,bing2
迸,迸,bing3
併,并,bing3/ping3
並,并,bing6
鑣,镳,biu1
彪,彪,biu1
標,标,biu1
錶,表,biu1
鏢,镖,biu1
飆,飙,biu1
膘,膘,biu1
驃,骠,biu1,黃驃馬,一種黃毛夾有白色斑點的馬
婊,婊,biu2
表,表,biu2
波,波,bo1
玻,玻,bo1
菠,菠,bo1
般,般,bo1,般若,（梵文音譯詞）
簸,簸,bo3,簸箕,（名詞）
播,播,bo3
簸,簸,bo3/bo2,顛簸,（動詞）
膊,膊,bog3
博,博,bog3
搏,搏,bog3
駁,驳,bog3
亳,亳,bog3
縛,缚,bog3/fog3
鉑,铂,bog6
泊,泊,bog6,湖泊，水泊，血泊，梁山泊，羅布泊,湖
箔,箔,bog6
礴,礴,bog6
雹,雹,bog6
薄,薄,bog6
舶,舶,bog6/pag3
泊,泊,bog6/pag3,停泊，漂泊，泊位，淡泊,停船靠岸
梆,梆,bong1
幫,帮,bong1
邦,邦,bong1
綁,绑,bong2
膀,膀,bong2,肩膀，臂膀，翅膀
榜,榜,bong2
蒡,蒡,bong2
傍,傍,bong6
鎊,镑,bong6
磅,磅,bong6,磅秤，過磅，磅體重，磅一磅,稱重量的儀器；用磅秤稱重量；（量詞）英美製重量單位
晡,晡,bou1
保,保,bou2
鴇,鸨,bou2
堡,堡,bou2
圃,圃,bou2
寶,宝,bou2
葆,葆,bou2
補,补,bou2
褓,褓,bou2
佈,布,bou3
埔,埔,bou3
怖,怖,bou3
報,报,bou3
布,布,bou3
步,步,bou6
捕,捕,bou6
暴,暴,bou6
哺,哺,bou6
簿,簿,bou6
部,部,bou6
埠,埠,bou6/feo6
缽,钵,bud3,"","",鉢，砵
荸,荸,bud6
渤,渤,bud6
撥,拨,bud6
勃,勃,bud6
脖,脖,bud6
卜,卜,bug1
曝,曝,bug6
僕,仆,bug6
瀑,瀑,bug6
濮,濮,bug6
蹼,蹼,bug6
杯,杯,bui1,"","",盃
貝,贝,bui3
背,背,bui3,背部，背後，背景，背面，背影，背光，背脊，背叛，背棄，背約，背陰，背離，違背，駝背，後背，手背，紙背，背對着，背著臉，背地裡，背著人，背山面海，背井離鄉，背道而馳，背信棄義，背水一戰，腹背受敵，芒刺在背，汗流浹背，人心向背，力透紙背,（名詞）背部
輩,辈,bui3
狽,狈,bui3
背,背,bui3,背債，背負，背包，背槍，背黑鍋，背包袱，背小孩，背責任，背起來，背得起，背負重任,（動詞）用脊背馱東西,揹
鋇,钡,bui3
背,背,bui6,背書，背誦，背熟，背靜，很背，背運，背時，耳背，背聽，背台詞，手氣背，背街小巷,（動詞、形容詞）默念，記憶；偏僻；聽力不好
悖,悖,bui6
焙,焙,bui6
般,般,bun1,一般，那般，百般，萬般無奈，如此這般,種，樣，種類
搬,搬,bun1
本,本,bun2
畚,畚,bun2
苯,苯,bun2
半,半,bun3
拌,拌,bun6
叛,叛,bun6
絆,绊,bun6
畔,畔,bun6
胖,胖,bun6
伴,伴,bun6/pun2
甭,甭,bung3
啤,啤,bé1
唄,呗,bé6
碑,碑,béi1
卑,卑,béi1
裨,裨,béi1,裨益，無裨於事，大有裨益,補助
悲,悲,béi1
屄,屄,béi1
比,比,béi2
彼,彼,béi2
妣,妣,béi2
秕,秕,béi2
吡,吡,béi2,吡啶，吡咯,（音譯用字）一種有機化合物
匕,匕,béi2/béi3
臂,臂,béi3
痺,痹,béi3
秘,秘,béi3,"","",祕
泌,泌,béi3
庇,庇,béi3
轡,辔,béi3
鉍,铋,béi3
賁,贲,béi3,賁臨，賁然,裝飾美好，華麗，光潔
備,备,béi6
被,被,béi6,被動，被害，被迫
鼻,鼻,béi6
箆,箆,béi6
避,避,béi6
糒,糒,béi6
憊,惫,béi6/bai6
餅,饼,béng2,"",（語音）
柄,柄,béng3/bing3
病,病,béng6/bing6
差,差,ca1,差別，差異，差錯，差距，差勁，差點，偏差，時差，很差，差不多，差一點,不同，不同點，錯誤，缺，不好，不相合
叉,叉,ca1
杈,杈,ca1,"",一種叉形農具，用以堆柴草
岔,岔,ca3
杈,杈,ca3
詫,诧,ca3
衩,衩,ca3
姹,姹,ca3,"","",奼
杈,杈,ca3,杈子，樹杈,植物的分枝
汊,汊,ca3
碴,碴,ca4
茬,茬,ca4
查,查,ca4,查看，檢查,察看，核對
茶,茶,ca4
搽,搽,ca4
槎,槎,ca4
垞,垞,ca4
插,插,cab3
鍤,锸,cab3
刷,刷,cad3
獺,獭,cad3
擦,擦,cad3
察,察,cad3
唰,唰,cad3
礤,礤,cad3
剎,刹,cad3/sad3,剎那，古剎，剎那間,佛寺
拆,拆,cag3
冊,册,cag3
策,策,cag3
柵,栅,cag3
鰂,鲗,cag6
賊,贼,cag6
猜,猜,cai1
釵,钗,cai1
差,差,cai1,差遣，差役，差使，差事，兼差，出差，郵差，當差,派遣去作事
揣,揣,cai1,揣手，揣在懷裡，揣在兜裡,藏在衣服裡
搋,搋,cai1
踩,踩,cai2
踹,踹,cai2
蠆,虿,cai3
柴,柴,cai4
豺,豺,cai4
儕,侪,cai4
攙,搀,cam1
參,参,cam1,參加，參與，參見，參考，參閱，參觀，參軍，參賽,加入
摻,掺,cam1
慘,惨,cam2
懺,忏,cam3
杉,杉,cam3/sam1
慚,惭,cam4
讒,谗,cam4
饞,馋,cam4
蠶,蚕,cam4
餐,餐,can1
產,产,can2
鏟,铲,can2
燦,灿,can3
璨,璨,can3
粲,粲,can3
殘,残,can4
撐,撑,cang1
瞠,瞠,cang1
橙,橙,cang4/cang2
鋥,锃,cang6
抄,抄,cao1
鈔,钞,cao1
吵,吵,cao2
炒,炒,cao2
肏,肏,cao3,"","",操
巢,巢,cao4
葺,葺,ceb1
緝,缉,ceb1
輯,辑,ceb1
漆,漆,ced1
柒,柒,ced1
七,七,ced1
測,测,ceg1
惻,恻,ceg1
淒,凄,cei1
妻,妻,cei1
棲,栖,cei1
悽,悽,cei1
砌,砌,cei3
沏,沏,cei3
切,切,cei3,一切,所有的
齊,齐,cei4
薺,荠,cei4,荸薺,一種可供食用的草本植物
蠐,蛴,cei4
薺,荠,cei5,薺菜，其甘如薺,一種可入藥草本植物
侵,侵,cem1
棽,棽,cem1
參,参,cem1/cam1,參差，參差不齊,大小不一，不整齊的樣子
寢,寝,cem2
磣,碜,cem2
讖,谶,cem3/cam3
沉,沉,cem4,"","",沈
尋,寻,cem4
蕁,荨,cem4
鱘,鲟,cem4
蕈,蕈,cem5
親,亲,cen1,親戚，探親
嗔,嗔,cen1
瞋,瞋,cen1
診,诊,cen2
哂,哂,cen2
矧,矧,cen2
疹,疹,cen2
縝,缜,cen2/zen2
襯,衬,cen3
趁,趁,cen3
親,亲,cen3,親家，親家公，親家母,指兩家兒女相婚配的親戚關係
齔,龀,cen3
塵,尘,cen4
陳,陈,cen4
曾,曾,ceng4,曾經，未曾
層,层,ceng4
嶒,嶒,ceng4
鞦,秋,ceo1
抽,抽,ceo1
鰍,鳅,ceo1
秋,秋,ceo1
楸,楸,ceo1
丑,丑,ceo2
醜,丑,ceo2
瞅,瞅,ceo2
臭,臭,ceo3
糗,糗,ceo3
嗅,嗅,ceo3
湊,凑,ceo3
溴,溴,ceo3
惆,惆,ceo4
酬,酬,ceo4
綢,绸,ceo4
稠,稠,ceo4
疇,畴,ceo4
躊,踌,ceo4
囚,囚,ceo4
籌,筹,ceo4
泅,泅,ceo4
仇,仇,ceo4,"",（俗，姓）
儔,俦,ceo4
遒,遒,ceo4
初,初,co1
雛,雏,co1
芻,刍,co1
磋,磋,co1
搓,搓,co1
楚,楚,co2
礎,础,co2
憷,憷,co2
錯,错,co3,錯誤，犯錯
銼,锉,co3
挫,挫,co3
鋤,锄,co4
痤,痤,co4
坐,坐,co5,"",（口語）
錯,错,cog3,錯亂，交錯，錯雜，錯綜複雜，犬牙交錯
採,采,coi2
睬,睬,coi2
采,采,coi2
綵,彩,coi2
彩,彩,coi2
菜,菜,coi3
賽,赛,coi3
蔡,蔡,coi3
塞,塞,coi3,塞外，要塞，邊塞，關塞，塞翁失馬,邊界上的險要地方
材,材,coi4
裁,裁,coi4
才,才,coi4,"","",纔
財,财,coi4
滄,沧,cong1
創,创,cong1,創傷，創痕，創口，重創，刀創，重創敵軍,傷口，打擊
傖,伧,cong1
瘡,疮,cong1
蒼,苍,cong1
艙,舱,cong1
倉,仓,cong1
敞,敞,cong2
廠,厂,cong2
闖,闯,cong2
氅,氅,cong2
昶,昶,cong2
創,创,cong3,創辦，創建，創刊，創舉，首創,初次，開始做
藏,藏,cong4,躲藏，隱藏，收藏,躲，收好
床,床,cong4,"","",牀
幢,幢,cong4,幢幡，旗幢，人影幢幢,（古）旌旗的一種
操,操,cou1,操作，體操,拿，掌握，鍛煉，從事
粗,粗,cou1
草,草,cou2
措,措,cou3
糙,糙,cou3
醋,醋,cou3
躁,躁,cou3
燥,燥,cou3
噪,噪,cou3
造,造,cou3,造詣，造就，造訪，造次，深造，登峰造極,成就，培養，到，去，達到，前往
酢,酢,cou3,酬酢,醋
操,操,cou3/cou1,操行，操守，貞操，節操,品行，行為，德行，品格
曹,曹,cou4
嘈,嘈,cou4
漕,漕,cou4
槽,槽,cou4
螬,螬,cou4
搐,搐,cug1
束,束,cug1
矗,矗,cug1
蹙,蹙,cug1
畜,畜,cug1
簇,簇,cug1
蓄,蓄,cug1
促,促,cug1
速,速,cug1
簌,簌,cug1
蹴,蹴,cug1
齪,龊,cug1
亍,亍,cug1
俶,俶,cug1
觸,触,cug1/zug1
匆,匆,cung1
忡,忡,cung1
衝,冲,cung1
聰,聪,cung1
沖,冲,cung1
囪,囱,cung1
憧,憧,cung1
蔥,葱,cung1
涌,涌,cung1
充,充,cung1
樅,枞,cung1,樅樹，樅酸,（樹名）冷杉
驄,骢,cung1
衷,衷,cung1/zung1
寵,宠,cung2
冢,冢,cung2,"","",塚
從,从,cung4,從前，從來，從沒，從此，從事，從軍，從速，從簡，從寬，從嚴，跟從，服從，順從，從頭來過，力不從心,跟隨，依順，處理；由，自
叢,丛,cung4
重,重,cung4,重新，重複，重來，重疊，重建，重申，重演，重逢，重溫，重圍，重洋，重重，雙重，九重天，重整旗鼓，重蹈覆轍，重見天日，舊地重遊，捲土重來,再，另，又一次
松,松,cung4
琮,琮,cung4
蟲,虫,cung4
重,重,cung5,重量，重負，重擔，重金，重賞，重罰，重罪，重傷，重病，重聽，重型，重兵，輕重，深重，體重，淨重，舉重，繁重，超重，載重，比重，很重，重武器，避重就輕，舉足輕重，忍辱負重,分量大，數量多，程度深
奢,奢,cé1
車,车,cé1,汽車，馬車，公車，火車，紡車，水車，風車,指有輪子的運輸工具
俥,伡,cé1/gêu1
扯,扯,cé2
且,且,cé2
邪,邪,cé4,邪惡，邪門，邪說，邪念，無邪，中邪，風邪，邪魔外道，改邪歸正,不正當
斜,斜,cé4
輋,𪨶,cé4
尺,尺,cég3
赤,赤,cég3
呎,呎,cég3
齣,出,cêd1
出,出,cêd1
卓,卓,cêg3
戳,戳,cêg3
綽,绰,cêg3
辵,辵,cêg3
焯,焯,cêg3,焯菠菜,在開水中略煮一下
春,春,cên1
椿,椿,cên1
蠢,蠢,cên2
旬,旬,cên4
循,循,cên4
秦,秦,cên4
巡,巡,cên4
嗪,嗪,cên4
螓,螓,cên4
槍,枪,cêng1,"","",鎗
鯧,鲳,cêng1
嗆,呛,cêng1,嗆水，嗆著，夠嗆,食物進入氣管而引起咳嗽
昌,昌,cêng1
窗,窗,cêng1
戧,戗,cêng1,戧風，說戧了，說話戧人,逆，不順，方向相對；決裂，言語衝突
猖,猖,cêng1
菖,菖,cêng1
鏘,锵,cêng1
搶,抢,cêng1,搶風，搶眼，呼天搶地,觸，撞，觸碰，碰撞
倀,伥,cêng1
娼,娼,cêng1
搶,抢,cêng2,搶劫，搶奪，搶救，搶先，搶走，爭搶,奪取，硬拿
唱,唱,cêng3
戧,戗,cêng3,戧住，戧麵，夠戧，戧不住,支撐，支持，承受；填
悵,怅,cêng3
倡,倡,cêng3
暢,畅,cêng3
蹌,跄,cêng3
嗆,呛,cêng3,嗆人,刺激性的氣味使人呼吸感到難受
熗,炝,cêng3
鬯,鬯,cêng3
祥,祥,cêng4
牆,墙,cêng4,"","",墻
薔,蔷,cêng4
翔,翔,cêng4
腸,肠,cêng4
場,场,cêng4
戕,戕,cêng4
長,长,cêng4,長度，專長,（形容詞）
檣,樯,cêng4
詳,详,cêng4
萇,苌,cêng4
催,催,cêu1
炊,炊,cêu1
摧,摧,cêu1
吹,吹,cêu1
趨,趋,cêu1
崔,崔,cêu1
榱,榱,cêu1
衰,衰,cêu1,衰序，等衰,次序，等級
璀,璀,cêu1/cêu2
娶,娶,cêu2
取,取,cêu2
揣,揣,cêu2/qun2,揣測，揣度，揣摩，掙揣，不揣冒昧,估量，忖度；掙扎
脆,脆,cêu3
趣,趣,cêu3
啐,啐,cêu3
覷,觑,cêu3
翠,翠,cêu3
焠,焠,cêu3/sêu6
淬,淬,cêu3/sêu6
除,除,cêu4
槌,槌,cêu4
隋,隋,cêu4
捶,捶,cêu4,"","",搥
錘,锤,cêu4,"","",鎚
蜍,蜍,cêu4
徐,徐,cêu4
隨,随,cêu4
滁,滁,cêu4
打,打,da1,一打雞蛋，一打鉛筆,（量詞）指十二個
打,打,da2,打鼓，打掃，打更，打碎，打人，打架，打仗，打獵，打開，打賭，打算，敲打，拍打，攻打，毆打，打招呼，打擂台，打噴嚏，打呵欠，打草驚蛇，打抱不平，打退堂鼓，精打細算，一網打盡，趁火打劫，無精打采,拍，敲，捶，敲擊，拍打；也表示某些特定的動作、活動、行動等
搭,搭,dab3
耷,耷,dab3
答,答,dab3
瘩,瘩,dab3
踏,踏,dab6
蹋,蹋,dab6
沓,沓,dab6
靼,靼,dad3
妲,妲,dad3/tan2
達,达,dad6
繨,繨,dad6
噠,哒,dad6
薘,荙,dad6
呆,呆,dai1,呆子，書呆子，呆一會兒,發愣，死板，不靈活，不自然,獃
歹,歹,dai2
帶,带,dai3
戴,戴,dai3
大,大,dai6
擔,担,dam1,擔米，擔柴，擔水，擔當，擔心，擔負，擔任，擔憂，擔保，擔待，負擔，承擔，分擔，擔風險，擔當重任，擔負責任,用肩膀挑，負責，負起，承當；憂慮，記掛，操心
耽,耽,dam1
眈,眈,dam1
儋,儋,dam1
聃,聃,dam1
膽,胆,dam2
石,石,dam3,一石米,市制容量單位
擔,担,dam3,擔子，扁擔，重擔，貨郎擔，挑重擔，勇挑重擔，生活重擔,挑東西的工具；肩負的責任、工作、任務
氮,氮,dam6
淡,淡,dam6,淡忘，冷淡，平淡，淡月，淡季，淡淡地說,感情不深，不熱心；沒有意味；生意不興旺
澹,澹,dam6,澹災,消除
窞,窞,dam6
萏,萏,dam6
淡,淡,dam6/tam5,淡水，淡綠，淡酒，清淡,鹽份少，不鹹；某成分少，不濃
單,单,dan1,單薄，單獨，單純，單程，簡單，帳單，床單,一個，獨自，不複雜
鄲,郸,dan1
丹,丹,dan1
殫,殚,dan1
癉,瘅,dan1,癉瘧，癉熱,中醫指瘧疾的一種
彈,弹,dan2,彈頭，彈丸，彈弓，彈道，彈藥，子彈，導彈，炮彈，炸彈，中彈，原子彈，手榴彈,（口語）彈弓或槍械發射的小丸；炸彈之類的爆炸物
旦,旦,dan3
誕,诞,dan3
癉,瘅,dan3,癉惡，卒癉，彰善癉惡,憎恨
撢,掸,dan5,撢子，撢土，撢衣服，雞毛撢子,拂塵用具，以雞毛或不條作成；用撢子掃去灰塵,撣
撣,掸,dan5,撣撣,儆戒；恭敬
蛋,蛋,dan6
但,但,dan6
彈,弹,dan6,彈射，彈性，彈力，彈簧，彈指，彈跳，彈頭，彈丸，彈弓，彈道，彈藥，動彈，反彈，子彈，導彈，炮彈，炸彈，中彈，彈棉花，原子彈，手榴彈,（名詞）彈弓或槍械發射的小丸；炸彈之類的爆炸物；（動詞）物體由緊縮到伸展產生力量
憚,惮,dan6
疍,疍,dan6
突,突,ded6
凸,凸,ded6
吐,吐,ded6,吐谷渾,（中國古代少數民族）
德,德,deg1
得,得,deg1
特,特,deg6
低,低,dei1
磾,磾,dei1
抵,抵,dei2
柢,柢,dei2
底,底,dei2
骶,骶,dei2
詆,诋,dei2
邸,邸,dei2
碲,碲,dei3
帝,帝,dei3
蒂,蒂,dei3
締,缔,dei3
諦,谛,dei3
弟,弟,dei6
悌,悌,dei6
棣,棣,dei6
遞,递,dei6
第,第,dei6
隸,隶,dei6
逮,逮,dei6/doi6
墩,墩,den2,門墩，橋墩,厚而粗的木頭、石頭等
燉,炖,den6
燈,灯,deng1
蹬,蹬,deng1
登,登,deng1
噔,噔,deng1
等,等,deng2
凳,凳,deng3,"","",櫈
鐙,镫,deng3
磴,磴,deng3
鄧,邓,deng6
瞪,瞪,deng6/deng1
兜,兜,deo1
陡,陡,deo2
斗,斗,deo2
抖,抖,deo2
蚪,蚪,deo2
糾,纠,deo2/geo2
鬥,斗,deo3
竇,窦,deo6
痘,痘,deo6
逗,逗,deo6
讀,读,deo6,句讀,（古）文章裡停頓的地方
豆,豆,deo6/deo2
疊,叠,dib6
碟,碟,dib6
蝶,蝶,dib6
喋,喋,dib6
牒,牒,dib6
諜,谍,dib6
鰈,鲽,dib6
跌,跌,did3
耋,耋,did6
迭,迭,did6
秩,秩,did6
瓞,瓞,did6
嫡,嫡,dig1
滴,滴,dig1
的,的,dig1
迪,迪,dig6
狄,狄,dig6
翟,翟,dig6,墨翟,（古）長尾野雞的羽毛
滌,涤,dig6
敵,敌,dig6
荻,荻,dig6
掂,掂,dim1
點,点,dim2
店,店,dim3
玷,玷,dim3
惦,惦,dim3
踮,踮,dim3
顛,颠,din1
巔,巅,din1
癲,癫,din1
碘,碘,din1,碘酒
墊,垫,din2,墊子，椅墊，鞋墊，靠墊，草墊,（名詞）襯托的東西
典,典,din2
碘,碘,din2,"",化學元素53
墊,垫,din3,墊高，墊好，墊平，墊上，墊桌子,（動詞）襯托
靛,靛,din6
澱,淀,din6
電,电,din6
墊,垫,din6,墊錢，墊款,暫時替別人付款
佃,佃,din6
殿,殿,din6
甸,甸,din6
奠,奠,din6
丁,丁,ding1
仃,仃,ding1
汀,汀,ding1,"",（俗）
町,町,ding1
玎,玎,ding1
釘,钉,ding1/déng1
叮,叮,ding1/déng1
盯,盯,ding1/déng1
頂,顶,ding2
酊,酊,ding2
鼎,鼎,ding2
碇,碇,ding3
錠,锭,ding3/ding6
訂,订,ding3/ding6
定,定,ding6
啶,啶,ding6
雕,雕,diu1,"","",彫
貂,貂,diu1
叼,叼,diu1
鯛,鲷,diu1
凋,凋,diu1
刁,刁,diu1
丟,丢,diu1
碉,碉,diu1
鵰,雕,diu1
屌,屌,diu2
弔,吊,diu3,弔唁，弔孝，弔喪,祭奠死者
吊,吊,diu3,懸吊，吊橋，吊銷,懸掛，懸掛的；收回，扣留
釣,钓,diu3
銱,铞,diu3
掉,掉,diu6
調,调,diu6,調查，調動，調職，調遣，調離，調配，調子，曲調，腔調，低調，強調，聲調，論調，情調，步調，單調
多,多,do1
哆,哆,do1
跺,跺,do2,"","",跥
躲,躲,do2
嚲,亸,do2
埵,埵,do2
朵,朵,do2/dê2
剁,剁,do2/dêg3
馱,驮,do6,馱子，一馱糧，一馱貨,（名詞、量詞）用於牲口載的貨
惰,惰,do6
墮,堕,do6
度,度,dog6,忖度，揣度，測度，度德量力，以己度人,計算，推測，估計
鐸,铎,dog6
踱,踱,dog6
袋,袋,doi6
待,待,doi6
甙,甙,doi6
岱,岱,doi6
黛,黛,doi6
靆,叇,doi6
代,代,doi6
玳,玳,doi6
殆,殆,doi6/toi5
怠,怠,doi6/toi5
鐺,铛,dong1
噹,当,dong1
當,当,dong1,當下，當中，當然，當心，當時，當代，當眾，當兵，當官，當家，當初，當地，當頭，當局，當選，當道，當面，應當，擔當，敢當，正當，相當，當老師，不敢當,擔任，執掌，承擔，面向，阻攔，應該，正在
襠,裆,dong1
擋,挡,dong2
黨,党,dong2
檔,档,dong3
當,当,dong3,當成，當日，當真，當鋪，上當，不當，妥當，恰當，適當，失當，勾當，當作，便當，停當，典當,合適，抵得上，認為，作為，圈套，事情發生的同一時間，典押，抵押
蕩,荡,dong6
盪,荡,dong6
宕,宕,dong6
碭,砀,dong6
菪,菪,dong6
都,都,dou1
嘟,嘟,dou1
叨,叨,dou1,叨念，叨叨，嘮叨，絮叨，念叨，磨叨，絮絮叨叨,羅嗦，話多
刀,刀,dou1
倒,倒,dou2,倒塌，倒向，倒霉，倒閉，倒換，倒茶，倒水，倒胃口，摔倒，跌倒，顛倒，倒垃圾，排山倒海,豎立的東西落下來；轉換，更換，調轉；使容器裡的東西出來
賭,赌,dou2
堵,堵,dou2
搗,捣,dou2
島,岛,dou2
睹,睹,dou2
倒,倒,dou3,倒是，倒車，倒立，倒數，倒退，倒序，倒過來，倒不如，喝倒彩，倒背如流，本末倒置,相反的，反面的，位置弄反了的；向後；跟意料相反
妒,妒,dou3
蠹,蠹,dou3
到,到,dou3
盜,盗,dou6
稻,稻,dou6
杜,杜,dou6
導,导,dou6
蹈,蹈,dou6
度,度,dou6,度過，度假，度量，角度，溫度，長度，高度，進度，限度，制度，態度，風度，氣度，程度，再度，過度，年度，度量衡，度日如年，一年一度
渡,渡,dou6
悼,悼,dou6
道,道,dou6
鍍,镀,dou6
芏,芏,dou6
督,督,dug1
篤,笃,dug1
叾,叾,dug1
犢,犊,dug6
毒,毒,dug6
瀆,渎,dug6
黷,黩,dug6
牘,牍,dug6
獨,独,dug6
讀,读,dug6,讀書，閱讀,（動詞）看書
碡,碡,dug6
髑,髑,dug6
櫝,椟,dug6
冬,冬,dung1
氡,氡,dung1
東,东,dung1
咚,咚,dung1
懂,懂,dung2
董,董,dung2
踵,踵,dung2
凍,冻,dung3
棟,栋,dung3
慟,恸,dung6
胴,胴,dung6
恫,恫,dung6
洞,洞,dung6
侗,侗,dung6
動,动,dung6
爹,爹,dé1
嗲,嗲,dé2
糴,籴,dég6
笛,笛,dég6
地,地,déi6
咄,咄,dêd1,咄咄逼人,斥責，呵叱
啄,啄,dêg3
琢,琢,dêg3
斲,斫,dêg3,斲輪，斲喪,砍，削，雕
涿,涿,dêg3
墩,墩,dên1,土墩,量詞，也指土堆
蹲,蹲,dên1
惇,惇,dên1
敦,敦,dên1
遁,遁,dên6
頓,顿,dên6
鈍,钝,dên6
沌,沌,dên6
盹,盹,dên6
噸,吨,dên6
堆,堆,dêu1
對,对,dêu3
隊,队,dêu6
兌,兑,dêu6
奪,夺,düd6
端,端,dün1
短,短,dün2
鍛,锻,dün3
煅,煅,dün3
斷,断,dün3,斷定，斷案，斷然，診斷，下斷語，當機立斷,判斷，決定，判定，一定，絕對
段,段,dün6
緞,缎,dün6
斷,断,dün6,斷絕，斷電，斷交，斷奶，斷氣，割斷，截斷，繩子斷了,長形的東西折掉或從中間截開，隔絕，不繼續
啞,哑,eg1,啞啞，啞然失笑，笑之啞啞,（象聲詞）形容笑聲
厄,厄,eg1/ag1
扼,扼,eg1/ag1
幄,幄,eg1/ag1
握,握,eg1/ag1
渥,渥,eg1/ag1
齷,龌,eg1/ag1
哎,哎,ei1
唉,唉,ei1,唉聲歎氣,（歎詞）表示失望或無可奈何
矮,矮,ei2
唉,唉,ei3,"",（歎詞）表示傷感或惋惜
縊,缢,ei3
屭,屃,ei3,"","",屓
鵪,鹌,em1
庵,庵,em1
諳,谙,em1
黯,黯,em2
揞,揞,em2
暗,暗,em3
鶯,莺,eng1
罌,罂,eng1,罌粟,一種花
區,区,eo1,"",（姓）
歐,欧,eo1
鷗,鸥,eo1
甌,瓯,eo1
謳,讴,eo1
漚,沤,eo1,浮漚,水泡
嘔,呕,eo2
毆,殴,eo2/eo1
慪,怄,eo3
漚,沤,eo3,漚肥，漚田，漚麻,在水中長時間地浸泡以使起變化
凹,凹,eo3/neb1,凹透鏡，凹凸不平,窪下，跟“凸”相反
花,花,fa1
化,化,fa3
琺,珐,fad3
髮,发,fad3
法,法,fad3
發,发,fad3
快,快,fai3
塊,块,fai3
傀,傀,fai3
筷,筷,fai3
噲,哙,fai3
番,番,fan1,一番，輪番，三番五次,（量詞）種，樣，回，次，遍；更替，替換
旛,旛,fan1
幡,幡,fan1
翻,翻,fan1,"","",飜，繙
番,番,fan1,番人，番邦，番茄，番薯，番石榴,未開化的；外國的，外族的,蕃
反,反,fan2
返,返,fan2
犯,犯,fan2,戰犯，要犯，貪污犯,（名詞）犯罪的人
販,贩,fan3/fan2
泛,泛,fan3/fan6,"","",氾，汎
繁,繁,fan4
帆,帆,fan4
凡,凡,fan4
煩,烦,fan4
釩,钒,fan4
藩,藩,fan4
樊,樊,fan4
礬,矾,fan4
蕃,蕃,fan4,蕃茂，蕃昌,草木茂盛
璠,璠,fan4
梵,梵,fan4/fan6
瓣,瓣,fan6
飯,饭,fan6
範,范,fan6
犯,犯,fan6,犯錯，犯病，犯忌，犯不著,（動詞）
范,范,fan6
拂,拂,fed1
惚,惚,fed1
囫,囫,fed1
弗,弗,fed1
忽,忽,fed1
窟,窟,fed1
氟,氟,fed1
笏,笏,fed1
彿,佛,fed1
伐,伐,fed6
筏,筏,fed6
佛,佛,fed6
閥,阀,fed6
乏,乏,fed6
罰,罚,fed6
暉,晖,fei1
揮,挥,fei1
輝,辉,fei1
徽,徽,fei1
撝,撝,fei1
煇,煇,fei1
褘,袆,fei1
隳,隳,fei1
痱,痱,fei2
沸,沸,fei3
廢,废,fei3
肺,肺,fei3
費,费,fei3
狒,狒,fei3
吠,吠,fei6
婚,婚,fen1
薰,薰,fen1
氛,氛,fen1
紛,纷,fen1
分,分,fen1,分開，分別，分數，分裂，分明，分離，分出，分散，分隔，分辨，分割，分成，分手，分擔，分支，分局，分會，分校，分貝，分配，分鐘，分隊，分頭，區分，滿分，劃分，零分，分工作，分公司，一百分，百分之一，分清是非，分一杯羹，不分青紅皁白,把整體變成幾個局部的個體；辨別，區別，離別；（量詞）長度、時間、成績、錢等的單位
熏,熏,fen1
燻,熏,fen1
醺,醺,fen1
葷,荤,fen1
昏,昏,fen1
酚,酚,fen1
芬,芬,fen1
吩,吩,fen1
勳,勋,fen1,"","",勛
棻,棻,fen1
粉,粉,fen2
糞,粪,fen3
訓,训,fen3
墳,坟,fen4
焚,焚,fen4
汾,汾,fen4
憤,愤,fen5
奮,奋,fen5
忿,忿,fen5
份,份,fen6
分,分,fen6,分量，部分，成分，身分，過分，本分，名分，緣分，情分，糖分，養分,整體中的局部,份
否,否,feo2,否認，否定，否決，否則，是否，可否，與否,不然，反對，不同意
浮,浮,feo4
涪,涪,feo4
阜,阜,feo6
科,科,fo1
蝌,蝌,fo1
伙,伙,fo2
火,火,fo2
顆,颗,fo2
夥,伙,fo2
課,课,fo3
貨,货,fo3
攫,攫,fog3
霍,霍,fog3
藿,藿,fog3
矍,矍,fog3
方,方,fong1
荒,荒,fong1
芳,芳,fong1
慌,慌,fong1
坊,坊,fong1
肪,肪,fong1
邡,邡,fong1
謊,谎,fong1/fong2
恍,恍,fong2
幌,幌,fong2
紡,纺,fong2
訪,访,fong2
彷,仿,fong2,彷彿,好像，似乎
晃,晃,fong2
仿,仿,fong2,"","",倣
舫,舫,fong2
況,况,fong3
放,放,fong3
妨,妨,fong4
房,房,fong4
防,防,fong4
俘,俘,fu1
枯,枯,fu1
呼,呼,fu1
麩,麸,fu1
孵,孵,fu1
膚,肤,fu1
孚,孚,fu1
敷,敷,fu1
夫,夫,fu1
骷,骷,fu1
軤,轷,fu1
刳,刳,fu1
跗,跗,fu1
伕,伕,fu1
唬,唬,fu2
腑,腑,fu2
撫,抚,fu2
釜,釜,fu2
拊,拊,fu2
琥,琥,fu2
俯,俯,fu2
甫,甫,fu2
斧,斧,fu2
府,府,fu2
虎,虎,fu2
苦,苦,fu2
富,富,fu3
賦,赋,fu3
庫,库,fu3
副,副,fu3
褲,裤,fu3
絝,绔,fu3
戽,戽,fu3
芙,芙,fu4
乎,乎,fu4
扶,扶,fu4
符,符,fu4
苻,苻,fu4
婦,妇,fu5
腐,腐,fu6
仆,仆,fu6,前仆後繼,跌倒；以面伏地
赴,赴,fu6
負,负,fu6
附,附,fu6
輔,辅,fu6
父,父,fu6
訃,讣,fu6
咐,咐,fu6
付,付,fu6
傅,傅,fu6
鮒,鲋,fu6
駙,驸,fu6
闊,阔,fud3
複,复,fug1
輻,辐,fug1
覆,覆,fug1
福,福,fug1
幅,幅,fug1
馥,馥,fug1
蝮,蝮,fug1
蝠,蝠,fug1
腹,腹,fug1
伏,伏,fug6
袱,袱,fug6
復,复,fug6
服,服,fug6
茯,茯,fug6
宓,宓,fug6,"",（姓）
恢,恢,fui1
魁,魁,fui1
灰,灰,fui1
詼,诙,fui1
奎,奎,fui1/kwei1
鮪,鲔,fui2
悔,悔,fui3
誨,诲,fui3
晦,晦,fui3
髖,髋,fun1
貛,獾,fun1
寬,宽,fun1
歡,欢,fun1
款,款,fun2
豐,丰,fung1
瘋,疯,fung1
風,风,fung1
烽,烽,fung1
丰,丰,fung1
楓,枫,fung1
峰,峰,fung1,"","",峯
鋒,锋,fung1
蜂,蜂,fung1
封,封,fung1
犎,犎,fung1
酆,酆,fung1
諷,讽,fung3
逢,逢,fung4
馮,冯,fung4
縫,缝,fung4,縫紉，縫補，縫上，裁縫,（動詞）用針線連結
縫,缝,fung4/fung6,縫子，縫隙，裂縫，門縫,（名詞）空隙，細長的口子；接合的地方
鳳,凤,fung6
奉,奉,fung6
俸,俸,fung6/fung2
啡,啡,fé1
非,非,féi1
飛,飞,féi1
妃,妃,féi1
緋,绯,féi1
鯡,鲱,féi1
菲,菲,féi1,菲菲，芳菲,花草茂盛
蜚,蜚,féi1
扉,扉,féi1
霏,霏,féi1
斐,斐,féi2
翡,翡,féi2
匪,匪,féi2
誹,诽,féi2
榧,榧,féi2
悱,悱,féi2
菲,菲,féi2,妄自菲薄,微薄
腓,腓,féi4
肥,肥,féi4
加,加,ga1
珈,珈,ga1
迦,迦,ga1
家,家,ga1
枷,枷,ga1
袈,袈,ga1
伽,伽,ga1
傢,家,ga1
嘉,嘉,ga1
痂,痂,ga1
鎵,镓,ga1
噶,噶,ga1
豭,豭,ga1
茄,茄,ga1,雪茄,（音譯用字）
賈,贾,ga2,"",（姓）
架,架,ga2,架子，書架，衣架，骨架,用做支承的東西
尕,尕,ga2
假,假,ga2,假設，虛假，造假,（形容詞）
斝,斝,ga2
檟,槚,ga2
駕,驾,ga3
嫁,嫁,ga3
稼,稼,ga3
假,假,ga3,假期，放假，度假,（名詞）
咖,咖,ga3
價,价,ga3
架,架,ga3,架橋，打架，吵架，招架，綁架,支承；毆打，爭吵；抵擋；（量詞）指有架的東西
蛺,蛱,gab3
鉀,钾,gab3
頰,颊,gab3
甲,甲,gab3
餄,饸,gab3
莢,荚,gab3
夾,夹,gab3
胛,胛,gab3
郟,郏,gab3
岬,岬,gab3
袷,袷,gab3
嗑,嗑,gab3,嗑兒，嗑牙，嘮嗑，閒嗑,（方言）話
軋,轧,gad3,軋賬，軋朋友，人軋人,（方言）擠，結交，核對
骼,骼,gag3
膈,膈,gag3
革,革,gag3,革命，革新，革除，革履，革職，皮革，改革，變革，洗心革面,去毛加工的獸皮；改變，變更
格,格,gag3
胳,胳,gag3
嗝,嗝,gag3
鎘,镉,gag3
隔,隔,gag3
佳,佳,gai1
皆,皆,gai1
街,街,gai1
偕,偕,gai1
秸,秸,gai1
階,阶,gai1
解,解,gai2,解釋，解決，解答，解渴，解約，解數，瞭解，不解，瓦解，註解，渾身解數,分開，分裂，說明，打開，消除；手段，本事
蚧,蚧,gai2/gwai2
誡,诫,gai3
介,介,gai3
屆,届,gai3
尬,尬,gai3
界,界,gai3
戒,戒,gai3
芥,芥,gai3
疥,疥,gai3
解,解,gai3,解送，解款，押解，起解,押送
監,监,gam1,監督，監視，監聽，監獄，監牢
緘,缄,gam1
尷,尴,gam1/gam3
減,减,gam2
監,监,gam3,太監
鑑,鉴,gam3,"","",鑒
奸,奸,gan1
間,间,gan1,時間，空間，房間，中間，期間，之間，人間，洗手間，剎那間,時空的段落；兩個事物之中；地方，處所
姦,奸,gan1
艱,艰,gan1
柬,柬,gan2
揀,拣,gan2
簡,简,gan2
繭,茧,gan2
鐧,锏,gan2
鹼,碱,gan2,"","",礆，硷
筧,笕,gan2
間,间,gan3,間接，間斷，間諜，間隔，間隙，間或，相間，反間，挑撥離間，親密無間,空隙；分隔，隔開；挑撥，分化，使人不和
諫,谏,gan3
澗,涧,gan3
間,間,gan3,時間,（俗）
耕,耕,gang1
更,更,gang1,打更，三更半夜，更深人靜,（口語）一夜的五分之一的時間
膠,胶,gao1
茭,茭,gao1
郊,郊,gao1
蛟,蛟,gao1
交,交,gao1
跤,跤,gao1
鮫,鲛,gao1
皎,皎,gao2
佼,佼,gao2
鉸,铰,gao2,鉸孔，鉸開，鉸開，鉸接,（動詞）用剪刀剪或切削
絞,绞,gao2
攪,搅,gao2
姣,姣,gao2
狡,狡,gao2
餃,饺,gao2
搞,搞,gao2
較,较,gao3
鉸,铰,gao3,鉸刀，鉸鏈,（名詞）剪刀；合頁
窖,窖,gao3
覺,觉,gao3,睡覺，午覺,（名詞）指睡眠
教,教,gao3,"","",敎
校,校,gao3,校對，校正，校改，校訂，校官，校勘，校稿，校樣，將校，上校，中校，少校,糾正，訂正，改正；一種軍銜
滘,滘,gao3
酵,酵,gao3/hao1
急,急,geb1
鴿,鸽,geb3
蛤,蛤,geb3,蛤蜊，蛤蚧
蓋,盖,geb3,"",（姓）
吉,吉,ged1
訖,讫,ged1
紇,纥,ged1,紇繨,紗線、織物等打成的結
桔,桔,ged1
嘎,嘎,ged3
疙,疙,ged6
雞,鸡,gei1,"","",鷄
笄,笄,gei1
計,计,gei3
髻,髻,gei3
薊,蓟,gei3
繼,继,gei3
炔,炔,gei3,"",（姓）
偈,偈,gei6,偈語，偈子，偈頌，佛偈,佛經中的唱詞
金,金,gem1
柑,柑,gem1
今,今,gem1
甘,甘,gem1
苷,苷,gem1
禁,禁,gem1,不禁，禁不起，情不自禁,承受，忍住，忍耐
泔,泔,gem1
感,感,gem2
敢,敢,gem2
橄,橄,gem2
錦,锦,gem2
禁,禁,gem3,禁止，禁忌，嚴禁,不准，不許
贛,赣,gem3
淦,淦,gem3
噤,噤,gem3
筋,筋,gen1,"","",觔
跟,跟,gen1
根,根,gen1
巾,巾,gen1
斤,斤,gen1
哏,哏,gen1
緊,紧,gen2
堇,堇,gen2
謹,谨,gen2
僅,仅,gen2
饉,馑,gen2
瑾,瑾,gen2
靳,靳,gen3
艮,艮,gen3
覲,觐,gen3/gen2
近,近,gen6
庚,庚,geng1
更,更,geng1,更改，更換，更衣，更動，更新，更正，變更，打更，更迭，更生，更定,改變；經歷；一夜的五分之一的時間
羹,羹,geng1
粳,粳,geng1
賡,赓,geng1
梗,梗,geng2
耿,耿,geng2
亙,亘,geng2
埂,埂,geng2
哽,哽,geng2
鯁,鲠,geng2/keng2
更,更,geng3,更好，更加，更快，更多，更上一層樓,再，又，越發
鬮,阄,geo1
佝,佝,geo1
龜,龟,geo1,龜茲,（古）國名
鳩,鸠,geo1/keo1
韭,韭,geo2
枸,枸,geo2,枸杞
苟,苟,geo2
狗,狗,geo2
久,久,geo2
九,九,geo2
玖,玖,geo2
灸,灸,geo3
夠,够,geo3
咎,咎,geo3
柩,柩,geo3
究,究,geo3
疚,疚,geo3
救,救,geo3
詬,诟,geo3
垢,垢,geo3
廄,厩,geo3
舊,旧,geo6
劫,劫,gib3,"","",刦，刼，刧
潔,洁,gid3
結,结,gid3
拮,拮,gid3
傑,杰,gid6
桀,桀,gid6
偈,偈,gid6,"",勇武
棘,棘,gig1
激,激,gig1
擊,击,gig1
戟,戟,gig1
亟,亟,gig1
殛,殛,gig1
革,革,gig1,病革,急，危急
極,极,gig6
兼,兼,gim1
鶼,鹣,gim1
搛,搛,gim1
撿,捡,gim2
瞼,睑,gim2
檢,检,gim2
劍,剑,gim3
儉,俭,gim6
堅,坚,gin1
肩,肩,gin1
犍,犍,gin1,犍牛,閹割過的公牛
鰹,鲣,gin1
蹇,蹇,gin2
腱,腱,gin3
建,建,gin3
見,见,gin3
健,健,gin6
件,件,gin6
鍵,键,gin6
驚,惊,ging1
荊,荆,ging1
兢,兢,ging1
涇,泾,ging1
經,经,ging1
矜,矜,ging1
京,京,ging1
景,景,ging2
境,境,ging2
警,警,ging2
竟,竟,ging2
儆,儆,ging2
憬,憬,ging2
璟,璟,ging2
徑,径,ging3
敬,敬,ging3
勁,劲,ging3,使勁，差勁，費勁，不對勁,力氣，效力，興趣
逕,径,ging3,"","",迳
競,竞,ging6
勁,劲,ging6,勁敵，強勁,堅強有力
痙,痉,ging6
嬌,娇,giu1
驕,骄,giu1
澆,浇,giu1/hiu1
矯,矫,giu2
繳,缴,giu2
皦,皦,giu2
叫,叫,giu3
撬,撬,giu6
轎,轿,giu6
仡,仡,go1
哥,哥,go1
歌,歌,go1
旮,旮,go1/gog3
菏,菏,go1/ho4
個,个,go3
割,割,god3
葛,葛,god3
咯,咯,gog1,咯噔，咯吱，咯咯，咯咯笑,（象聲詞）形容笑聲
各,各,gog3
角,角,gog3
擱,搁,gog3
閣,阁,gog3
覺,觉,gog3,覺得，感覺,（動詞）指感想、發覺
桷,桷,gog3
珏,珏,gog3
硌,硌,gog3/kag3,硌腳，硌牙,（動詞）碰到堅硬的東西而覺得不舒服
該,该,goi1
賅,赅,goi1
改,改,goi2
蓋,盖,goi3,蓋子，鋪蓋，瓶蓋，膝蓋，鍋蓋，杯蓋,（名詞）
乾,干,gon1,乾淨，擦乾
杆,杆,gon1
肝,肝,gon1
竿,竿,gon1
干,干,gon1,干涉，干擾，干係
擀,擀,gon2
趕,赶,gon2
桿,杆,gon2
幹,干,gon3,幹部，樹幹
缸,缸,gong1
罡,罡,gong1
肛,肛,gong1
江,江,gong1
綱,纲,gong1
岡,冈,gong1
崗,岗,gong1
剛,刚,gong1
茳,茳,gong1
講,讲,gong2
港,港,gong2
絳,绛,gong3
鋼,钢,gong3
降,降,gong3,降落，降價，下降
槓,杠,gong3
高,高,gou1
糕,糕,gou1
膏,膏,gou1
羔,羔,gou1
睾,睾,gou1
皋,皋,gou1
稿,稿,gou2
槁,槁,gou2
鎬,镐,gou2,鎬頭，鐵鎬,刨土的工具
縞,缟,gou2
杲,杲,gou2
藁,藁,gou2
鋯,锆,gou3
告,告,gou3
郜,郜,gou3
誥,诰,gou6
姑,姑,gu1
沽,沽,gu1
蛄,蛄,gu1
軲,轱,gu1
咕,咕,gu1
孤,孤,gu1
辜,辜,gu1
菇,菇,gu1,"","",菰
觚,觚,gu1
菰,菰,gu1,"",茭白
蠱,蛊,gu2
鈷,钴,gu2
牯,牯,gu2
賈,贾,gu2,商賈,指商人或買賣
古,古,gu2
估,估,gu2
鼓,鼓,gu2
股,股,gu2
詁,诂,gu2
僱,雇,gu3,"","",雇
顧,顾,gu3
錮,锢,gu3
故,故,gu3
固,固,gu3
谷,谷,gug1
鵠,鹄,gug1
轂,毂,gug1
穀,谷,gug1
掬,掬,gug1
鞠,鞠,gug1
梏,梏,gug1
嚳,嚳,gug1
菊,菊,gug1
局,局,gug6
焗,焗,gug6
鋦,锔,gug6
冠,冠,gun1,冠冕，桂冠,（名詞）指帽子
官,官,gun1
棺,棺,gun1
觀,观,gun1,觀察，觀摩，觀念，樂觀，參觀，壯觀，奇觀，客觀，靜觀其變，走馬觀花,看，看法，樣子，景象
莞,莞,gun1,莞草,（姓、植物名）
倌,倌,gun1
管,管,gun2
館,馆,gun2
莞,莞,gun2,東莞,（地名）
脘,脘,gun2
鸛,鹳,gun3
冠,冠,gun3,冠軍，奪冠，冠以,（動詞）指戴帽子或加上名號，也指競賽中獲得第一名
灌,灌,gun3
盥,盥,gun3
罐,罐,gun3
貫,贯,gun3
觀,观,gun3,道觀，樓觀,道教的寺廟
蚣,蚣,gung1
恭,恭,gung1
供,供,gung1,供給，供應，供水，供電，供詞，提供，口供，招供，自供，逼供，錄供,把東西給需要的人使用；向別人提供某種條件；受審的人交代案情
弓,弓,gung1
龔,龚,gung1
躬,躬,gung1
宮,宫,gung1
功,功,gung1
工,工,gung1
攻,攻,gung1
公,公,gung1
鞏,巩,gung2
拱,拱,gung2
珙,珙,gung2
栱,栱,gung2
貢,贡,gung3
供,供,gung3,供奉，供品，供桌，供佛，供職，供事，上供，擺供,把香燭或祭品設在牌位等處以表示敬奉；從事，擔任
共,共,gung6
呱,呱,gwa1,呱呱叫
瓜,瓜,gwa1
寡,寡,gwa2
呱,呱,gwa2,拉呱兒,（方言）閒談
掛,挂,gwa3
卦,卦,gwa3
褂,褂,gwa3
刮,刮,gwad3
颳,刮,gwad3
摑,掴,gwag3
乖,乖,gwai1
拐,拐,gwai2
柺,柺,gwai2
蒯,蒯,gwai2
怪,怪,gwai3
關,关,gwan1
鰥,鳏,gwan1
摜,掼,gwan3
慣,惯,gwan3
橘,橘,gwed1,"","",桔
骨,骨,gwed1
汩,汩,gwed1
倔,倔,gwed6
掘,掘,gwed6
崛,崛,gwed6
龜,龟,gwei1
硅,硅,gwei1
閨,闺,gwei1
歸,归,gwei1
圭,圭,gwei1
瑰,瑰,gwei1,瑰麗
鮭,鲑,gwei1
皈,皈,gwei1
珪,珪,gwei1
晷,晷,gwei2
鬼,鬼,gwei2
軌,轨,gwei2
詭,诡,gwei2
簋,簋,gwei2
癸,癸,gwei3
瑰,瑰,gwei3,玫瑰
季,季,gwei3
桂,桂,gwei3
悸,悸,gwei3
貴,贵,gwei3
炅,炅,gwei3,"",（姓）
劌,刿,gwei3
櫃,柜,gwei6
饋,馈,gwei6
跪,跪,gwei6
簣,篑,gwei6
筠,筠,gwen1,"",（地名）
君,君,gwen1
鈞,钧,gwen1
軍,军,gwen1
均,均,gwen1
綸,纶,gwen1,綸巾,青絲帶
鋆,鋆,gwen1,"",（人名用字）
錕,锟,gwen1
鯤,鲲,gwen1
莙,莙,gwen1
龜,龟,gwen1,龜裂,皮膚音寒冷乾燥而開裂
滾,滚,gwen2
鯀,鲧,gwen2
棍,棍,gwen3
郡,郡,gwen6
珺,珺,gwen6
薨,薨,gweng1
肱,肱,gweng1
訇,訇,gweng1
轟,轰,gweng1
虢,虢,gwig1
隙,隙,gwig1/kwing1
炯,炯,gwing2
迥,迥,gwing2
炅,炅,gwing2,"",日光，光明，明亮，熱
戈,戈,gwo1
裹,裹,gwo2
果,果,gwo2,"","",菓
過,过,gwo3
郭,郭,gwog3
膕,腘,gwog3
國,国,gwog3
幗,帼,gwog3
槨,椁,gwog3
蟈,蝈,gwog3
廓,廓,gwog3/kwog3
胱,胱,gwong1
光,光,gwong1
桄,桄,gwong1,桄榔,一種常綠喬木
獷,犷,gwong2
廣,广,gwong2
誑,诳,gwong2
桄,桄,gwong3,桄子，線桄兒,指桄子，一種繞線器具
飢,饥,géi1,"","",饑
基,基,géi1
乩,乩,géi1
箕,箕,géi1
奇,奇,géi1,奇數，奇偶，有奇,單的，單數的
肌,肌,géi1
畸,畸,géi1
姬,姬,géi1
犄,犄,géi1
磯,矶,géi1
譏,讥,géi1
嘰,叽,géi1
覊,羁,géi1,"","",羈
几,几,géi1,茶几，窗明几淨,矮小的桌子
畿,畿,géi1
璣,玑,géi1
機,机,géi1
幾,几,géi1,幾乎,非常接近
期,期,géi1,期年，期月,一週年，一整月
紀,纪,géi2,紀實，世紀，紀錄片
幾,几,géi2,幾何，幾個，幾點,表示二到九之間不確定的數目
己,己,géi2
杞,杞,géi2
覬,觊,géi3
紀,纪,géi3,紀念,（又音）
寄,寄,géi3
既,既,géi3
記,记,géi3
妓,妓,géi6
芰,芰,géi6
技,技,géi6
伎,伎,géi6
忌,忌,géi6
驚,惊,géng1,"",（語音）
頸,颈,géng2
鏡,镜,géng3
鋸,锯,gê3/gêu3
腳,脚,gêg3
僵,僵,gêng1
羌,羌,gêng1
殭,僵,gêng1
蜣,蜣,gêng1
薑,姜,gêng1
韁,缰,gêng1
疆,疆,gêng1
姜,姜,gêng1
強,强,gêng6,強嘴，倔強,執拗，固執，不屈服，不聽勸，強硬不屈,犟
糨,糨,gêng6
居,居,gêu1
据,据,gêu1
車,车,gêu1,車馬炮，丟卒保車,象棋棋子的一種
車,车,gêu1,車騎，車駕，車笠，車僕，車馬，車服，車徒，車轍，車師，車右，輔車，車同軌，車在馬前，車怠馬煩，車殆馬煩，車水馬龍，車笠之盟，車載斗量，車馬喧闐，車馬殷闐，車騎將軍，前車之鑑，輔車相依，輔車脣齒，輕車熟路，杯水車薪，學富五車，安步當車，老牛破車，螳臂當車，閉門造車,（用於古漢語）
琚,琚,gêu1
裾,裾,gêu1
舉,举,gêu2
矩,矩,gêu2
櫸,榉,gêu2
蒟,蒟,gêu2
齲,龋,gêu2
莒,莒,gêu2
枸,枸,gêu2,枸櫞,一種植物
踞,踞,gêu3
據,据,gêu3
句,句,gêu3
詎,讵,gêu6
懼,惧,gêu6
炬,炬,gêu6
鉅,巨,gêu6
遽,遽,gêu6
巨,巨,gêu6
具,具,gêu6
颶,飓,gêu6
苣,苣,gêu6
秬,秬,gêu6
捐,捐,gün1
鵑,鹃,gün1
娟,娟,gün1
涓,涓,gün1
蠲,蠲,gün1
卷,卷,gün2
捲,卷,gün2
絹,绢,gün3
券,券,gün3,獎券，贈券,（俗）
眷,眷,gün3
鄄,鄄,gün3
倦,倦,gün6
圈,圈,gün6,豬圈，羊圈，牛圈,養豬羊等牲畜的柵欄
哈,哈,ha1
蝦,虾,ha1
遐,遐,ha4
瑕,瑕,ha4
蛤,蛤,ha4,蛤蟆，癩蛤蟆
霞,霞,ha4
夏,夏,ha6
下,下,ha6
暇,暇,ha6
廈,厦,ha6,"","",厦
呷,呷,hab3
嗑,嗑,hab3,嗑破，嗑瓜子,咬有殼等的硬東西
掐,掐,hab3
匣,匣,hab6
柙,柙,hab6
篋,箧,hab6
狎,狎,hab6
峽,峡,hab6
狹,狭,hab6/hab3
俠,侠,hab6/heb6
赫,赫,hag1
嚇,吓,hag3
客,客,hag3
揩,揩,hai1
嗨,嗨,hai1
咳,咳,hai1,"",（歎詞）表示驚訝、惋惜、後悔
孩,孩,hai4
諧,谐,hai4
骸,骸,hai4
鞋,鞋,hai4
駭,骇,hai5
獬,獬,hai5
蟹,蟹,hai5
懈,懈,hai6
械,械,hai6
解,解,hai6,解縣,（姓、地名）
瀣,瀣,hai6
邂,邂,hai6/hai5
喊,喊,ham3
函,函,ham4
涵,涵,ham4
鹹,咸,ham4
咸,咸,ham4
銜,衔,ham4
啣,啣,ham4
檻,槛,ham5
陷,陷,ham6
餡,馅,ham6
閒,闲,han4,"","",閑
癇,痫,han4
嫺,娴,han4,"","",嫻
限,限,han6
夯,夯,hang1
坑,坑,hang1
行,行,hang4,"",走（用於口語）
哮,哮,hao1
敲,敲,hao1
烤,烤,hao1/hao2
考,考,hao2,"","",攷
巧,巧,hao2
拷,拷,hao2
栲,栲,hao2
孝,孝,hao3
校,校,hao6,校長，校園，校址，校舍，學校，母校，夜校,教學的地方
効,効,hao6
效,效,hao6
傚,傚,hao6
恰,恰,heb1
洽,洽,heb1
合,合,heb6,"","",閤
磕,磕,heb6
盒,盒,heb6
瞌,瞌,heb6
闔,阖,heb6
頜,颌,heb6
嗑,嗑,heb6,噬嗑,六十四卦之一
乞,乞,hed1
瞎,瞎,hed6
轄,辖,hed6
閡,阂,hed6
劾,劾,hed6
檄,檄,hed6
齕,龁,hed6
紇,纥,hed6,回紇,古代少數民族名稱
搳,搳,hed6
核,核,hed6/wed6
克,克,heg1
刻,刻,heg1
黑,黑,heg1
氪,氪,heg1
剋,克,heg1
可,可,heg1,可汗
奚,奚,hei4
兮,兮,hei4
鼷,鼷,hei4
蹊,蹊,hei4,蹊徑，山蹊,小路
係,系,hei6
繫,系,hei6
系,系,hei6
勘,勘,hem1,勘誤，勘正，校勘,校對，核定
蚶,蚶,hem1
龕,龛,hem1
戡,戡,hem1
堪,堪,hem1
憨,憨,hem1
坩,坩,hem1
砍,砍,hem2
坎,坎,hem2
崁,崁,hem3
磡,磡,hem3
勘,勘,hem3,勘探，勘驗，勘測，推勘,細查，審查
瞰,瞰,hem3
嵌,嵌,hem3/hem6
含,含,hem4
酣,酣,hem4
晗,晗,hem4
頷,颔,hem5
撼,撼,hem6
憾,憾,hem6
很,很,hen2
狠,狠,hen2
懇,恳,hen2
墾,垦,hen2
痕,痕,hen4
恨,恨,hen6
鏗,铿,heng1
哼,哼,heng1,哼唱，哼歌，哼出來,（動詞）低聲歌唱
亨,亨,heng1
莖,茎,heng1/ging3
肯,肯,heng2
啃,啃,heng2
桁,桁,heng4
恆,恒,heng4
衡,衡,heng4
姮,姮,heng4
珩,珩,heng4
行,行,heng4,行走，行軍，行李，行銷，行灶，行商，行營，行禮，行文，行裝，行篋，行頭，進行，通行，發行，風行，另行，即行，舉行，實行，日行千里，見機行事,走
行,行,heng4/hong4,行輩，排行,兄弟姐妹長幼的次序
悻,悻,heng6
杏,杏,heng6
幸,幸,heng6
倖,幸,heng6
婞,婞,heng6
行,行,heng6,言行，品行，罪行，德行，操行，道行，行將，不行，行了，真行,足以表明品質的舉止行動；可以；能幹；快要；僧道修行的功夫
齁,齁,heo1
口,口,heo2
吼,吼,heo3
猴,猴,heo4
侯,侯,heo4
喉,喉,heo4
篌,篌,heo4
瘊,瘊,heo4
厚,厚,heo5
後,后,heo6
逅,逅,heo6
后,后,heo6
鱟,鲎,heo6
候,候,heo6
堠,堠,heo6
脅,胁,hib3
歉,歉,hib3
協,协,hib3
怯,怯,hib3
挾,挟,hib3/hab6
愜,惬,hib6
歇,歇,hid3
蠍,蝎,hid3
謙,谦,him1
險,险,him2
芡,芡,him3
欠,欠,him3
掀,掀,hin1
牽,牵,hin1
軒,轩,hin1
騫,骞,hin1
遣,遣,hin2
顯,显,hin2
譴,谴,hin2
蜆,蚬,hin2
繾,缱,hin2
獻,献,hin3
憲,宪,hin3
兄,兄,hing1
卿,卿,hing1
興,兴,hing1,興建，興奮，興盛，興旺，興隆，興衰，興起，振興，復興，中興，時興，新興,發動，創辦，昌盛，旺盛，流行
馨,馨,hing1
氫,氢,hing1
輕,轻,hing1/héng1
磬,磬,hing3
罄,罄,hing3
興,兴,hing3,興趣，興致，高興，掃興，雅興，助興，盡興，即興，乘興，敗興，興高采烈,喜愛的情緒
慶,庆,hing3
脛,胫,hing5/ging3
僥,侥,hiu1
鴞,鸮,hiu1
驍,骁,hiu1
梟,枭,hiu1
囂,嚣,hiu1
橇,橇,hiu1/cêu3
曉,晓,hiu2
竅,窍,hiu3/kiu3
哼,哼,hng6,"",（歎詞）表示不滿，懷疑，輕蔑，威脅，怨恨
苛,苛,ho1
訶,诃,ho1
呵,呵,ho1
可,可,ho2,可以，寧可
坷,坷,ho2
岢,岢,ho2
嗬,嗬,ho2
何,何,ho4
河,河,ho4
荷,荷,ho4,荷花，荷塘，荷包，荷蘭，薄荷，荷爾蒙,蓮花
賀,贺,ho6
荷,荷,ho6,負荷，荷載，荷重，電荷，感荷,扛，背，負擔，承受
渴,渴,hod3
喝,喝,hod3
鞨,鞨,hod3
褐,褐,hod3
殼,壳,hog3
貉,貉,hog6
鶴,鹤,hog6
學,学,hog6
開,开,hoi1
咍,咍,hoi1
鐦,锎,hoi1
愷,恺,hoi2
海,海,hoi2
鎧,铠,hoi2
凱,凯,hoi2
闓,闿,hoi2
剴,剀,hoi2
塏,垲,hoi2
害,害,hoi6
亥,亥,hoi6
氦,氦,hoi6
看,看,hon1,看門，看家，看羊，看管，看守，看護，看押，看待,守護，監視，監管，照管，照顧，放牧
侃,侃,hon2
罕,罕,hon2
刊,刊,hon2/hon1
看,看,hon3,看見，看書，看病，看望，看戲，看脈，察看，觀看，好看，看電影，看得起，試試看，看風使舵，刮目相看，另眼相看,瞧，注視，觀察，拜訪，探望
漢,汉,hon3
韓,韩,hon4
邯,邯,hon4
鼾,鼾,hon4
寒,寒,hon4
汗,汗,hon4,可汗
旱,旱,hon5
悍,悍,hon6
瀚,瀚,hon6
捍,捍,hon6
汗,汗,hon6,汗水，流汗
翰,翰,hon6
焊,焊,hon6
匡,匡,hong1
康,康,hong1
糠,糠,hong1
腔,腔,hong1
劻,劻,hong1
誆,诓,hong1
眶,眶,hong1/kwang1
筐,筐,hong1/kwang1
慷,慷,hong2/kong2
行,行,hong4,行列，行家，行市，同行，外行，車行，單行，雙行，幾行字,行列，排；職業
航,航,hong4
杭,杭,hong4
降,降,hong4,降服，投降,向敵人屈服
吭,吭,hong4
沆,沆,hong4
項,项,hong6
行,行,hong6,行行，樹行子,剛強的樣子；排成行列的樹木
巷,巷,hong6/hong2
蒿,蒿,hou1
薅,薅,hou1
好,好,hou2,好處，好聽，好漢，良好,（形容詞）有利的，使人滿意的
犒,犒,hou3
好,好,hou3,好客，好奇，嗜好，癖好,（動詞）喜愛，喜歡
耗,耗,hou3
蠔,蠔,hou4
豪,豪,hou4
嗥,嗥,hou4
壕,壕,hou4
毫,毫,hou4
嚎,嚎,hou4
號,号,hou4,號叫，號啕，號哭，呼號,（動詞）高聲叫喊
濠,濠,hou4
昊,昊,hou6
浩,浩,hou6
號,号,hou6,號碼，符號，記號,（名詞）標記，名稱
鎬,镐,hou6,"",（地名）西周的國都
灝,灏,hou6
皓,皓,hou6
顥,颢,hou6
哭,哭,hug1
酷,酷,hug6
槲,槲,hug6
匈,匈,hung1
凶,凶,hung1
箜,箜,hung1
崆,崆,hung1
胸,胸,hung1
洶,汹,hung1
兇,凶,hung1,"","",凶
空,空,hung1
哄,哄,hung1,哄傳，哄動，哄然，哄勸，亂哄哄，哄堂大笑，哄抬物價,許多人同時發出喧譁聲或大笑聲
恐,恐,hung2
孔,孔,hung2
哄,哄,hung3,哄騙，哄孩子,逗弄，用假話騙人
控,控,hung3
哄,哄,hung3,哄騙，哄人，哄孩子,逗弄，用假話騙人
烘,烘,hung3/hung1
鬨,哄,hung3/hung6,鬨鬧，起鬨，一鬨而散,喧鬧，笑鬧
虹,虹,hung4
熊,熊,hung4
洪,洪,hung4
雄,雄,hung4
鴻,鸿,hung4
紅,红,hung4
蕻,蕻,hung4,雪裡蕻,一種花
訌,讧,hung4/hung3
蕻,蕻,hung6,菜蕻,茂盛的樣子
汞,汞,hung6/hung3,"","",銾
吃,吃,hég3,"","",喫
嘿,嘿,héi1
烯,烯,héi1
禧,禧,héi1
熙,熙,héi1
嬉,嬉,héi1
曦,曦,héi1
犧,牺,héi1
稀,稀,héi1
羲,羲,héi1
醯,醯,héi1
欷,欷,héi1
希,希,héi1
嘻,嘻,héi1
唏,唏,héi1
欺,欺,héi1
熹,熹,héi1
浠,浠,héi1
娸,娸,héi1
豨,豨,héi1
喜,喜,héi2
豈,岂,héi2
起,起,héi2
囍,囍,héi2
憩,憩,héi3
戲,戏,héi3
器,器,héi3
汽,汽,héi3
棄,弃,héi3
氣,气,héi3
靴,靴,hê1
香,香,hêng1
鄉,乡,hêng1
享,享,hêng2
響,响,hêng2
饗,飨,hêng2
餉,饷,hêng2
晌,晌,hêng2
蠁,蠁,hêng2
向,向,hêng3
嚮,向,hêng3
墟,墟,hêu1
吁,吁,hêu1
噓,嘘,hêu1
虛,虚,hêu1
歔,歔,hêu1
盱,盱,hêu1
詡,诩,hêu2
許,许,hêu2
栩,栩,hêu2
煦,煦,hêu2/hêu3
去,去,hêu3
血,血,hüd3
圈,圈,hün1,圈子，圈套，圈點，圈選，圓圈，花圈，繞圈，項圈,環形的東西
萱,萱,hün1
喧,喧,hün1
暄,暄,hün1
壎,埙,hün1,"","",塤
禤,禤,hün1
禢,禢,hün1
犬,犬,hün2
畎,畎,hün2
勸,劝,hün3
券,券,hün3,獎券，贈券
絢,绚,hün3
綣,绻,hün3
蜘,蜘,ji1
脂,脂,ji1
支,支,ji1
枝,枝,ji1
姿,姿,ji1
咨,咨,ji1
滋,滋,ji1
孜,孜,ji1
茲,兹,ji1,今茲，來茲，茲啟者，茲事體大，念茲在茲,此，這個，現在，此時，此地
吱,吱,ji1,吱聲，咯吱，嘎吱，吱吱叫，吱吱響，不吱聲，吱嘍嘍，吱的一聲,（象聲詞）尖細的聲音，小動物的叫聲；發出聲音
輜,辎,ji1
肢,肢,ji1
芝,芝,ji1
齜,龇,ji1
諮,谘,ji1
之,之,ji1
知,知,ji1
貲,赀,ji1
資,资,ji1
鼒,鼒,ji1,"",上端口斂而口小的鼎
淄,淄,ji1
氏,氏,ji1,閼氏，月氏
祗,祗,ji1,祗仰，祗候，祗待，祗候光臨，祗請尊安,恭敬
鯔,鲻,ji1
梔,栀,ji1
孳,孳,ji1
仔,仔,ji1,仔肩,責任，負擔
卮,卮,ji1
子,子,ji2
止,止,ji2
只,只,ji2,"","",祗
指,指,ji2
紙,纸,ji2
旨,旨,ji2
紫,紫,ji2
址,址,ji2
籽,籽,ji2
滓,滓,ji2
梓,梓,ji2
咫,咫,ji2
姊,姊,ji2
仔,仔,ji2,仔細，仔密,小心，細心
祉,祉,ji2
酯,酯,ji2
趾,趾,ji2
芷,芷,ji2
秭,秭,ji2
致,致,ji3
輊,轾,ji3
至,至,ji3
緻,致,ji3
質,质,ji3,質押，質當，人質,用人或財物作抵押品
誌,志,ji3
志,志,ji3
置,置,ji3
摯,挚,ji3
智,智,ji3
痣,痣,ji3
躓,踬,ji3
贄,贽,ji3
識,识,ji3,標識，款識，博聞強識,標記，記號
恣,恣,ji3/qi3
祀,祀,ji6
巳,巳,ji6
雉,雉,ji6
字,字,ji6
痔,痔,ji6
俟,俟,ji6,俟機，俟候,等待，等候
治,治,ji6
自,自,ji6
稚,稚,ji6
飼,饲,ji6
嗣,嗣,ji6
耜,耜,ji6
伺,伺,ji6,伺機，伺便，伺探，窺伺,觀察，探察，偵候
彘,彘,ji6
兕,兕,ji6
寺,寺,ji6/ji2
峙,峙,ji6/qi5
豸,豸,ji6/zai6
楫,楫,jib3
摺,折,jib3
褶,褶,jib3
囁,嗫,jib3
輒,辄,jib3
浹,浃,jib3
接,接,jib3
唧,唧,jid1
浙,浙,jid3
節,节,jid3
蜇,蜇,jid3
癤,疖,jid3
櫛,栉,jid3
哲,哲,jid3,"","",喆
婕,婕,jid3
折,折,jid3
截,截,jid6
睫,睫,jid6
捷,捷,jid6
職,职,jig1
稷,稷,jig1
鯽,鲫,jig1
即,即,jig1
積,积,jig1
織,织,jig1
跡,迹,jig1,"","",蹟
績,绩,jig1
陟,陟,jig1
漬,渍,jig1/ji3
瘠,瘠,jig3
炙,炙,jig3/zég3
脊,脊,jig3/zég3
直,直,jig6
藉,藉,jig6,狼藉，草藉，枕藉，慰藉，蘊藉，杯盤狼藉,墊，襯；墊在下面的東西；凌亂，雜亂的樣子；（書）踐踏，凌辱，侮辱
值,值,jig6
席,席,jig6
植,植,jig6
殖,殖,jig6
籍,籍,jig6
寂,寂,jig6
矽,矽,jig6
汐,汐,jig6
夕,夕,jig6
埴,埴,jig6
褯,褯,jig6
借,借,jig6/zé3,借口,假托，利用
蓆,蓆,jig6/zég6
瞻,瞻,jim1
占,占,jim1
詹,詹,jim1
譫,谵,jim1
尖,尖,jim1
沾,沾,jim1
霑,沾,jim1,霑水，黃霑,（多用於人名）浸濕
佔,占,jim3
漸,渐,jim6
煎,煎,jin1
箋,笺,jin1
羶,膻,jin1,"","",羴
氈,毡,jin1,"","",氊
栴,栴,jin1
鸇,鹯,jin1
展,展,jin2
輾,辗,jin2
碾,碾,jin2,碾米，碾碎,（俗）
剪,剪,jin2
翦,翦,jin2
搌,搌,jin2
戩,戬,jin2
闡,阐,jin2/qin2
箭,箭,jin3
顫,颤,jin3
濺,溅,jin3
戰,战,jin3
餞,饯,jin3
薦,荐,jin3
賤,贱,jin6
征,征,jing1
怔,怔,jing1
徵,征,jing1
正,正,jing1,正月，新正,農曆每年的第一月
旌,旌,jing1
晶,晶,jing1
精,精,jing1
禎,祯,jing1
鉦,钲,jing1
貞,贞,jing1
菁,菁,jing1
偵,侦,jing1
蒸,蒸,jing1
睛,睛,jing1
烝,烝,jing1
癥,症,jing1
箐,箐,jing1
楨,桢,jing1
整,整,jing2
井,井,jing2/zéng2
症,症,jing3
證,证,jing3,"","",証
正,正,jing3,正式，正常，正當，正經，正面，正義，正門，正好，正派，修正，改正，糾正，端正，公正，純正，方正,不偏斜的，不歪斜的，符合規範的，符合標準方向的
政,政,jing3
幀,帧,jing3
靖,靖,jing6
靜,静,jing6
淨,净,jing6
靚,靓,jing6,靚衣，靚妝,妝飾或打扮艷麗、美好
婧,婧,jing6
阱,阱,jing6/zéng6
椒,椒,jiu1
朝,朝,jiu1,朝夕，朝氣，今朝，朝思暮想,早晨
焦,焦,jiu1
礁,礁,jiu1
蕉,蕉,jiu1
招,招,jiu1
沼,沼,jiu2
剿,剿,jiu2
照,照,jiu3
詔,诏,jiu3
醮,醮,jiu3
召,召,jiu6,召喚，號召,呼喚，招致
趙,赵,jiu6
嚼,嚼,jiu6,倒嚼，反嚼，回嚼,反芻
侏,侏,ju1
諸,诸,ju1
朱,朱,ju1
銖,铢,ju1
誅,诛,ju1
茱,茱,ju1
珠,珠,ju1
豬,猪,ju1
蛛,蛛,ju1
株,株,ju1
主,主,ju2
煮,煮,ju2
拄,拄,ju2
渚,渚,ju2
駐,驻,ju3
蛀,蛀,ju3
著,著,ju3,土著,（俗）世居本地的人
註,注,ju3
著,著,ju3,著作，著名，著書，著者，著稱，著述，名著，原著，譯著，巨著，新著，大著，遺著，論著，編著，撰著，專著，顯著，卓著，昭著，著作權，著書立說，彰明較著，臭名昭著，見微知著,顯出，明顯；寫作；文章，書，小說等
注,注,ju3
炷,炷,ju3
鑄,铸,ju3
住,住,ju6
箸,箸,ju6
輟,辍,jud3
拙,拙,jud3
啜,啜,jud3
茁,茁,jud3
咄,咄,jud3,咄咄逼人,（俗）斥責，呵叱
掇,掇,jud3
絕,绝,jud6
磚,砖,jun1
顓,颛,jun1
尊,尊,jun1
專,专,jun1
鱒,鳟,jun1/jun3
鐫,镌,jun1/zên3
轉,转,jun2,"",（及物動詞）
纂,纂,jun2
傳,传,jun2,傳記，自傳，外傳，別傳，列傳，經傳，紀傳體，不見經傳,（口語）記載某人一生事跡的文字
撙,撙,jun2
轉,转,jun3,"",（不及物動詞）
鑽,钻,jun3,鑽石，電鑽，鑽戒,（名詞）穿孔的工具；鑽石
鑽,钻,jun3/jun1,鑽井，鑽孔，鑽研,（動詞）穿孔；深入研究
傳,传,jun6,傳記，自傳，外傳，別傳，列傳，經傳，紀傳體，不見經傳,記載某人一生事跡的文字
喀,喀,ka1
卡,卡,ka1,卡車，卡通，卡規，卡尺，大卡，卡路里，卡賓槍,（音譯用字）
卡,卡,ka2/ka1,卡住，卡緊，卡子，關卡，髮卡，稅卡,夾在中間不能活動；夾子
髂,髂,ka3
卡,卡,kad1,卡片，刷卡，磁卡，信用卡，借書卡，資料卡,卡片的簡稱
揢,揢,kag3
咯,咯,kag3,咯血，咯痰,嘔，吐
楷,楷,kai2
蒈,蒈,kai2
鍇,锴,kai2/gai1
銬,铐,kao3
靠,靠,kao3
岌,岌,keb1
給,给,keb1
吸,吸,keb1
汲,汲,keb1
笈,笈,keb1
級,级,keb1
歙,歙,keb1,"",收斂，吸氣
及,及,keb6
芨,芨,keb6/geb1
咳,咳,ked1,咳嗽，乾咳
稽,稽,kei1,滑稽，稽查，稽留，稽延，稽核，無稽之談，反脣相稽,停留，延遲，考核，計較
溪,溪,kei1
嵇,嵇,kei1/hei4
啟,启,kei2,"","",啓
稽,稽,kei2,稽首,（古）一種類似磕頭的跪拜禮
契,契,kei3
襟,襟,kem1
衾,衾,kem1
噙,噙,kem4
禽,禽,kem4
擒,擒,kem4
琴,琴,kem4,"","",琹
妗,妗,kem5
勤,勤,ken4
芹,芹,ken4
近,近,ken5,"",（口語）
摳,抠,keo1
篝,篝,keo1/geo1
溝,沟,keo1/geo1
叩,叩,keo3
扣,扣,keo3
寇,寇,keo3
釦,扣,keo3
蔻,蔻,keo3
構,构,keo3/geo3
媾,媾,keo3/geo3
購,购,keo3/geo3
裘,裘,keo4
毬,毬,keo4
球,球,keo4
求,求,keo4
仇,仇,keo4,"",（姓）
虯,虬,keo4
犰,犰,keo4
逑,逑,keo4
璆,璆,keo4
俅,俅,keo4
銶,𨱇,keo4
舅,舅,keo5/keo3
臼,臼,keo5/keo3
黠,黠,kid3
孑,孑,kid3
揭,揭,kid3
詰,诘,kid3
羯,羯,kid3
竭,竭,kid3
鍥,锲,kid3
頡,颉,kid3
碣,碣,kid3
劼,劼,kid3
擷,撷,kid3/gid3
黔,黔,kim4
鉗,钳,kim4
虔,虔,kin4
掮,掮,kin4
乾,乾,kin4,乾坤，乾宅,八卦之一
犍,犍,kin4,犍為縣,（地名）
傾,倾,king1
頃,顷,king2
瓊,琼,king4
擎,擎,king4
鯨,鲸,king4
黥,黥,king4
蹺,跷,kiu1/hiu1,蹺著腳，蹺蹺板,墊起腳後跟走
蹺,跷,kiu2,高蹺，踩高蹺
翹,翘,kiu3/hiu3,翹尾巴，翹起來,一端向上揚起，突起，高起
僑,侨,kiu4
橋,桥,kiu4
翹,翘,kiu4,翹首，翹望,舉起，抬起，向上
蕎,荞,kiu4
喬,乔,kiu4
蹺,跷,kiu5,蹺腿，蹺大拇指,抬起，豎起
確,确,kog3
榷,榷,kog3
郝,郝,kog3
恪,恪,kog3
慤,悫,kog3
壑,壑,kog3
涸,涸,kog3
丐,丐,koi3
溉,溉,koi3
鈣,钙,koi3
慨,慨,koi3
蓋,盖,koi3,蓋上，蓋好，蓋世，蓋章，覆蓋，遮蓋，涵蓋，蓋被子，蓋房子，蓋不住,（動詞）
概,概,koi3
愾,忾,koi3
欬,欬,koi3
扛,扛,kong1
亢,亢,kong3
抗,抗,kong3
伉,伉,kong3
擴,扩,kong3,擴散，擴大,（俗）
炕,炕,kong3
閌,闶,kong3
鵟,𫛭,kong4
箍,箍,ku1
豁,豁,kud3
聒,聒,kud3
蛞,蛞,kud3
括,括,kud3
曲,曲,kug1
麴,曲,kug1
劊,刽,kui2
賄,贿,kui2
潰,溃,kui2
獪,狯,kui2
聵,聩,kui2
繪,绘,kui2
膾,脍,kui2
鱠,鲙,kui2
儈,侩,kui2
檜,桧,kui2
澮,浍,kui2
鄶,郐,kui2
會,会,kui2/wui6,會計，會計師,總計，會計
窮,穷,kung4
穹,穹,kung4
邛,邛,kung4
垮,垮,kwa1
夸,夸,kwa1
誇,夸,kwa1
侉,侉,kwa2
胯,胯,kwa3
跨,跨,kwa3
挎,挎,kwa3
框,框,kwang1/hong1
逛,逛,kwang3
虧,亏,kwei1
窺,窥,kwei1
盔,盔,kwei1
規,规,kwei1
巋,岿,kwei1
畦,畦,kwei4
攜,携,kwei4
睽,睽,kwei4
馗,馗,kwei4
喹,喹,kwei4
暌,暌,kwei4
夔,夔,kwei4
葵,葵,kwei4
逵,逵,kwei4
揆,揆,kwei4/kwei5
愧,愧,kwei5
坤,坤,kwen1,"","",堃
昆,昆,kwen1
崑,昆,kwen1
髡,髡,kwen1
晜,晜,kwen1
焜,焜,kwen1/wen6
菌,菌,kwen2
捆,捆,kwen2,"","",綑
困,困,kwen3
窘,窘,kwen3
睏,困,kwen3
群,群,kwen4,"","",羣
裙,裙,kwen4
擴,扩,kwog3,擴散，擴大
曠,旷,kwong3
纊,纩,kwong3
壙,圹,kwong3
礦,矿,kwong3/kong3
鄺,邝,kwong3/kong3
狂,狂,kwong4
茄,茄,ké2,茄子，番茄,一種蔬菜
騎,骑,ké4,騎馬，騎車，騎牆,指騎馬，也泛指兩腿跨在東西上
瘸,瘸,ké4
屐,屐,kég6
劇,剧,kég6
崎,崎,kéi1
蹊,蹊,kéi1/kei1,蹊蹺，蹺蹊,奇怪，可疑
暨,暨,kéi3
冀,冀,kéi3
驥,骥,kéi3
騎,骑,kéi3,騎士，騎兵，騎哨，輕騎，鐵騎，坐騎，車騎，騎從，騎手，單騎，邊騎，探騎，突騎，胡騎，驍騎，梟騎，驃騎，精騎，騎置，驛騎，一騎，千騎,指馬兵，騎兵，或騎馬的人
耆,耆,kéi4
鰭,鳍,kéi4
俟,俟,kéi4,万俟,（姓）
旗,旗,kéi4
奇,奇,kéi4,奇怪，奇蹟，奇兵，稀奇，驚奇，不足為奇,特別，怪異，罕見，特殊，不尋常
岐,岐,kéi4
棋,棋,kéi4
琪,琪,kéi4
旂,旂,kéi4
琦,琦,kéi4
歧,歧,kéi4
淇,淇,kéi4
祈,祈,kéi4
其,其,kéi4
萁,萁,kéi4
麒,麒,kéi4
期,期,kéi4,期間，期限，期待，期望，期刊，期末，期滿，時期，到期，長期，假期，定期，星期，如期，過期，學期，週期，初期，不期而遇，遙遙無期,限定的時間
祺,祺,kéi4
祁,祁,kéi4
蘄,蕲,kéi4
祇,祇,kéi4,神祇,（古）地神,祗
錡,锜,kéi4
圻,圻,kéi4,"",邊界，地界；方圓千里之地
企,企,kéi5
卻,却,kêg3
噱,噱,kêg6
強,强,kêng4,強壯，強大，堅強,有力
強,强,kêng5,強迫，強求，勉強，牽強，強詞奪理，強人所難，牽強附會,硬要，迫使，勉強
羥,羟,kêng5
襁,襁,kêng5
區,区,kêu1,"",區域，地區
拘,拘,kêu1
驅,驱,kêu1
俱,俱,kêu1
軀,躯,kêu1
嶇,岖,kêu1
祛,祛,kêu1
駒,驹,kêu1
胠,胠,kêu1
袪,袪,kêu1
璩,璩,kêu4
蠼,蠼,kêu4,"","",蠷
瞿,瞿,kêu4
渠,渠,kêu4
衢,衢,kêu4
朐,朐,kêu4
劬,劬,kêu4
距,距,kêu5
拒,拒,kêu5
獗,獗,küd3
決,决,küd3
訣,诀,küd3
缺,缺,küd3
抉,抉,küd3
蹶,蹶,küd3
厥,厥,küd3
孓,孓,küd3
蕨,蕨,küd3
撅,撅,küd3,"","",噘
闕,阙,küd3
玦,玦,küd3
闋,阕,küd3
炔,炔,küd3,炔烴，乙炔
橛,橛,küd3/güd6
蜷,蜷,kün4
顴,颧,kün4
拳,拳,kün4
權,权,kün4
鬈,鬈,kün4
啦,啦,la1
喇,喇,la1,喇嘛,藏傳佛教的僧侶
拉,拉,la1,拉話，拉閒，拉家常，拉呱兒，拉舌頭,閒談
喇,喇,la3,喇叭,一種管樂器
立,立,lab6
蠟,蜡,lab6
垃,垃,lab6
臘,腊,lab6
砬,砬,lab6
鱲,𫚭,lab6
邋,邋,lab6/lad6
辣,辣,lad6
拉,拉,lad6,拉開，拉下，拉口子，拉下一塊肉，拉了一個口子,用刀割，切開，割開，切斷，劃破
拉,拉,lai1,拉車，拉扯，拉長，拉開，拉攏，拉鋸，拉貨，拉倒，拉拔，拉屎，拖拉，拉關係，拉生意，拉交情，拉買賣，拉警報，拉肚子，拉胡琴，拉二胡，拉下水，手拉手，拉手風琴，拉小提琴,拖，扯，拔，拽，牽引
癩,癞,lai3
賴,赖,lai6
籟,籁,lai6
落,落,lai6,落下，丟三落四,丟下，遺漏，忘了拿，被丟在後面
籃,篮,lam4
襤,褴,lam4
婪,婪,lam4
藍,蓝,lam4
嵐,岚,lam4
覽,览,lam5
攬,揽,lam5
欖,榄,lam5
纜,缆,lam6
濫,滥,lam6
艦,舰,lam6
蘭,兰,lan4
襴,襕,lan4
斕,斓,lan4
欄,栏,lan4
攔,拦,lan4
闌,阑,lan4
瀾,澜,lan4
懶,懒,lan5
爛,烂,lan6
冷,冷,lang5
撈,捞,lao4,撈魚，撈取，撈起，撈麵，打撈，捕撈，撈魚蝦，撈稻草，水中撈月，海底撈針,將東西從水中取出來
笠,笠,leb1
甩,甩,led1
勒,勒,leg6/lag6
肋,肋,leg6/lag6
鰳,鳓,leg6/lag6
藜,藜,lei4
犂,犂,lei4
黎,黎,lei4
犁,犁,lei4
黧,黧,lei4
蠡,蠡,lei4/lei5
禮,礼,lei5
鱧,鳢,lei5
醴,醴,lei5
澧,澧,lei5
勵,励,lei6
麗,丽,lei6
蠣,蛎,lei6
厲,厉,lei6
例,例,lei6
礪,砺,lei6
荔,荔,lei6
儷,俪,lei6
癘,疠,lei6
林,林,lem4
啉,啉,lem4
淋,淋,lem4
琳,琳,lem4
霖,霖,lem4
臨,临,lem4
凜,凛,lem5
懍,懔,lem5
嘍,喽,leo1
摟,搂,leo2
瀏,浏,leo4
榴,榴,leo4
婁,娄,leo4
流,流,leo4
琉,琉,leo4
劉,刘,leo4
螻,螻,leo4
樓,楼,leo4
硫,硫,leo4
僂,偻,leo4
髏,髅,leo4
瘤,瘤,leo4
留,留,leo4
騮,骝,leo4
鎏,鎏,leo4
簍,篓,leo5
柳,柳,leo5
綹,绺,leo5
蹓,蹓,leo6
陋,陋,leo6
漏,漏,leo6
溜,溜,leo6,溜冰，溜達，溜走，溜圓，溜光，溜槽，溜狗，滑溜，水溜，大溜，簷溜，溜滑梯，溜冰場，溜旱冰，光溜溜，圓溜溜，酸溜溜，烏溜溜，順口溜，一溜煙，隨大溜，溜鬚拍馬,滑行，平滑，無阻礙；急流，房簷滴下的水；（量詞）條，排
餾,馏,leo6
遛,遛,leo6
鏤,镂,leo6
哩,哩,li1,哩哩啦啦,零零散散或斷斷續續的樣子
獵,猎,lib6
鬣,鬣,lib6
裂,裂,lid6
烈,烈,lid6
列,列,lid6
捩,捩,lid6
冽,冽,lid6
鴷,䴕,lid6
靂,雳,lig1
礫,砾,lig1
櫪,枥,lig1
櫟,栎,lig1,櫟樹,一種落葉喬木
瀝,沥,lig1/lig6
力,力,lig6
歷,历,lig6
曆,历,lig6
酈,郦,lig6
令,令,lim1,一令紙,（量詞）
簾,帘,lim4
帘,帘,lim4
鐮,镰,lim4
廉,廉,lim4
臉,脸,lim5
殮,殓,lim5
蘞,蔹,lim5
斂,敛,lim6
襝,裣,lim6,"","",斂
瀲,潋,lim6
鏈,链,lin4
連,连,lin4
蓮,莲,lin4
漣,涟,lin4
憐,怜,lin4
鰱,鲢,lin4
輦,辇,lin5
攆,撵,lin5
煉,炼,lin6,"","",鍊
練,练,lin6
綾,绫,ling4
稜,棱,ling4
羚,羚,ling4
苓,苓,ling4
呤,呤,ling4
櫺,櫺,ling4
翎,翎,ling4
菱,菱,ling4
零,零,ling4
鈴,铃,ling4
靈,灵,ling4
鯪,鲮,ling4
玲,玲,ling4
囹,囹,ling4
凌,凌,ling4
齡,龄,ling4
聆,聆,ling4
陵,陵,ling4
令,令,ling4,令狐,（複姓）
伶,伶,ling4
蛉,蛉,ling4
崚,崚,ling4
領,领,ling5/léng5
嶺,岭,ling5/léng5
令,令,ling6,命令，口令,使，使得；上級的指示；季節
另,另,ling6
愣,愣,ling6,"","",楞
溜,溜,liu1,溜走，溜開，偷溜，溜課，溜工，溜掉，開溜，溜回家，溜之大吉,偷偷地走開
撩,撩,liu1,撩開，撩起，撩水，撩起來，撩裙子，撩起門簾，撩上點水,提，掀起；用手灑水
溜,溜,liu1,溜走，溜開，溜之大吉,偷偷地走開
撂,撂,liu1
嘹,嘹,liu4
繚,缭,liu4
遼,辽,liu4
僚,僚,liu4
鐐,镣,liu4
獠,獠,liu4
寮,寮,liu4
瞭,了,liu4,明瞭，瞭如指掌,明白，清楚
瞭,瞭,liu4,瞭望，瞭望台,遠遠地望，從高處遠望
燎,燎,liu4
撩,撩,liu4,撩撥，撩惹，撩人，撩逗，撩動，花香撩人,挑弄，招惹，引逗，挑逗
療,疗,liu4
聊,聊,liu4
寥,寥,liu4
瞭,了,liu5,瞭解，一目瞭然
釕,钌,liu5,釕銱兒,扣住門窗等的鐵片
蓼,蓼,liu5,"",一種植物
了,了,liu5,了得，了斷，了結，了賬，了卻，走了，終了，未了，聰了，了了，了不起，了不得，看完了，說過了，做好了，辦得了，做得了，受不了，動不了，來不了，了卻心願，了無新意，了無生趣，一了百了，不了了之，沒完沒了,結束，完全，全然；（動詞後）可能；（語助詞）表示動作已完成
潦,潦,liu5/liu2
料,料,liu6
廖,廖,liu6
尥,尥,liu6
釕,钌,liu6,"",金屬元素，符號Ru
囉,囉,lo1
咯,咯,lo1,當然咯,（語氣助詞）
旯,旯,lo1/log3
裸,裸,lo2
玀,猡,lo4
邏,逻,lo4
羅,罗,lo4
鑼,锣,lo4
籮,箩,lo4
蘿,萝,lo4
螺,螺,lo4/lo2
絡,络,log3
烙,烙,log3
鉻,铬,log3
餎,饹,log3
珞,珞,log3
酪,酪,log3
硌,硌,log3,"",（名詞）山上的大石
洛,洛,log3/log6
駱,骆,log3/log6
樂,乐,log6,樂趣，樂意，快樂，取樂,歡喜，快活
落,落,log6,落下，墜落
咯,咯,log6,吡咯,一種有機化合物
萊,莱,loi4
來,来,loi4
徠,徕,loi4
淶,涞,loi4
崍,崃,loi4
睞,睐,loi6
賚,赉,loi6
耒,耒,loi6/lêu6
啷,啷,long1
郎,郎,long2,令郎，大郎,（舊）稱別人的兒子
狼,狼,long4
瑯,琅,long4
郎,郎,long4,郎君，郎中，新郎，情郎，牛郎，女郎，郎才女貌,稱年輕男子
廊,廊,long4
螂,螂,long4
鋃,锒,long4
榔,榔,long4
莨,莨,long4,莨菪,一種多年生草本植物
閬,阆,long4,閌閬，閬閬,高大，空曠
朗,朗,long5
晾,晾,long6
浪,浪,long6
蒗,蒗,long6
閬,阆,long6,閬中，閬苑,（地名）
撈,捞,lou1,撈錢，撈本，撈一把，撈油水，撈外快，撈資本，撈了一筆,用不正當的手段取得
嚕,噜,lou1
佬,佬,lou2
臚,胪,lou4
癆,痨,lou4
顱,颅,lou4
盧,卢,lou4
爐,炉,lou4
廬,庐,lou4
勞,劳,lou4,勞動，勞累，勞駕，功勞，疲勞，操勞，勤勞，不勞而獲，吃苦耐勞,辛勤，努力，勤苦做事
牢,牢,lou4
醪,醪,lou4
蘆,芦,lou4
轤,轳,lou4
嘮,唠,lou4
鱸,鲈,lou4
瀘,泸,lou4
櫨,栌,lou4
老,老,lou5
姥,姥,lou5
擄,掳,lou5
魯,鲁,lou5
鹵,卤,lou5
虜,虏,lou5
滷,卤,lou5,"","",鹵
櫓,橹,lou5
露,露,lou6
璐,璐,lou6
路,路,lou6
澇,涝,lou6
鷺,鹭,lou6
勞,劳,lou6,勞軍，勞兵，犒勞，慰勞,慰問，慰勉辛苦或有功勞的人
賂,赂,lou6
輅,辂,lou6
潞,潞,lou6
嫪,嫪,lou6
麓,麓,lug1
轆,辘,lug1
碌,碌,lug1,碌碌，忙碌，庸碌，勞碌，一骨碌,繁忙，繁雜；平凡，沒有才能
祿,禄,lug6
戮,戮,lug6
氯,氯,lug6
六,六,lug6
錄,录,lug6
碌,碌,lug6,碌碡,一種石製的農具
陸,陆,lug6
綠,绿,lug6
鹿,鹿,lug6
漉,漉,lug6
琭,琭,lug6
蓼,蓼,lug6,"",形容植物長大的樣子
隆,隆,lung4
龍,龙,lung4
窿,窿,lung4
籠,笼,lung4,籠子，鳥籠，蒸籠，燈籠,（名詞）指籠子
嚨,咙,lung4
聾,聋,lung4
矓,眬,lung4
朧,胧,lung4
瓏,珑,lung4
曨,昽,lung4
蘢,茏,lung4
礱,砻,lung4
籠,笼,lung5,籠罩，籠統，籠絡,（動詞）指遮住，像籠子一樣罩住
攏,拢,lung5
壟,垄,lung5
隴,陇,lung5
弄,弄,lung6
咧,咧,lé1,"",（助詞）了，啦
哩,哩,lé1,"",（助詞）呢
咧,咧,lé2,咧嘴，咧著嘴笑,嘴巴斜著張開
璃,璃,léi1,玻璃
喱,喱,léi1
縭,缡,léi4
璃,璃,léi4,琉璃
罹,罹,léi4
狸,狸,léi4,"","",貍
梨,梨,léi4
蜊,蜊,léi4
漓,漓,léi4
鱺,鲡,léi4
離,离,léi4
釐,厘,léi4
籬,篱,léi4
驪,骊,léi4
瓈,瓈,léi4
琍,琍,léi4
俚,俚,léi5
履,履,léi5
李,李,léi5
里,里,léi5
鯉,鲤,léi5
鋰,锂,léi5
邐,逦,léi5
理,理,léi5
娌,娌,léi5
哩,哩,léi5,"",英美制長度單位
利,利,léi6
吏,吏,léi6
莉,莉,léi6
蒞,莅,léi6
俐,俐,léi6
痢,痢,léi6
猁,猁,léi6
詈,詈,léi6
靚,靓,léng3,靚仔，靚女,（方言）漂亮，好看
鷸,鹬,lêd6,"",（俗）
慄,栗,lêd6
傈,傈,lêd6
律,律,lêd6
率,率,lêd6,比率，利率，效率，頻率，功率，稅率，速率，圓周率，百分率,一定的標準、準則或比例
栗,栗,lêd6
篥,篥,lêd6
溧,溧,lêd6
略,略,lêg6,"","",畧
掠,掠,lêg6
卵,卵,lên2
麟,麟,lên4
遴,遴,lên4
磷,磷,lên4
論,论,lên4,論語，論孟,《論語》的簡稱
粼,粼,lên4
嶙,嶙,lên4
鱗,鳞,lên4
倫,伦,lên4
崙,仑,lên4
掄,抡,lên4
璘,璘,lên4
淪,沦,lên4
侖,仑,lên4
圇,囵,lên4
輪,轮,lên4
鄰,邻,lên4
綸,纶,lên4,滌綸，腈綸，垂綸,人工合成纖維
論,论,lên6,論文，論點，討論，理論，言論，談論，評論，相對論，一概而論，無論如何，相提並論
吝,吝,lên6
躪,躏,lên6
藺,蔺,lên6
兩,两,lêng2,銀兩，斤兩，半斤八兩,（重量單位）,両
梁,梁,lêng4,"","",樑
涼,凉,lêng4
量,量,lêng4,量杯，量地，考量，商量，測量，估量，衡量，端量，思量，量血壓，量溫度,（動詞）估計，考慮；用器具確定物體的性質
糧,粮,lêng4
粱,粱,lêng4
良,良,lêng4
莨,莨,lêng4,莨綢，薯莨,指薯莨
魎,魉,lêng5
倆,俩,lêng5
兩,两,lêng5,兩邊，兩手，兩極，兩棲,（數目字）
諒,谅,lêng6
踉,踉,lêng6
輛,辆,lêng6
量,量,lêng6,量詞，數量，力量，質量，容量，含量，重量，氣量，膽量，量力而為，量入為出，不自量力,（名詞）數量；容納或禁受的限度；估計
亮,亮,lêng6
鐳,镭,lêu4
驢,驴,lêu4
閭,闾,lêu4
擂,擂,lêu4
嫘,嫘,lêu4
櫚,榈,lêu4
雷,雷,lêu4
縲,缧,lêu4
纍,累,lêu4
羸,羸,lêu4
騾,骡,lêu4/lo4
褸,褛,lêu5
鋁,铝,lêu5
縷,缕,lêu5
磊,磊,lêu5
膂,膂,lêu5
侶,侣,lêu5
旅,旅,lêu5
壘,垒,lêu5
呂,吕,lêu5
屢,屡,lêu5
累,累,lêu5,累積，累累，累次，累進，累犯，累年，危如累卵，成千累萬，長年累月，日積月累，罪行累累,屢次，多次，接連；重叠，堆積，聚集,纍
裡,里,lêu5,"","",裏
儡,儡,lêu5
蕾,蕾,lêu5/lêu4
濾,滤,lêu6
類,类,lêu6
淚,泪,lêu6
慮,虑,lêu6
累,累,lêu6,累人，累及，累贅，勞累，受累，連累，牽累，拖累,疲勞，疲憊，疲乏；牽連，牽扯；麻煩，多餘
漯,漯,lêu6,漯河,（地名）
戾,戾,lêu6
捋,捋,lüd3
埒,埒,lüd3
劣,劣,lüd3/lüd6
戀,恋,lün2
臠,脔,lün2/lün4
鸞,鸾,lün4
巒,峦,lün4
攣,挛,lün4
孿,孪,lün4
聯,联,lün4
欒,栾,lün4
灤,滦,lün4
鑾,銮,lün4
孌,娈,lün5
亂,乱,lün6
媽,妈,ma1
嬤,嬷,ma1
嗎,吗,ma1,幹嗎，有嗎，要嗎，嗎玩意兒，要嗎有嗎,（方言）什麼
嘛,嘛,ma1,幹嘛，有嘛，要嘛，嘛玩意兒，要嘛有嘛,（方言）什麼
嗎,吗,ma1/ma3,好嗎，行嗎，可以嗎,（疑問助詞）
嗎,吗,ma1/ma5,嗎啡,一種鎮痛藥
嘛,嘛,ma3,有意見就提嘛,（助詞）表示提醒、勸阻、顯而易見、道理明顯等語氣
麻,麻,ma4,"","",蔴
蟆,蟆,ma4
嘛,嘛,ma4,喇嘛,（藏語）對僧人、法師等的尊稱
痲,麻,ma4
獁,犸,ma5
馬,马,ma5
碼,码,ma5
瑪,玛,ma5
螞,蚂,ma5
罵,骂,ma6
擘,擘,mag3
埋,埋,mai4
霾,霾,mai4/mei4
蕒,荬,mai5
買,买,mai5
賣,卖,mai6
邁,迈,mai6
饅,馒,man4
蠻,蛮,man4
鰻,鳗,man4
謾,谩,man4,欺謾,欺騙，蒙騙，蒙蔽
蔓,蔓,man4,蔓菁,蕪菁，一種草本植物
晚,晚,man5
幔,幔,man6
萬,万,man6
曼,曼,man6
漫,漫,man6
慢,慢,man6
謾,谩,man6,謾罵,輕慢，不禮貌，不尊重
嫚,嫚,man6
鏝,镘,man6
蔓,蔓,man6,蔓延，蔓草，蔓生，藤蔓，瓜蔓，順蔓摸瓜,植物細長能纏繞但不能直立的莖；滋生，擴展
墁,墁,man6
縵,缦,man6
熳,熳,man6
繃,绷,mang1,繃臉，繃勁，繃著臉，繃不住,板著，強忍住,綳
盲,盲,mang4
錳,锰,mang5
蜢,蜢,mang5
猛,猛,mang5
勐,勐,mang5
孟,孟,mang6
貓,猫,mao1
矛,矛,mao4
茅,茅,mao4
卯,卯,mao5
鉚,铆,mao5
昴,昴,mao5
袤,袤,mao6
懋,懋,mao6
貌,貌,mao6
嘧,嘧,med6
密,密,med6
勿,勿,med6
蜜,蜜,med6
物,物,med6
襪,袜,med6
謐,谧,med6
宓,宓,med6,靜宓,寧靜，安靜
麥,麦,meg6
脈,脉,meg6
陌,陌,meg6
墨,墨,meg6
万,万,meg6
默,默,meg6
驀,蓦,meg6
貘,貘,meg6,"","",獏
咪,咪,mei1/méi1
謎,谜,mei4
醚,醚,mei4
瞇,眯,mei4
迷,迷,mei4
米,米,mei5
袂,袂,mei6
蚊,蚊,men1
文,文,men4
民,民,men4
聞,闻,men4
氓,氓,men4,流氓,（俗）
玟,玟,men4
紋,纹,men4
雯,雯,men4
緡,缗,men4
岷,岷,men4
旻,旻,men4
忞,忞,men4
珉,珉,men4
苠,苠,men4
泯,泯,men5,"","",冺
敏,敏,men5
抿,抿,men5
憫,悯,men5
刎,刎,men5
閩,闽,men5
閔,闵,men5
吻,吻,men5
澠,渑,men5,澠池,（地名）
鰵,鳘,men5
黽,黾,men5
愍,愍,men5
湣,湣,men5
紊,紊,men6
汶,汶,men6
問,问,men6
萌,萌,meng4
盟,盟,meng4
哞,哞,meo1
謀,谋,meo4
牟,牟,meo4
眸,眸,meo4
繆,缪,meo4
牡,牡,meo5
某,某,meo5
畝,亩,meo5
貿,贸,meo6
茂,茂,meo6
謬,谬,meo6
蔑,蔑,mid6
篾,篾,mid6
滅,灭,mid6
衊,蔑,mid6
蠛,蠛,mid6
覓,觅,mig6
冪,幂,mig6
汨,汨,mig6
鼏,鼏,mig6,"",鼎的蓋子
眠,眠,min4
棉,棉,min4
綿,绵,min4
緬,缅,min5
靦,腼,min5
免,免,min5
娩,娩,min5
冕,冕,min5
勉,勉,min5
眄,眄,min5
面,面,min6
麵,面,min6,"","",麪
名,名,ming4
明,明,ming4
冥,冥,ming4
鳴,鸣,ming4
洺,洺,ming4
溟,溟,ming4
螟,螟,ming4
瞑,瞑,ming4/ming5
銘,铭,ming4/ming5
暝,暝,ming4/ming6
皿,皿,ming5
酩,酩,ming5
茗,茗,ming5/ming4
命,命,ming6,命運，生命
喵,喵,miu1
瞄,瞄,miu4
苗,苗,miu4
描,描,miu4
杳,杳,miu5
渺,渺,miu5
緲,缈,miu5
秒,秒,miu5
邈,邈,miu5
藐,藐,miu5
淼,淼,miu5
眇,眇,miu5
廟,庙,miu6
妙,妙,miu6
摩,摩,mo1
麼,么,mo1,"","",麽
魔,魔,mo1
摸,摸,mo2
磨,磨,mo4,磨刀，磨損，磨滅，磨難，磨光，磨功，磨墨，磨煩，磨牙，磨破，磨粉，磨細，磨練，折磨，研磨，窮磨，磨刀石，磨洋工，磨工夫，好事多磨，消磨間，百世不磨，磨成粉末，鐵杵磨成針,摩擦
蘑,蘑,mo4
饃,馍,mo4
無,无,mo4,南無,（梵文音譯詞）
磨,磨,mo4/mo6,磨子，磨叨，磨房，磨車，磨麵，石磨，電磨，推磨，磨豆腐，磨豆漿，磨麥子，磨過來，磨不過來，有錢能使鬼推磨,（名詞）碾碎穀物的器具；（動詞）用磨子碾平穀物
剝,剥,mog1
漠,漠,mog6
膜,膜,mog6,隔膜，耳膜，腦膜，網膜，黏膜,人、動物、植物等體內部的薄皮形組織
幕,幕,mog6
莫,莫,mog6
寞,寞,mog6
鏌,镆,mog6
鋩,铓,mong4
亡,亡,mong4
氓,氓,mong4,流氓
忙,忙,mong4
芒,芒,mong4
莽,莽,mong4
茫,茫,mong4
忘,忘,mong4
虻,虻,mong4
罔,罔,mong5
妄,妄,mong5
惘,惘,mong5
蟒,蟒,mong5
網,网,mong5
魍,魍,mong5
輞,辋,mong5
望,望,mong6
模,模,mou4
髦,髦,mou4
摹,摹,mou4
謨,谟,mou4
膜,膜,mou4,膜拜,跪拜
誣,诬,mou4
毛,毛,mou4
無,无,mou4,無法，無論，無疑，無辜，無聊，無奈，無限，無可奈何,沒有
蕪,芜,mou4
毋,毋,mou4
巫,巫,mou4
氂,牦,mou4/léi4,"","",犛
姆,姆,mou5
侮,侮,mou5
武,武,mou5
母,母,mou5
鵡,鹉,mou5
嫵,妩,mou5
拇,拇,mou5
舞,舞,mou5
暮,暮,mou6
瑁,瑁,mou6
霧,雾,mou6
帽,帽,mou6
慕,慕,mou6
募,募,mou6
冒,冒,mou6
騖,骛,mou6
耄,耄,mou6
務,务,mou6
墓,墓,mou6
鶩,鹜,mou6
戊,戊,mou6
婺,婺,mou6
沫,沫,mud3
抹,抹,mud3/mad3
末,末,mud6
沒,没,mud6
茉,茉,mud6
靺,靺,mud6
歿,殁,mud6
鉬,钼,mug6
木,木,mug6
牧,牧,mug6
睦,睦,mug6
沐,沐,mug6
苜,苜,mug6
目,目,mug6
仫,仫,mug6
穆,穆,mug6
梅,梅,mui4
媒,媒,mui4
煤,煤,mui4
玫,玫,mui4
枚,枚,mui4
霉,霉,mui4,"","",黴
莓,莓,mui4
酶,酶,mui4
每,每,mui5
妹,妹,mui6
昧,昧,mui6
門,门,mun4
們,们,mun4
瞞,瞒,mun4
捫,扪,mun4
鞔,鞔,mun4,鞔鼓，鞔鞋,用皮革做鼓，鞋等
滿,满,mun5
蟎,螨,mun5
悶,闷,mun6
燜,焖,mun6
曚,曚,mung4
矇,蒙,mung4
朦,朦,mung4
蒙,蒙,mung4
濛,蒙,mung4
檬,檬,mung4
獴,獴,mung4
蠓,蠓,mung5
懵,懵,mung5/mung2
夢,梦,mung6
哶,哶,mé1
微,微,méi4
楣,楣,méi4
嵋,嵋,méi4
靡,靡,méi4
蘼,蘼,méi4
眉,眉,méi4
麋,麋,méi4
薇,薇,méi4
湄,湄,méi4
糜,糜,méi4
縻,縻,méi4
瀰,弥,méi4/néi4
獼,猕,méi4/néi4
尾,尾,méi5
鎂,镁,méi5
美,美,méi5
娓,娓,méi5
媺,媺,méi5
魅,魅,méi6
媚,媚,méi6
寐,寐,méi6
味,味,méi6
未,未,méi6
命,命,méng6,"",（口語）
哪,哪,na1,天哪,（語氣詞）表示驚訝或停頓
哪,哪,na4,哪吒,（梵文音譯詞）
娜,娜,na4,麗娜，安娜,（人名用字）
拿,拿,na4
南,南,na4,南無,（梵文音譯詞）
那,那,na5,那裡，那個，那年，那時，那樣，那麼，那地方，那棵樹，那時候，那些人，那座樓，那會兒,（指定代名詞）
哪,哪,na5,哪裡，哪兒，哪個，哪呢,（疑問詞）
鈉,钠,nab6
吶,呐,nab6
納,纳,nab6
衲,衲,nab6
捺,捺,nad6
氖,氖,nai5
乃,乃,nai5,"","",迺
鼐,鼐,nai5,"",大鼎
奶,奶,nai5
南,南,nam4,南方，南邊，南面，南風，指南針,（方向）
囡,囡,nam4
喃,喃,nam4
楠,楠,nam4
男,男,nam4
腩,腩,nam5
難,难,nan4,難道，難題，艱難，困難,（形容詞）
赧,赧,nan5
難,难,nan6,難民，災難,（名詞）
孬,孬,nao1
橈,桡,nao4
鐃,铙,nao4
錨,锚,nao4
撓,挠,nao4
猱,猱,nao4,猱犬，蠼猱
鬧,闹,nao6
淖,淖,nao6
粒,粒,neb1/leb1
泥,泥,nei4,泥土，泥巴，泥坑，泥濘，稀泥，水泥，污泥，爛泥，印泥，蒜泥，棗泥，肉泥，淤泥，土豆泥，泥牛入海，拖泥帶水,水和土合成的半固體；像泥的東西
坭,坭,nei4
呢,呢,nei4/néi4,呢子，呢料，呢絨，毛呢，厚呢，呢喃,一種毛織品
稔,稔,nem5
能,能,neng4
紐,纽,neo2
朽,朽,neo2
鈕,钮,neo2
扭,扭,neo2
妞,妞,neo2
狃,狃,neo2
嗯,嗯,ng2,嗯？怎麼回事，嗯？你說什麼，嗯？你在幹嘛，嗯！那可不成，嗯！我看不一定,（歎詞）表示疑問、懷疑、意外、出乎意料、不以為然等語氣
蜈,蜈,ng4
鼯,鼯,ng4
梧,梧,ng4
吾,吾,ng4
吳,吴,ng4
伍,伍,ng5
牾,牾,ng5
午,午,ng5
忤,忤,ng5
五,五,ng5
焐,焐,ng6
晤,晤,ng6
誤,误,ng6
嗯,嗯,ng6,嗯！好吧，嗯！就這樣吧，嗯！就這麼辦吧,（歎詞）表示答應、應允等語氣
摀,捂,ng6
悟,悟,ng6
牙,牙,nga4
衙,衙,nga4
芽,芽,nga4
蚜,蚜,nga4
雅,雅,nga5
佤,佤,nga5
瓦,瓦,nga5
訝,讶,nga6
額,额,ngag6
捱,挨,ngai4,捱餓，捱打，捱罵，捱日子,遭受，親身受到，困難地度過
涯,涯,ngai4
崖,崖,ngai4
睚,睚,ngai4
厓,厓,ngai4
艾,艾,ngai6
刈,刈,ngai6
砹,砹,ngai6
岩,岩,ngam4,"","",巖
癌,癌,ngam4
顏,颜,ngan4
眼,眼,ngan5
雁,雁,ngan6
贗,赝,ngan6,"","",贋
硬,硬,ngang6
餚,肴,ngao4
爻,爻,ngao4
淆,淆,ngao4
樂,乐,ngao4/ngao6,樂山樂水，樂道安貧，知者樂水，仁者樂山,愛好，喜好，欣賞
咬,咬,ngao5
屹,屹,nged6
迄,迄,nged6
兀,兀,nged6
杌,杌,nged6,"","",阢
圪,圪,nged6
危,危,ngei4
倪,倪,ngei4
巍,巍,ngei4
霓,霓,ngei4,"","",蜺
嵬,嵬,ngei4
猊,猊,ngei4
鯢,鲵,ngei4
蟻,蚁,ngei5
藝,艺,ngei6
毅,毅,ngei6
囈,呓,ngei6
詣,诣,ngei6
魏,魏,ngei6
羿,羿,ngei6
偽,伪,ngei6,"","",僞
睨,睨,ngei6
銀,银,ngen4
垠,垠,ngen4
齦,龈,ngen4
齗,龂,ngen4
沂,沂,ngen4,"",河岸
狺,狺,ngen4
圻,圻,ngen4,"",界限，邊際
鄞,鄞,ngen4
勾,勾,ngeo1
鉤,钩,ngeo1,"","",鈎
牛,牛,ngeo4
藕,藕,ngeo5
偶,偶,ngeo5
齧,啮,ngid6/ngad6,"","",囓
娥,娥,ngo4
俄,俄,ngo4
訛,讹,ngo4
鵝,鹅,ngo4
哦,哦,ngo4,吟哦,低聲地唱
莪,莪,ngo4
蛾,蛾,ngo4
峨,峨,ngo4,"","",峩
我,我,ngo5
臥,卧,ngo6
餓,饿,ngo6
鄂,鄂,ngog6
噩,噩,ngog6
愕,愕,ngog6
嶽,岳,ngog6
顎,颚,ngog6
鱷,鳄,ngog6,"","",鰐
樂,乐,ngog6,樂器，音樂,音樂
岳,岳,ngog6
櫟,栎,ngog6,櫟陽,（地名）
鶚,鹗,ngog6
崿,崿,ngog6
呆,呆,ngoi4,呆板，發呆，痴呆，呆呆地,傻，愚蠢，停留，逗留,獃
礙,碍,ngoi6
外,外,ngoi6
岸,岸,ngon6
犴,犴,ngon6
骯,肮,ngong1/ngong3
盎,盎,ngong3/ngong2
昂,昂,ngong4
懊,懊,ngou3
澳,澳,ngou3
奧,奥,ngou3
襖,袄,ngou3/ngou2
螯,螯,ngou4
驁,骜,ngou4
獒,獒,ngou4
敖,敖,ngou4
翱,翱,ngou4
鰲,鳌,ngou4
熬,熬,ngou4/ngeo4
遨,遨,ngou4/ngou6
傲,傲,ngou6
鎳,镍,nib1
聶,聂,nib6
顳,颞,nib6
捏,捏,nib6
鑷,镊,nib6
涅,涅,nib6
躡,蹑,nib6
隉,陧,nib6
暱,昵,nig1
匿,匿,nig1
溺,溺,nig1/nig6,溺水，溺死,淹沒，沉迷，過分
拈,拈,nim1
黏,黏,nim1,黏度，黏土，黏液，黏糊，黏稠，黏性，黏膜，黏著，黏附，黏接，黏住，黏合，黏結，發黏，很黏，黏著力,（形容詞）像膠水一樣有附著力,粘
粘,粘,nim1/jim1,粘連，粘牙，粘在一起，粘在手上,（不及物動詞）附著，膠著，纏著；有黏性的東西互相連結,黏
捻,捻,nim2
鯰,鲇,nim4,"","",鮎
粘,粘,nim4,粘貼，粘封信，粘海報，粘標語，粘郵票,（及物動詞）貼合，貼附；用膠水、漿糊等有黏性的東西使物件連結起來，使不分開；（姓）,黏
念,念,nim6
唸,念,nim6
廿,廿,nim6
年,年,nin4
碾,碾,nin5,碾米，碾碎
寧,宁,ning4,寧靜，安寧，息事寧人，坐臥不寧,安靜，平靜，安定
獰,狞,ning4
嚀,咛,ning4
檸,柠,ning4
佞,佞,ning6
擰,拧,ning6
濘,泞,ning6
寧,宁,ning6,寧可，寧願，寧死不屈，寧缺毋濫,情願
寧,宁,ning6,"",（姓）,甯
裊,袅,niu5
鳥,鸟,niu5
尿,尿,niu6
溺,溺,niu6,便溺,尿，小便
那,那,no1,"",（姓）
挪,挪,no4
挼,挼,no4
娜,娜,no5,婀娜，裊娜，婀娜多姿,柔軟細長，輕盈柔美的樣子
糯,糯,no6
懦,懦,no6
諾,诺,nog6
奈,奈,noi6
耐,耐,noi6
內,内,noi6
囊,囊,nong4
囔,囔,nong4
饢,馕,nong4,"",一種烤製的麵餅
瓤,瓤,nong4
饢,馕,nong5,饢嗓，饢糠，饢糟,拼命往嘴裡塞食物
齉,齉,nong6
奴,奴,nou4
駑,驽,nou4
瑙,瑙,nou5
弩,弩,nou5
惱,恼,nou5
腦,脑,nou5
努,努,nou5/lou5
怒,怒,nou6
衄,衄,nug6,"","",衂
忸,忸,nug6/neo2
農,农,nung4
濃,浓,nung4
儂,侬,nung4
膿,脓,nung4
噥,哝,nung4
呢,呢,né1,哪兒呢，怎麼辦呢,（助詞）表示疑問、確定、停頓、動作正在繼續等
妮,妮,néi4
怩,怩,néi4
彌,弥,néi4
鈮,铌,néi4
尼,尼,néi4
旎,旎,néi5
您,您,néi5
妳,你,néi5
你,你,néi5
餌,饵,néi6
膩,腻,néi6
泥,泥,néi6,泥古，泥牆，泥壁，拘泥，泥古不化,固執，拘束，死板，停留不前；塗抹，塗飾，用土、灰等塗抹牆壁或器物
訥,讷,nêd6/nab6
娘,娘,nêng4,"","",孃
釹,钕,nêu5
餒,馁,nêu5
女,女,nêu5/lêu5
暖,暖,nün5
嫩,嫩,nün6
婀,婀,o1
噢,噢,o1
喔,喔,o1
軻,轲,o1
柯,柯,o1
珂,珂,o1
阿,阿,o1,阿諛，阿附，阿膠，阿其所好，阿諛逢迎，阿彌陀佛，剛直不阿,迎合，偏袒
哦,哦,o4,"",（歎詞）表示驚奇、疑問、將信將疑等
哦,哦,o6,"",（歎詞）表示領悟、領會、醒悟等
惡,恶,og3,惡人，惡性，惡劣，惡霸，惡感，惡習，惡戰，罪惡，兇惡，善惡,壞，不好，兇狠
堊,垩,og3
噁,恶,og3,"","",惡
埃,埃,oi1
哀,哀,oi1
藹,蔼,oi2
曖,暧,oi2
靉,叆,oi2
毐,毐,oi2
噯,嗳,oi2
愛,爱,oi3
璦,瑷,oi3
嬡,嫒,oi3
安,安,on1
鞍,鞍,on1
氨,氨,on1
銨,铵,on1
胺,胺,on1
桉,桉,on1
案,案,on3
按,按,on3
摁,摁,on3
媼,媪,ou2
趴,趴,pa1
怕,怕,pa3
耙,耙,pa4
扒,扒,pa4
爬,爬,pa4
杷,杷,pa4
琶,琶,pa4
啪,啪,pag1
珀,珀,pag3
拍,拍,pag3
柏,柏,pag3,柏樹，柏林，松柏，側柏，柏拉圖，都柏林,一種常綠喬木；（地名、人名）譯音字
帕,帕,pag3
魄,魄,pag3
柏,柏,pag3/bag3,柏油，柏油路,瀝青
派,派,pai3
哌,哌,pai3
湃,湃,pai3/bai3
排,排,pai4
俳,俳,pai4
牌,牌,pai4
扳,扳,pan1
攀,攀,pan1
盼,盼,pan3
袢,袢,pan3
烹,烹,pang1
澎,澎,pang1/pang4,澎湃
彭,彭,pang4
鵬,鹏,pang4
硼,硼,pang4
澎,澎,pang4,澎湖,（地名）
棚,棚,pang4
膨,膨,pang4
棒,棒,pang5
脬,脬,pao1
拋,抛,pao1
泡,泡,pao1,泡兒，起泡，泡影，泡幻，眼泡，豆泡，一泡尿，一泡屎，電燈泡,像泡一樣的東西，泡狀器物，鼓起而鬆軟的東西；（量詞）用於屎尿
跑,跑,pao2
炮,炮,pao3,"","",砲，礮
豹,豹,pao3
疱,疱,pao3,"","",皰
泡,泡,pao3,泡水，泡茶，泡菜，泡飯，泡麵，泡湯，泡澡，浸泡,用水沖或浸
趵,趵,pao3
咆,咆,pao4
匏,匏,pao4
庖,庖,pao4
刨,刨,pao4,"","",鉋，鑤
麅,狍,pao4
疋,疋,ped1
匹,匹,ped1
批,批,pei1
睥,睥,pei5
噴,喷,pen3
貧,贫,pen4
顰,颦,pen4
嬪,嫔,pen4
頻,频,pen4
牝,牝,pen5
憑,凭,peng4
朋,朋,peng4
剖,剖,peo2
抔,抔,peo4
撇,撇,pid3
瞥,瞥,pid3
闢,辟,pig1
辟,辟,pig1
癖,癖,pig1
僻,僻,pig1
霹,霹,pig1
鷿,䴙,pig1
扁,扁,pin1,扁舟
編,编,pin1
偏,偏,pin1
翩,翩,pin1
篇,篇,pin1
蝙,蝙,pin1/bin1
片,片,pin2,片子，片约，相片，唱片，照片，影片,指片子
片,片,pin2,紙片，卡片，名片，圖片，雪片，藥片，明信片,（口語）扁平而薄的物體
騙,骗,pin3
遍,遍,pin3
片,片,pin3,片刻，片面，片段，名片，卡片，圖片，明信片，片瓦無存，片言隻字,扁而薄的物體；很少，很短；（量詞）
駢,骈,pin4
便,便,pin4,便宜
砰,砰,ping1
姘,姘,ping1
怦,怦,ping1
娉,娉,ping1
抨,抨,ping1
拼,拼,ping1/ping3
聘,聘,ping3
蘋,苹,ping4
坪,坪,ping4
屏,屏,ping4,屏幕，屏風，屏障，屏蔽，屏條，雀屏，畫屏，孔雀開屏,（動詞）遮擋；（名詞）擋風或隔間的用具
平,平,ping4
萍,萍,ping4
瓶,瓶,ping4
評,评,ping4
縹,缥,piu1
飄,飘,piu1
漂,漂,piu1,漂浮，漂移，漂泊，漂流,浮在液體上；隨風或液體流動
嘌,嘌,piu1
漂,漂,piu3,漂亮，漂白，漂洗，漂染,美，好看；用水沖洗，或用化學藥品使紡織品變白
票,票,piu3
驃,骠,piu3,驃國，驃人，驃信，驃騎，驃勇,古代國名，也指勇猛，或馬奔跑的樣子
剽,剽,piu3/piu5
嫖,嫖,piu4
瓢,瓢,piu4
朴,朴,piu4
瞟,瞟,piu5
鰾,鳔,piu5
頗,颇,po1,偏頗,偏，不正
坡,坡,po1/bo1
棵,棵,po1/fo2
頗,颇,po2,頗久，頗大，頗多，頗少，頗感興趣，頗有誠意，頗不以為然,略微，稍，很，甚
笸,笸,po2
叵,叵,po2
破,破,po3
婆,婆,po4
鄱,鄱,po4/bo3
璞,璞,pog3
樸,朴,pog3
噗,噗,pog3
撲,扑,pog3
釙,钋,pog3
粕,粕,pog3/pag3
謗,谤,pong3
膀,膀,pong4,膀胱
彷,彷,pong4,彷徨,徘徊不前，猶疑不決的樣子
龐,庞,pong4
螃,螃,pong4
滂,滂,pong4
旁,旁,pong4
磅,磅,pong4,磅礴,盛大，廣大，充滿，無邊際
蚌,蚌,pong5
鋪,铺,pou1,鋪路，鋪開，鋪蓋，床鋪，搭鋪,（動詞）
譜,谱,pou2
溥,溥,pou2
浦,浦,pou2
普,普,pou2
脯,脯,pou2/fu2,果脯，杏脯，桃脯，肉脯,果乾，肉乾
舖,铺,pou3,舖子，舖位，店舖,（名詞）,鋪
菩,菩,pou4
蒲,蒲,pou4
莆,莆,pou4
葡,葡,pou4
脯,脯,pou4,胸脯，脯子,胸部
匍,匍,pou4
袍,袍,pou4
抱,抱,pou5
泡,泡,pou5,泡沫，泡子，氣泡，水泡，起泡，冒泡，發泡，肥皂泡,液體內有空氣的球狀物
潑,泼,pud3
仆,仆,pug1,前仆後繼,（俗）跌倒；以面伏地
胚,胚,pui1
坯,坯,pui1
霈,霈,pui3
配,配,pui3
沛,沛,pui3
珮,珮,pui3
佩,佩,pui3
培,培,pui4
賠,赔,pui4
裴,裴,pui4
徘,徘,pui4
陪,陪,pui4
倍,倍,pui5
蓓,蓓,pui5/pui4
番,番,pun1,番禺,（地名）
潘,潘,pun1
拚,拚,pun3
判,判,pun3
泮,泮,pun3
蟠,蟠,pun4
盤,盘,pun4
盆,盆,pun4
槃,槃,pun4
磐,磐,pun4
蹣,蹒,pun4/mun4
捧,捧,pung2/bung2
碰,碰,pung3
篷,篷,pung4
芃,芃,pung4
蓬,蓬,pung4/fung4
劈,劈,pég3
呸,呸,péi1
丕,丕,péi1
披,披,péi1
紕,纰,péi1
狉,狉,péi1
痞,痞,péi2
仳,仳,péi2
吡,吡,péi2
否,否,péi2,否極泰來,壞，惡，不好
鄙,鄙,péi2
圮,圮,péi2
吡,吡,péi2,"",斥責，詆毀
譬,譬,péi3
屁,屁,péi3
濞,濞,péi3
嬖,嬖,péi3
帔,帔,péi3
媲,媲,péi3/béi2
貔,貔,péi4
毗,毗,péi4
疲,疲,péi4
琵,琵,péi4
脾,脾,péi4
枇,枇,péi4
皮,皮,péi4
蜱,蜱,péi4
郫,郫,péi4
邳,邳,péi4
裨,裨,péi4,裨將，偏裨,輔佐的
被,被,péi5,被子，被單，棉被，毛巾被,睡覺時覆蓋身體的東西
婢,婢,péi5
雌,雌,qi1
鴟,鸱,qi1
笞,笞,qi1
蚩,蚩,qi1
螭,螭,qi1
眵,眵,qi1
哧,哧,qi1
差,差,qi1,差等，參差，參差不齊,長短不齊
癡,痴,qi1
嗤,嗤,qi1
疵,疵,qi1
魑,魑,qi1
跐,跐,qi1,跐溜,腳下滑動
矢,矢,qi2
恥,耻,qi2
齒,齿,qi2
始,始,qi2
此,此,qi2
侈,侈,qi2
褫,褫,qi2
豕,豕,qi2
跐,跐,qi2,"",踏，踐踏，踩
玼,玼,qi2
泚,泚,qi2
次,次,qi3
賜,赐,qi3
幟,帜,qi3
刺,刺,qi3
熾,炽,qi3
廁,厕,qi3
翅,翅,qi3
瓷,瓷,qi4
祠,祠,qi4
篪,篪,qi4
馳,驰,qi4
慈,慈,qi4
詞,词,qi4
磁,磁,qi4
辭,辞,qi4
池,池,qi4
墀,墀,qi4
弛,弛,qi4
糍,糍,qi4
持,持,qi4
匙,匙,qi4,湯匙，羹匙，茶匙，藥匙,勺子
遲,迟,qi4
臍,脐,qi4
茌,茌,qi4
踟,踟,qi4
茨,茨,qi4
茲,兹,qi4,龜茲,（古）國名
恃,恃,qi5
柿,柿,qi5
似,似,qi5
姒,姒,qi5
妾,妾,qib3
設,设,qid3
切,切,qid3,切割，切菜，切開，切斷，切入，切磋，切面，切實，切題，切記，切齒，親切，密切，貼切，迫切，急切，懇切，心切，切身，不切實際,用刀把東西切斷；貼近，密合，符合，急迫，務必，一定
徹,彻,qid3
轍,辙,qid3
澈,澈,qid3
撤,撤,qid3
掣,掣,qid3,掣籤，掣劍,抽，拔
斥,斥,qig1
戚,戚,qig1
叱,叱,qig1
敕,敕,qig1
彳,彳,qig1
飭,饬,qig1
槭,槭,qig1
籤,签,qim1,"","",簽
纖,纤,qim1
殲,歼,qim1
簽,签,qim1
諂,谄,qim2
塹,堑,qim3
僭,僭,qim3
暹,暹,qim3/qim1
潛,潜,qim4
千,千,qin1
遷,迁,qin1
仟,仟,qin1
韆,千,qin1
阡,阡,qin1
芊,芊,qin1
淺,浅,qin2
前,前,qin4
纏,缠,qin4
錢,钱,qin4
踐,践,qin5/jin6
蟶,蛏,qing1
氰,氰,qing1
清,清,qing1
稱,称,qing1,稱呼，聲稱，名稱，簡稱，自稱，俗稱,叫，叫做
蜻,蜻,qing1
鯖,鲭,qing1
青,青,qing1/céng1
拯,拯,qing2
逞,逞,qing2
騁,骋,qing2
請,请,qing2/céng2
稱,称,qing3,稱一稱,（動詞）量輕重，測定重量
秤,秤,qing3
稱,称,qing3/ceng3,稱職，稱心，稱體，對稱，市稱，磅稱，勻稱，稱心如意,適合，相等，相當
情,情,qing4
懲,惩,qing4
程,程,qing4
晴,晴,qing4
澄,澄,qing4
呈,呈,qing4
埕,埕,qing4
澂,澂,qing4,"","",澄
裎,裎,qing4
超,超,qiu1
釗,钊,qiu1
昭,昭,qiu1
鍬,锹,qiu1
悄,悄,qiu2,悄沒聲，悄然
悄,悄,qiu2/qiu1,悄悄，靜悄悄，悄悄地走了
峭,峭,qiu3
俏,俏,qiu3
鞘,鞘,qiu3
肖,肖,qiu3
誚,诮,qiu3
朝,朝,qiu4,朝向，朝天，朝陽，王朝，朝廷,向，面對著
潮,潮,qiu4
瞧,瞧,qiu4
憔,憔,qiu4
樵,樵,qiu4
躇,躇,qu1
櫥,橱,qu1
杵,杵,qu2
貯,贮,qu2
褚,褚,qu2,"",（姓）
處,处,qu3/xu3,處所，處長，好處，遠處，到處,（名詞）地方
蹰,蹰,qu4
廚,厨,qu4/cêu4
署,署,qu5
儲,储,qu5
苧,苎,qu5
柱,柱,qu5
曙,曙,qu5
處,处,qu5,處理，處罰，處事，懲處，相處,（動詞）
佇,伫,qu5
褚,褚,qu5,褚衣,絲綿，棉衣
杼,杼,qu5
猝,猝,qud3
撮,撮,qud3
踅,踅,qud3
穿,穿,qun1
汆,汆,qun1
川,川,qun1
躥,蹿,qun1
村,村,qun1,"","",邨
忖,忖,qun2
喘,喘,qun2
攛,撺,qun2/qun3
吋,吋,qun3
爨,爨,qun3
寸,寸,qun3
串,串,qun3
竄,窜,qun3
泉,泉,qun4
詮,诠,qun4
存,存,qun4
銓,铨,qun4
傳,传,qun4,傳統，傳授，傳奇，傳說，傳承，傳播，傳染，傳話，傳喚，傳神，傳熱，傳情，相傳，據傳，遺傳，宣傳,轉授，遞送，散佈，表達
痊,痊,qun4
全,全,qun4
醛,醛,qun4
荃,荃,qun4
輇,辁,qun4
筌,筌,qun4
椽,椽,qun4
莎,莎,sa1
啥,啥,sa1
痧,痧,sa1
沙,沙,sa1
砂,砂,sa1
卅,卅,sa1
裟,裟,sa1
鯊,鲨,sa1
紗,纱,sa1
耍,耍,sa2
灑,洒,sa2
圾,圾,sab3
颯,飒,sab3
歃,歃,sab3
薩,萨,sad3
鎩,铩,sad3
煞,煞,sad3
殺,杀,sad3
撒,撒,sad3
剎,刹,sad3,剎車，剎住,止住
索,索,sag3/sog3,索引，索取，搜索，線索
璽,玺,sai2
徙,徙,sai2
曬,晒,sai3
仨,仨,sam1
三,三,sam1,三個，三角，再三，三番五次,（數字）
衫,衫,sam1
叄,叁,sam1
三,三,sam3,三思,屢次，多次，再三
珊,珊,san1
栓,栓,san1
山,山,san1
閂,闩,san1
拴,拴,san1
舢,舢,san1
潸,潸,san1
刪,删,san1
姍,姗,san1
跚,跚,san1
散,散,san2,散文，散漫，散髮,鬆開，不約束，不守紀律，零碎的，不集中的
饊,馓,san2
篡,篡,san3
訕,讪,san3
汕,汕,san3
疝,疝,san3
散,散,san3,散步，散心，散會，散佈,分開，分離，分佈，分給，排遣，解僱
傘,伞,san3
涮,涮,san3
孱,孱,san4
潺,潺,san4
牲,牲,sang1
甥,甥,sang1
省,省,sang2,省份，節省
梢,梢,sao1
捎,捎,sao1
稍,稍,sao2
哨,哨,sao3
濕,湿,seb1,"","",溼
澀,涩,seb1/xig1/gib3
霎,霎,seb3
十,十,seb6
拾,拾,seb6
蝨,虱,sed1
室,室,sed1
失,失,sed1
膝,膝,sed1
瑟,瑟,sed1
實,实,sed6
塞,塞,seg1,塞滿，塞子，塞住，塞車，塞責，耳塞，活塞，木塞，瓶塞，堵塞，閉塞，阻塞，充塞，搪塞，軟木塞，閉目塞聽,堵，填滿，阻隔，受阻，不暢，不通
噻,噻,seg1
犀,犀,sei1
嘶,嘶,sei1
硒,硒,sei1
西,西,sei1
篩,筛,sei1
舾,舾,sei1
樨,樨,sei1
茜,茜,sei1,"",（人名用字）
使,使,sei2,使用，使喚，支使，驅使，假使，即使，迫使，促使,（口語）用，差遣，令
洗,洗,sei2
駛,驶,sei2
婿,婿,sei3
世,世,sei3
細,细,sei3
勢,势,sei3
舐,舐,sei5/sei2
逝,逝,sei6
筮,筮,sei6
噬,噬,sei6
誓,誓,sei6
深,深,sem1
心,心,sem1
芯,芯,sem1,燈芯,去皮的燈心草
參,参,sem1,參茶，參茸，參星，參商，參鬚，人參，黨參，高麗參，動如參商,一種草藥植物；二十八宿之一,蔘
森,森,sem1
琛,琛,sem1
郴,郴,sem1
嬸,婶,sem2
審,审,sem2
沈,沈,sem2
瀋,沈,sem2
滲,渗,sem3
沁,沁,sem3
涔,涔,sem4
岑,岑,sem4
忱,忱,sem4
梣,梣,sem4
諶,谌,sem4
什,什,sem6,什麼,（疑問詞）,甚
甚,甚,sem6
椹,葚,sem6
砷,砷,sen1
娠,娠,sen1
呻,呻,sen1
伸,伸,sen1
新,新,sen1
薪,薪,sen1
燊,燊,sen1
身,身,sen1
申,申,sen1
紳,绅,sen1
辛,辛,sen1
鋅,锌,sen1
莘,莘,sen1
晨,晨,sen4
辰,辰,sen4
神,神,sen4
臣,臣,sen4
腎,肾,sen5
慎,慎,sen6
蜃,蜃,sen6/sen5
笙,笙,seng1
生,生,seng1/sang1
擤,擤,seng3
蹭,蹭,seng3
收,收,seo1
修,修,seo1
羞,羞,seo1
颼,飕,seo1
螋,螋,seo1
餿,馊,seo1
嗖,嗖,seo1,"",（象聲詞）迅速通過的聲音
饈,馐,seo1
搜,搜,seo1/seo2,搜集，搜羅,尋求，尋找,蒐
手,手,seo2
首,首,seo2
嗾,嗾,seo2
擻,擞,seo2
守,守,seo2
搜,搜,seo2,搜身，搜捕,搜索檢查
藪,薮,seo2
艘,艘,seo2/seo1
宿,宿,seo3,星宿，二十八宿,（天文學）星的集合體
獸,兽,seo3
狩,狩,seo3
嗽,嗽,seo3
鏽,锈,seo3,"","",銹
繡,绣,seo3,"","",綉
漱,漱,seo3
琇,琇,seo3
瘦,瘦,seo3
秀,秀,seo3
仇,仇,seo4,仇人，仇恨，仇敵，結仇，恩仇，報仇，深仇大恨，恩將仇報，疾惡如仇,敵人，怨恨，敵意，報復
愁,愁,seo4
授,授,seo6
綬,绶,seo6
售,售,seo6
受,受,seo6
壽,寿,seo6
唆,唆,so1
嗦,嗦,so1
蔬,蔬,so1
疏,疏,so1
蓑,蓑,so1,"","",簑
梭,梭,so1
梳,梳,so1
羧,羧,so1
娑,娑,so1
所,所,so2
嗩,唢,so2
鎖,锁,so2
瑣,琐,so2
傻,傻,so4
朔,朔,sog3
索,索,sog3,繩索
槊,槊,sog3
矟,矟,sog3
鰓,鳃,soi1
腮,腮,soi1
喪,丧,song1,喪禮，喪葬,跟死人有關的事
桑,桑,song1
爽,爽,song2
嗓,嗓,song2
搡,搡,song2
塽,塽,song2
喪,丧,song3,喪失，喪氣，喪命,丟掉，失去
臊,臊,sou1,臊臭，腥臊，狐臊，鳥臊，尿臊氣
穌,稣,sou1
鬚,须,sou1
酥,酥,sou1
甦,甦,sou1
搔,搔,sou1
蘇,苏,sou1
騷,骚,sou1
囌,苏,sou1
數,数,sou2,數數，數說，倒數，數數目，數到十，數典忘祖，數一數二，不可勝數,（動詞）計算，查點
嫂,嫂,sou2
塑,塑,sou3
數,数,sou3,數字，數學，數年，數天，數種，人數，歲數，多數，次數，整數，分數，單數，複數，自然數，數以萬計，心中有數,（名詞）
溯,溯,sou3
訴,诉,sou3
愫,愫,sou3
臊,臊,sou3,羞臊，害臊
掃,扫,sou3
素,素,sou3
夙,夙,sug1
僳,僳,sug1
宿,宿,sug1,宿舍，宿願，宿敵，宿命，宿醉，住宿，歸宿，寄宿，投宿，露宿，通宿，一宿，半宿，整宿，住一宿，三天兩宿,住，過夜；年老的；素有的，舊有的；（量詞）計算夜數
蓿,蓿,sug1
鷫,鹔,sug1
倏,倏,sug1
粟,粟,sug1
叔,叔,sug1
肅,肃,sug1
縮,缩,sug1
謖,谡,sug1
淑,淑,sug6
塾,塾,sug6
菽,菽,sug6
孰,孰,sug6
蜀,蜀,sug6
贖,赎,sug6
熟,熟,sug6
屬,属,sug6
鬆,松,sung1
從,从,sung1,從容，從容不迫,舒緩不急，不緊張的樣子
淞,淞,sung1
忪,忪,sung1,惺忪，睡眼惺忪,未睡醒的樣子
嵩,嵩,sung1
菘,菘,sung1
聳,耸,sung2
竦,竦,sung2
慫,怂,sung2
悚,悚,sung2
宋,宋,sung3
送,送,sung3
崇,崇,sung4
些,些,sé1
賒,赊,sé1
捨,舍,sé2
寫,写,sé2
瀉,泻,sé3
赦,赦,sé3
舍,舍,sé3
卸,卸,sé3
猞,猞,sé3
蛇,蛇,sé4,蛇皮，毒蛇
畲,畲,sé4
佘,佘,sé4
社,社,sé5
麝,麝,sé6
射,射,sé6
錫,锡,ség3
碩,硕,ség6
石,石,ség6,石頭，岩石,堅硬的塊狀物
死,死,séi2
四,四,séi3
恤,恤,sêd1
摔,摔,sêd1
蟀,蟀,sêd1
率,率,sêd1,率先，率領，率隊，率團，率真，率性，率然，直率，輕率，草率，表率，坦率，粗率,領先，帶領；直爽，坦白，不慎重，不細心
戌,戌,sêd1
窣,窣,sêd1
述,述,sêd6
術,术,sêd6
沭,沭,sêd6
秫,秫,sêd6
削,削,sêg3
爍,烁,sêg3
鑠,铄,sêg3
芯,芯,sên1,芯子,引線，物體的中心部分
殉,殉,sên1
詢,询,sên1
峋,峋,sên1
荀,荀,sên1
筍,笋,sên2
榫,榫,sên2
信,信,sên3
舜,舜,sên3
瞬,瞬,sên3
巽,巽,sên3
迅,迅,sên3
遜,逊,sên3
汛,汛,sên3
訊,讯,sên3
浚,浚,sên3,浚縣,（地名）,濬
囟,囟,sên3/sên2,"","",顖
醇,醇,sên4
脣,唇,sên4
淳,淳,sên4
純,纯,sên4
馴,驯,sên4
鶉,鹑,sên4/cên1
順,顺,sên6
霜,霜,sêng1
雙,双,sêng1
廂,厢,sêng1
商,商,sêng1
傷,伤,sêng1
孀,孀,sêng1
觴,觞,sêng1
湘,湘,sêng1
箱,箱,sêng1
鸘,鹴,sêng1
殤,殇,sêng1
鑲,镶,sêng1
相,相,sêng1,相信，相稱，相較，相像，相異，互相，相得益彰，相親相愛，兩地相思，出門相迎，守望相助，實不相瞞，旗鼓相當，有事相煩,彼此，交互，兩方面
襄,襄,sêng1
想,想,sêng2
賞,赏,sêng2
鯗,鲞,sêng2
相,相,sêng3,相貌，相親，相國，相命，相字，長相，面相，福相，窘相，吃相，丞相，宰相，儐相，寒酸相，窮酸相，相機而動，相夫教子，吉人天相，人不可貌相,審視，察看，辨察，占卜；外表，容貌，外形，模樣；官名
嫦,嫦,sêng4
嚐,尝,sêng4
嘗,尝,sêng4
徜,徜,sêng4
裳,裳,sêng4
常,常,sêng4
償,偿,sêng4
上,上,sêng5,上山，上樓，上街，上學，上班，上油，上來，上市，上車,（動詞）上升
上,上,sêng6,上面，上級，上次，上午，上輩，山上，以上，晚上，馬上,位置在高處
尚,尚,sêng6
睢,睢,sêu1
衰,衰,sêu1,衰老，衰弱，衰退，衰敗，興衰，盛衰，衰微,變弱，減退
雖,虽,sêu1
胥,胥,sêu1
須,须,sêu1
荽,荽,sêu1
綏,绥,sêu1
需,需,sêu1
濉,濉,sêu1
水,水,sêu2
說,说,sêu3,說服，說客，游說,勸說，用言語勸人
稅,税,sêu3
帥,帅,sêu3
歲,岁,sêu3
碎,碎,sêu3
誰,谁,sêu4
垂,垂,sêu4
陲,陲,sêu4
墅,墅,sêu5
髓,髓,sêu5
緒,绪,sêu5
絮,絮,sêu5/sêu6
祟,祟,sêu6
穗,穗,sêu6
瑞,瑞,sêu6
隧,隧,sêu6
萃,萃,sêu6
邃,邃,sêu6
燧,燧,sêu6
睡,睡,sêu6
粹,粹,sêu6
遂,遂,sêu6
悴,悴,sêu6
彗,彗,sêu6
瘁,瘁,sêu6/sêu5
牠,它,ta1
鉈,铊,ta1
她,她,ta1
他,他,ta1
祂,他,ta1
它,它,ta1
榻,榻,tab3
塌,塌,tab3
塔,塔,tab3
漯,漯,tab3,漯水，漯河,（古河流名）
遢,遢,tab3/tad3
闥,闼,tad3
撻,挞,tad3
躂,跶,tad3
韃,鞑,tad3
趿,趿,tad3
太,太,tai3
肽,肽,tai3
泰,泰,tai3
傣,傣,tai3
態,态,tai3
貸,贷,tai3
汰,汰,tai3
鈦,钛,tai3
貪,贪,tam1
毯,毯,tam2
菼,菼,tam2
探,探,tam3
罈,坛,tam3,"","",罎，壜
談,谈,tam4
曇,昙,tam4
覃,覃,tam4
痰,痰,tam4
潭,潭,tam4
譚,谭,tam4
郯,郯,tam4
澹,澹,tam4,澹台,（複姓）
淡,淡,tam5,淡水，淡綠，淡酒，清淡,（口語）鹽份少，不鹹；某成分少，不濃
癱,瘫,tan1
坍,坍,tan1
攤,摊,tan1
灘,滩,tan1
坦,坦,tan2
袒,袒,tan2
忐,忐,tan2
鉭,钽,tan2
疸,疸,tan2
亶,亶,tan2
炭,炭,tan3
歎,叹,tan3,"","",嘆
碳,碳,tan3
檀,檀,tan4
彈,弹,tan4,彈奏，彈琴，彈劾，彈琵琶，彈鋼琴，彈吉他，彈弦子，對牛彈琴,（動詞）演奏，撥弄樂器
壇,坛,tan4
梯,梯,tei1
銻,锑,tei1
鷈,䴘,tei1
體,体,tei2
涕,涕,tei3
嚏,嚏,tei3
剃,剃,tei3
屜,屉,tei3
替,替,tei3
緹,缇,tei4
堤,堤,tei4,"","",隄
啼,啼,tei4
鵜,鹈,tei4
題,题,tei4
蹄,蹄,tei4
提,提,tei4
醍,醍,tei4
娣,娣,tei5/dei6
飩,饨,ten1
吞,吞,ten1
褪,褪,ten3
疼,疼,teng4
騰,腾,teng4
謄,誊,teng4
藤,藤,teng4
滕,滕,teng4
偷,偷,teo1
透,透,teo3
頭,头,teo4
投,投,teo4
骰,骰,teo4/xig1
萜,萜,tib3
貼,贴,tib3
帖,帖,tib3
餮,餮,tid3
鐵,铁,tid3
惕,惕,tig1
鋱,铽,tig1
剔,剔,tig1
忑,忑,tig1
忒,忒,tig1
倜,倜,tig1
裼,裼,tig1,"",嬰兒的衣服、被褥等
添,添,tim1
舔,舔,tim2
甜,甜,tim4
恬,恬,tim4
菾,菾,tim4
天,天,tin1
腆,腆,tin2
鈿,钿,tin4,銅鈿，洋鈿，房鈿，車鈿，船鈿，幾鈿,（方）錢，硬幣
填,填,tin4,"","",塡
田,田,tin4
闐,阗,tin4
畋,畋,tin4
滇,滇,tin4/din1
鈿,钿,tin4/din6,鈿鏡，寶鈿，螺鈿，翠鈿，金鈿,把金屬、寶石等鑲嵌在物體上面作裝飾
殄,殄,tin5/tim5
烴,烃,ting1
汀,汀,ting1,汀線,水邊平地
廳,厅,ting1/téng1
聽,听,ting1/téng1,聽見，聽力，聽覺，聽到，聽從，好聽，打聽，聆聽，傾聽，言聽計從,用耳朵接受聲音
聽,听,ting3,聽憑，聽任，聽便，聽訟，聽其自然，聽天由命，聽之任之，垂簾聽政,憑，任，任由，任憑，處理，判斷
庭,庭,ting4
蜓,蜓,ting4
霆,霆,ting4
婷,婷,ting4
停,停,ting4
廷,廷,ting4
亭,亭,ting4
鋌,铤,ting5
挺,挺,ting5
艇,艇,ting5/téng5
挑,挑,tiu1,挑選，挑剔，挑刺，挑揀，挑燈，挑毛病，挑重擔，挑大梁，挑肥揀瘦，挑三揀四，挑字眼兒,用肩膀承擔；選，揀；故意找錯，或找出小毛病而加以指摘
挑,挑,tiu1/tiu5,挑釁，挑撥，挑戰，挑逗，挑弄，挑動，挑是非，挑撥離間,撥弄，撥動，惹起，引動，引起
跳,跳,tiu3
眺,眺,tiu3
迢,迢,tiu4
調,调,tiu4,調整，調停，調劑，調戲，調皮，調侃，調情，調和，調味，失調，空調，協調
條,条,tiu4
笤,笤,tiu4
齠,龆,tiu4
髫,髫,tiu4
蜩,蜩,tiu4
調,调,tiu4,調查,（口語）
窕,窕,tiu5
拖,拖,to1
妥,妥,to2
橢,椭,to2
唾,唾,to3/tê3
陀,陀,to4
沱,沱,to4
駝,驼,to4
鴕,鸵,to4
佗,佗,to4
馱,驮,to4,馱運，馱獸，馱馬，馱轎,（動詞）牲口用背負載人或物
舵,舵,to4
砣,砣,to4
鼉,鼍,to4
庹,庹,tog3
託,托,tog3,"","",托，讬
橐,橐,tog3
托,托,tog3
拓,拓,tog3
柝,柝,tog3
苔,苔,toi1,舌苔,一種舌頭上的物質
胎,胎,toi1
枱,台,toi4,"","",檯
跆,跆,toi4
台,台,toi4,"","",臺
苔,苔,toi4,青苔,一種植物
颱,台,toi4
薹,薹,toi4
抬,抬,toi4,"","",擡
邰,邰,toi4
湯,汤,tong1
鏜,镗,tong1
淌,淌,tong2
倘,倘,tong2
躺,躺,tong2
儻,傥,tong2
帑,帑,tong2
蹚,蹚,tong3
燙,烫,tong3
趟,趟,tong3
熨,熨,tong3,熨斗,（俗）把衣服燙平；把衣服燙平的工具
堂,堂,tong4
唐,唐,tong4
膛,膛,tong4
螳,螳,tong4
塘,塘,tong4
棠,棠,tong4
幢,幢,tong4,石幢，經幢，一幢別墅,（量詞）用於樓房、房屋等；（古）刻著佛號或經咒的石柱
醣,醣,tong4
溏,溏,tong4
螗,螗,tong4
糖,糖,tong4/tong2
搪,搪,tong4/tong5
饕,饕,tou1
滔,滔,tou1
叨,叨,tou1,叨光，叨教，叨擾，叨陪,（客套話）承受，得到，受到好處
韜,韬,tou1
釷,钍,tou2
討,讨,tou2
禱,祷,tou2
土,土,tou2
吐,吐,tou3,吐露，吐字，吐痰，吐氣，吐穗，吐絮，吐芽，吐訴，吐話，吐實，吐屬，吐口，吐血，吐沫，吐瀉，談吐，嘔吐，吐口水，吐故納新，吐出贓款，上吐下瀉,東西從嘴裡出來
兔,兔,tou3
套,套,tou3
圖,图,tou4
逃,逃,tou4
塗,涂,tou4
萄,萄,tou4
鼗,鼗,tou4
掏,掏,tou4
涂,涂,tou4
濤,涛,tou4
桃,桃,tou4
徒,徒,tou4
淘,淘,tou4
荼,荼,tou4
途,途,tou4
啕,啕,tou4
陶,陶,tou4
屠,屠,tou4
檮,梼,tou4
洮,洮,tou4,洮河,（水名）
肚,肚,tou5
禿,秃,tug1
通,通,tung1
統,统,tung2
桶,桶,tung2
捅,捅,tung2
筒,筒,tung2/tung4
痛,痛,tung3
童,童,tung4
酮,酮,tung4
銅,铜,tung4
佟,佟,tung4
衕,同,tung4
僮,僮,tung4,僮僕，家僮，書僮,（古）未成年的奴僕
同,同,tung4,"","",仝
峒,峒,tung4
彤,彤,tung4
瞳,瞳,tung4
桐,桐,tung4
潼,潼,tung4
踢,踢,tég3
湍,湍,tên1/jun1
彖,彖,tên3
盾,盾,tên5
推,推,têu1
腿,腿,têu2
蛻,蜕,têu3
退,退,têu3
頹,颓,têu4
脫,脱,tüd3
囤,囤,tün4
團,团,tün4
豚,豚,tün4
臀,臀,tün4
屯,屯,tün4
糰,团,tün4
斷,断,tün5,斷絕，斷電，斷交，斷奶，斷氣，割斷，截斷，繩子斷了,（口語）長形的東西折掉或從中間截開，隔絕，不繼續
屋,屋,ug1
甕,瓮,ung3
齆,齆,ung3
窪,洼,wa1
娃,娃,wa1
哇,哇,wa1
蛙,蛙,wa1
嘩,哗,wa1
譁,哗,wa1
凹,凹,wa1,"",（地名，人名）
話,话,wa2,話劇，話筒，笑話，會話，俗話，神話，童話，閒話，土話，傳話，說話，講話，廣州話，普通話，一句話,（名詞，口語）話語，語言，說出的語言
剮,剐,wa2
畫,画,wa2/wa6,畫家，筆畫,（名詞）
華,华,wa4,華麗，華人，精華，中華，年華
驊,骅,wa4
划,划,wa4/wa1
踝,踝,wa5
華,华,wa6,華山，華佗,（姓，地名）
話,话,wa6,話舊，話別，話本，對話，茶話，話家常,（動詞）說，談，談論；（名詞）話語，語言，說出的語言
樺,桦,wa6/wa4
斡,斡,wad3
挖,挖,wad3
滑,滑,wad6
猾,猾,wad6
惑,惑,wag6
或,或,wag6
劃,划,wag6
畫,画,wag6,畫圖，畫畫,（動詞）
歪,歪,wai1
懷,怀,wai4
槐,槐,wai4
淮,淮,wai4
壞,坏,wai6
彎,弯,wan1
灣,湾,wan1
綰,绾,wan2
玩,玩,wan2,玩兒，玩火，玩足球，玩遊戲，玩皮球，出去玩,遊戲，玩耍
頑,顽,wan4
鬟,鬟,wan4
還,还,wan4
環,环,wan4
玩,玩,wan4,玩笑，玩意，開玩笑,耍笑捉弄
寰,寰,wan4
鍰,锾,wan4
圜,圜,wan4,轉圜,環繞，圍繞
挽,挽,wan5
輓,挽,wan5
幻,幻,wan6
宦,宦,wan6
患,患,wan6
豢,豢,wan6
橫,横,wang4,橫跨，縱橫，橫斷面
橫,横,wang6,橫財，橫禍，蠻橫,粗暴，意外，不吉利
屈,屈,wed1
鬱,郁,wed1
熨,熨,wed1,熨貼,恰當，貼切，妥貼，舒適
鷸,鹬,wed6,鷸蚌相爭
聿,聿,wed6/lêd6
威,威,wei1
委,委,wei1,委蛇，虛與委蛇,應付，敷衍
逶,逶,wei1
葳,葳,wei1
崴,崴,wei1
萎,萎,wei2
喟,喟,wei2
痿,痿,wei2
卉,卉,wei2
猥,猥,wei2
委,委,wei2,委任，委託，委派，委員，委婉，委屈，主委，編委，常委，省委，政委，委以重任,任命，託付
毀,毁,wei2,"","",譭，燬
諉,诿,wei2
蔚,蔚,wei3
餵,喂,wei3
畏,畏,wei3
穢,秽,wei3
慰,慰,wei3
尉,尉,wei3
喂,喂,wei3
薈,荟,wei3/wui6
違,违,wei4
唯,唯,wei4
桅,桅,wei4
帷,帷,wei4
為,为,wei4,以為，認為,"",爲
惟,惟,wei4
圍,围,wei4
維,维,wei4
遺,遗,wei4
闈,闱,wei4
濰,潍,wei4
韙,韪,wei5
偉,伟,wei5
瑋,玮,wei5
葦,苇,wei5
緯,纬,wei5
韋,韦,wei5
諱,讳,wei5
煒,炜,wei5
暐,𬀩,wei5
位,位,wei6
惠,惠,wei6
謂,谓,wei6
衛,卫,wei6,"","",衞
胃,胃,wei6
慧,慧,wei6
為,为,wei6,為了，因為,"",爲
蝟,猬,wei6
渭,渭,wei6
蕙,蕙,wei6
氳,氲,wen1
瘟,瘟,wen1
溫,温,wen1
贇,赟,wen1
穩,稳,wen2
慍,愠,wen3
蘊,蕴,wen3
醞,酝,wen3
搵,揾,wen3
蕓,芸,wen4
云,云,wen4
筠,筠,wen4,"",竹子的青皮
暈,晕,wen4,暈倒，暈厥，暈眩，暈船，暈車，暈機，頭暈，發暈，眼暈，暈過去，暈頭轉向，暈頭暈腦，頭暈眼花,頭昏，昏迷，頭腦不清，喪失知覺；乘坐交通工具時頭腦不舒服
耘,耘,wen4
妘,妘,wen4
勻,匀,wen4
渾,浑,wen4
魂,魂,wen4
餛,馄,wen4
鋆,鋆,wen4,"",金子
芸,芸,wen4
紜,纭,wen4
雲,云,wen4
昀,昀,wen4
琿,珲,wen4
隕,陨,wen5
尹,尹,wen5
允,允,wen5
殞,殒,wen5
狁,狁,wen5
暈,晕,wen6,日暈，月暈，紅暈，墨暈，燈暈，酒暈,出現在日月周圍的光環
熨,熨,wen6,熨斗,把衣服燙平；把衣服燙平的工具
混,混,wen6,"","",溷
運,运,wen6
諢,诨,wen6
鄆,郓,wen6
韻,韵,wen6/wen5
閎,闳,weng4
宏,宏,weng4
弘,弘,weng4
泓,泓,weng4
紘,纮,weng4
域,域,wig6
閾,阈,wig6
蜮,蜮,wig6
罭,罭,wig6
扔,扔,wing1
嶸,嵘,wing4
榮,荣,wing4
蠑,蝾,wing4
永,永,wing5
詠,咏,wing6
泳,泳,wing6
穎,颖,wing6
潁,颍,wing6
鍋,锅,wo1
蝸,蜗,wo1
窩,窝,wo1
渦,涡,wo1
撾,挝,wo1
媧,娲,wo1
倭,倭,wo1
萵,莴,wo1
堝,埚,wo1
窠,窠,wo1/fo1
禾,禾,wo4
和,和,wo4,和平，和諧，和好，和服，講和，共和，暖和，軟和，熱和,停戰，不爭執，順適；氣候溫暖
禍,祸,wo6
和,和,wo6,和詩，和韻，和答，唱和，附和，酬和，和麵，和泥，和弄，拌和，摻和，攪和，和稀泥，曲高和寡，一唱一和，用水和麵,聲音相應；加水攪拌或揉弄粉狀物；拌，調勻，攙和，混合
獲,获,wog6
穫,获,wog6
鑊,镬,wog6
汪,汪,wong1
枉,枉,wong2
王,王,wong4
隍,隍,wong4
煌,煌,wong4
遑,遑,wong4
蝗,蝗,wong4
黃,黄,wong4
皇,皇,wong4
磺,磺,wong4
惶,惶,wong4
潢,潢,wong4
凰,凰,wong4
徨,徨,wong4
簧,簧,wong4
蟥,蟥,wong4
璜,璜,wong4
往,往,wong5
旺,旺,wong6
鄔,邬,wu1
污,污,wu1,"","",汙
鎢,钨,wu1
烏,乌,wu1
嗚,呜,wu1
惡,恶,wu1,惡乎,（古疑問代詞、歎詞）何，怎麼
塢,坞,wu2
滸,浒,wu2
和,和,wu2,"",（賭博用語）打麻將獲勝
糊,糊,wu2,麵糊，芋糊，米糊，糨糊，芝麻糊，花生糊，玉米糊，辣椒糊,（名詞）濃稠如粥的食物
惡,恶,wu3,可惡，厭惡，憎惡，好惡，深惡痛絕，好逸惡勞,討厭，憎恨
糊,糊,wu4,糊牆，糊泥，糊塗，糊弄，糊人，糊著，含糊，模糊，迷糊，黏糊，爛糊，糊信封，糊燈籠，糊窟窿，糊頂棚,（動詞）黏貼，用糊狀物塗抹；（形容詞）不清楚，不明白，不明事理；（動詞，方言）敷衍，愚弄，矇騙，矇混
葫,葫,wu4
壺,壶,wu4
湖,湖,wu4
狐,狐,wu4
蝴,蝴,wu4
瑚,瑚,wu4
猢,猢,wu4
煳,煳,wu4
餬,糊,wu4
鬍,胡,wu4
衚,胡,wu4
鶘,鹕,wu4
弧,弧,wu4
胡,胡,wu4
醐,醐,wu4
滬,沪,wu6
扈,扈,wu6
護,护,wu6
祜,祜,wu6
戶,户,wu6
互,互,wu6
芋,芋,wu6
怙,怙,wu6
瓠,瓠,wu6/wu4
活,活,wud6
偎,偎,wui1
煨,煨,wui1
回,回,wui4,"","",囘，囬
徊,徊,wui4
洄,洄,wui4
迴,回,wui4,"","",廻
蛔,蛔,wui4
會,会,wui5,會說，不會，會游泳，不會來，不會懂，能說會道，不會不懂，一定會實現,能，能夠，善於，可能，有能力做，懂得怎樣做
匯,汇,wui6,"","",滙
會,会,wui6,會合，會話，會審，會師，會齊，會客，會面，會意，會賬，都會，省會，誤會，領會，機會，一會，一會兒，這會兒，那會兒，多會兒，適逢其會,聚合，集合，合攏，合在一起；城市；見面；理解，領悟；片刻，很短的時間
燴,烩,wui6
彙,汇,wui6/wei6
會,会,wui6/wui2,會議，開會，舞會，集會，工會，紀念會，學生會,多人集合的活動或組織
剜,剜,wun1
碗,碗,wun2
腕,腕,wun2
莞,莞,wun2,莞爾，莞爾一笑,微笑的樣子
豌,豌,wun2/wun1
玩,玩,wun2/wun6,古玩，珍玩,供玩賞的東西
惋,惋,wun2/yun2
垣,垣,wun4
桓,桓,wun4
援,援,wun4/yun4
浣,浣,wun5
皖,皖,wun5
喚,唤,wun6
換,换,wun6
瘓,痪,wun6
緩,缓,wun6
玩,玩,wun6,玩弄，玩具，玩味，遊玩，玩世不恭,戲弄，耍弄，觀賞
奐,奂,wun6
煥,焕,wun6
渙,涣,wun6
施,施,xi1
私,私,xi1
絲,丝,xi1
師,师,xi1
獅,狮,xi1
詩,诗,xi1
尸,尸,xi1
撕,撕,xi1
蓍,蓍,xi1
斯,斯,xi1
司,司,xi1
思,思,xi1,思想，思考，思念，思索，思路，思緒，深思，反思，心思，構思，單相思，三思而行，百思不解，深思熟慮，胡思亂想，飲水思源，不假思索，不可思議,想，懷念，想念；想法，意念
屍,尸,xi1
廝,厮,xi1
鍶,锶,xi1
偲,偲,xi1
史,史,xi2
屎,屎,xi2
使,使,xi2,使用，使喚，支使，驅使，假使，即使，迫使，促使,用，差遣，令
諡,谥,xi3,"","",謚
肆,肆,xi3
弒,弑,xi3
試,试,xi3
駟,驷,xi3
嗜,嗜,xi3
使,使,xi3,使節，使命，使者，使徒，大使，特使，天使,奉命辦理事物；派駐國外進行外交事務的人員
泗,泗,xi3
思,思,xi3/xi1,意思，好意思，小意思，有意思，不好意思,意義，含義，意見，心意，用意，趨勢，趣味
蒔,莳,xi4
時,时,xi4
鰣,鲥,xi4
匙,匙,xi4,鑰匙，鎖匙,開鎖的器具
市,市,xi5
事,事,xi6
仕,仕,xi6
士,士,xi6
侍,侍,xi6
是,是,xi6
伺,伺,xi6,伺候,守候，服侍，照料
視,视,xi6
氏,氏,xi6,姓氏，無名氏
豉,豉,xi6
示,示,xi6
攝,摄,xib3
涉,涉,xib3
歙,歙,xib3,歙縣,（地名）
懾,慑,xib3/jib3
屑,屑,xid3
洩,泄,xid3
竊,窃,xid3
褻,亵,xid3
薛,薛,xid3
楔,楔,xid3
絏,绁,xid3,"","",紲
媟,媟,xid3
揳,揳,xid3/xib3
舌,舌,xid6/xid3
式,式,xig1
飾,饰,xig1
晰,晰,xig1
析,析,xig1
色,色,xig1
適,适,xig1
媳,媳,xig1
嗇,啬,xig1
釋,释,xig1
淅,淅,xig1
蟋,蟋,xig1
悉,悉,xig1
螫,螫,xig1,螫針，螫傷,毒蟲刺人
熄,熄,xig1
軾,轼,xig1
昔,昔,xig1
皙,皙,xig1
息,息,xig1
拭,拭,xig1
蜥,蜥,xig1
識,识,xig1,識別，識字，認識，見識，知識，常識，膽識，素不相識,知道，認得，認識
惜,惜,xig1
銫,铯,xig1
瘜,瘜,xig1
奭,奭,xig1
窸,窸,xig1
裼,裼,xig1/xig3,袒裼，袒裼裸裎,（古）長衣
蝕,蚀,xig6
食,食,xig6
苫,苫,xim1,苫布，草苫子,（名詞）以草編成的覆蓋物
閃,闪,xim2
陝,陕,xim2
苫,苫,xim3,苫布，苫上,（動詞）用草編成的席、布等覆蓋
禪,禅,xim4,禪宗，坐禪,指與佛教有關的事物
蟾,蟾,xim4
單,单,xim4,單于,匈奴君主的稱號
贍,赡,xim6
鮮,鲜,xin1,鮮花，鮮美，鮮明，鮮豔，鮮嫩，新鮮，海鮮，嚐鮮，屢見不鮮,美味，甜美，清新
先,先,xin1
仙,仙,xin1
酰,酰,xin1
秈,籼,xin1
氙,氙,xin1/san1
鮮,鲜,xin2,鮮有，鮮見，鮮少，鮮為人知，寡廉鮮恥,少，寡，不多
跣,跣,xin2
冼,冼,xin2
癬,癣,xin2
騸,骟,xin3
腺,腺,xin3
扇,扇,xin3
煽,煽,xin3
霰,霰,xin3
線,线,xin3,"","",綫
蟬,蝉,xin4
澶,澶,xin4
鱔,鳝,xin5
嬗,嬗,xin6
擅,擅,xin6
膳,膳,xin6
倩,倩,xin6
善,善,xin6
羨,羡,xin6
繕,缮,xin6
鄯,鄯,xin6
單,单,xin6,單縣,（姓，地名）
禪,禅,xin6,禪讓,帝王把帝位讓給別人
撣,掸,xin6,撣族，撣邦,傣族的舊稱；緬甸民族之一
茜,茜,xin6,茜草，茜紗,紅色
陞,升,xing1
惺,惺,xing1
猩,猩,xing1
星,星,xing1
勝,胜,xing1,勝任，不勝，不勝枚舉，不可勝數，數不勝數,能承受，禁得起
昇,升,xing1
升,升,xing1
腥,腥,xing1/séng1
聲,声,xing1/séng1
省,省,xing2,反省，不省人事
醒,醒,xing2/séng2
聖,圣,xing3
勝,胜,xing3,勝利，戰勝，勝訴，勝過，勝似，勝於，勝會，勝地，勝景，取勝，名勝，獲勝，優勝，打勝仗，略勝一籌，名山勝景，以少勝多，引人入勝，旗開得勝，出奇制勝,打敗，超過；優美
姓,姓,xing3
性,性,xing3
丞,丞,xing4
城,城,xing4
成,成,xing4
承,承,xing4
乘,乘,xing4
盛,盛,xing4,盛飯，盛湯，盛水，盛滿，盛不了，盛水不漏,用容器裝東西
繩,绳,xing4
誠,诚,xing4
澠,渑,xing4,澠水,（古河流名）
晟,晟,xing4
宬,宬,xing4
剩,剩,xing6
盛,盛,xing6,茂盛，昌盛，興盛，盛大，盛開，盛事，盛傳，盛宴，盛怒，盛情，盛意，盛會，盛產，盛舉，盛行，盛裝，盛誇，盛讚，盛饌，旺盛，繁盛，豐盛，盛情難卻，盛況空前，全盛時期，年輕氣盛，桃花盛開，生意興盛,興旺，繁榮，隆重；大規模，程度深，極為
嵊,嵊,xing6
魈,魈,xiu1
宵,宵,xiu1
消,消,xiu1
霄,霄,xiu1
瀟,潇,xiu1
韶,韶,xiu1
銷,销,xiu1
燒,烧,xiu1
蕭,萧,xiu1
硝,硝,xiu1
逍,逍,xiu1
簫,箫,xiu1
小,小,xiu2
少,少,xiu2,少數，多少,不多
筱,筱,xiu2
少,少,xiu3,少年，少爺，少男，少女，惡少，老少,年輕，青年
嘯,啸,xiu3
笑,笑,xiu3
邵,邵,xiu6
紹,绍,xiu6
兆,兆,xiu6
肇,肇,xiu6
劭,劭,xiu6
召,召,xiu6,"",（姓）
紓,纾,xu1
舒,舒,xu1
書,书,xu1
樞,枢,xu1
輸,输,xu1
抒,抒,xu1
樗,樗,xu1
黍,黍,xu2
暑,暑,xu2
鼠,鼠,xu2
恕,恕,xu3
戍,戍,xu3
庶,庶,xu3
殊,殊,xu4
薯,薯,xu4
豎,竖,xu6
樹,树,xu6
澍,澍,xu6
雪,雪,xud3
鱈,鳕,xud3
說,说,xud3,說話，說笑，說法，說明，小說，學說，傳說,講話，解釋
孫,孙,xun1
猻,狲,xun1
宣,宣,xun1
酸,酸,xun1
狻,狻,xun1
瑄,瑄,xun1
飧,飧,xun1
悛,悛,xun1
蓀,荪,xun1
選,选,xun2
損,损,xun2
蒜,蒜,xun3
算,算,xun3
渲,渲,xun3/hün1
璇,璇,xun4
船,船,xun4
漩,漩,xun4
旋,旋,xun4
璿,璿,xun4
䴉,鹮,xun4
吮,吮,xun5
雋,隽,xun5
篆,篆,xun6
也,也,ya5
泣,泣,yeb1
熠,熠,yeb1
悒,悒,yeb1
翕,翕,yeb1
挹,挹,yeb1
邑,邑,yeb1
揖,揖,yeb1
入,入,yeb6
壹,壹,yed1
一,一,yed1
逸,逸,yed6
軼,轶,yed6
日,日,yed6
溢,溢,yed6
佚,佚,yed6
鎰,镒,yed6
跩,跩,yei6
曳,曳,yei6
音,音,yem1
陰,阴,yem1
欽,钦,yem1
歆,歆,yem1
鑫,鑫,yem1
喑,喑,yem1
飲,饮,yem2
蔭,荫,yem3
窨,窨,yem3
壬,壬,yem4
霪,霪,yem4
淫,淫,yem4
吟,吟,yem4
任,任,yem4,任縣，任丘,（姓，地名）
荏,荏,yem5/yem6
妊,妊,yem6
飪,饪,yem6
任,任,yem6,任務，任意，任命，任職，任用，任憑，信任，重任，擔任，就任，離任，委任，連任，放任，聽之任之，任重道遠,擔當，承受，職責，職務，委派
任,任,yem6,任縣，任丘,（俗：姓，地名）
賃,赁,yem6
衽,衽,yem6,"","",袵
氤,氤,yen1
恩,恩,yen1
因,因,yen1
茵,茵,yen1
堙,堙,yen1,"","",陻
姻,姻,yen1
甄,甄,yen1
昕,昕,yen1
欣,欣,yen1
殷,殷,yen1
忻,忻,yen1
洇,洇,yen1
隱,隐,yen2
癮,瘾,yen2
忍,忍,yen2
印,印,yen3
仁,仁,yen4
夤,夤,yen4
寅,寅,yen4
人,人,yen4
蚓,蚓,yen5
引,引,yen5
釁,衅,yen6
孕,孕,yen6
胤,胤,yen6
紉,纫,yen6
刃,刃,yen6
仞,仞,yen6
韌,韧,yen6/ngeng6
丘,丘,yeo1
休,休,yeo1
幽,幽,yeo1
憂,忧,yeo1
邱,邱,yeo1
優,优,yeo1
蚯,蚯,yeo1
貅,貅,yeo1
鵂,鸺,yeo1
咻,咻,yeo1
髹,髹,yeo1
黝,黝,yeo2
柚,柚,yeo2,柚子，葡萄柚,一種常綠喬木
幼,幼,yeo3
疣,疣,yeo4
郵,邮,yeo4
柔,柔,yeo4
攸,攸,yeo4
油,油,yeo4
揉,揉,yeo4
遊,游,yeo4
鈾,铀,yeo4
酋,酋,yeo4
猶,犹,yeo4
魷,鱿,yeo4
悠,悠,yeo4
由,由,yeo4
尤,尤,yeo4
蹂,蹂,yeo4
游,游,yeo4
蚰,蚰,yeo4,蚰蜒
楢,楢,yeo4
鞣,鞣,yeo4
猷,猷,yeo4
柚,柚,yeo4/yeo2,柚木,一種落葉喬木
酉,酉,yeo5
友,友,yeo5
誘,诱,yeo5
有,有,yeo5
莠,莠,yeo5
牖,牖,yeo5
釉,釉,yeo6
又,又,yeo6
囿,囿,yeo6
宥,宥,yeo6
侑,侑,yeo6
佑,佑,yeo6,"","",祐
右,右,yeo6
鼬,鼬,yeo6
狖,狖,yeo6
依,依,yi1
衣,衣,yi1
銥,铱,yi1
漪,漪,yi1
醫,医,yi1
伊,伊,yi1
黟,黟,yi1
猗,猗,yi1
禕,祎,yi1
椅,椅,yi2
綺,绮,yi2
倚,倚,yi2
旖,旖,yi2
齮,齮,yi2
鐿,镱,yi3
薏,薏,yi3
癔,癔,yi3
意,意,yi3
懿,懿,yi3
詒,诒,yi4
怡,怡,yi4
而,而,yi4
誼,谊,yi4
頤,颐,yi4
迤,迤,yi4,逶迤
儀,仪,yi4
姨,姨,yi4
宜,宜,yi4
夷,夷,yi4
疑,疑,yi4
貽,贻,yi4
兒,儿,yi4
痍,痍,yi4
胰,胰,yi4
移,移,yi4
飴,饴,yi4
咦,咦,yi4
彞,彝,yi4
沂,沂,yi4,沂河,（水名）
眙,眙,yi4
蛇,蛇,yi4,委蛇，虛與委蛇
匜,匜,yi4
議,议,yi5
矣,矣,yi5
以,以,yi5
邇,迩,yi5
耳,耳,yi5
已,已,yi5
擬,拟,yi5
迤,迤,yi5,迤邐
洱,洱,yi5
爾,尔,yi5
苡,苡,yi5
貳,贰,yi6
異,异,yi6
肄,肄,yi6
義,义,yi6
劓,劓,yi6
二,二,yi6
易,易,yi6,易懂，容易
靨,靥,yib3
葉,叶,yib6
燁,烨,yib6
業,业,yib6
頁,页,yib6
鄴,邺,yib6
曄,晔,yib6
謁,谒,yid3
噎,噎,yid3
咽,咽,yid3,哽咽，嗚咽,阻塞；聲音低沉、悲淒、滯澀
熱,热,yid6
拽,拽,yid6
孽,孽,yid6
櫱,蘖,yid6
臬,臬,yid6/nib6
抑,抑,yig1
億,亿,yig1
臆,臆,yig1
益,益,yig1
憶,忆,yig1
鬩,阋,yig1
疫,疫,yig6
譯,译,yig6
繹,绎,yig6
亦,亦,yig6
奕,奕,yig6
驛,驿,yig6
役,役,yig6
翊,翊,yig6
液,液,yig6
翼,翼,yig6
弈,弈,yig6
蜴,蜴,yig6
腋,腋,yig6
翌,翌,yig6
易,易,yig6,易經，貿易，以物易物，移風易俗，時移勢易
弋,弋,yig6
掖,掖,yig6
杙,杙,yig6
燚,燚,yig6
懌,怿,yig6
逆,逆,yig6/ngag6
淹,淹,yim1
閹,阉,yim1
奄,奄,yim1
懨,恹,yim1
醃,腌,yim1/yib3
魘,魇,yim2
掩,掩,yim2
揜,揜,yim2
饜,餍,yim3
厭,厌,yim3
鹽,盐,yim4
炎,炎,yim4
嚴,严,yim4
髯,髯,yim4
蚺,蚺,yim4
嫌,嫌,yim4
閻,阎,yim4
閆,闫,yim4
簷,檐,yim4/xim4
冉,冉,yim5
儼,俨,yim5
苒,苒,yim5
染,染,yim5
琰,琰,yim5
驗,验,yim6
艷,艳,yim6
灧,滟,yim6,"","",灩
焰,焰,yim6,"","",燄
咽,咽,yin1,咽喉，咽頭,食道的上端部分
煙,烟,yin1,煙草，抽煙,"",菸
湮,湮,yin1
焉,焉,yin1,焉能如此，焉知非福，焉得虎子,（疑問詞）豈，怎麼，如何
胭,胭,yin1
蔫,蔫,yin1
煙,烟,yin1,煙火，冒煙
燕,燕,yin1,燕京,（姓，地名）
嫣,嫣,yin1
鄢,鄢,yin1
閼,阏,yin1,閼氏,匈奴人妻或妾的稱號
偃,偃,yin2
演,演,yin2
鼴,鼹,yin2
堰,堰,yin2
兗,兖,yin2
衍,衍,yin2/hin2
燕,燕,yin3,燕子，家燕
宴,宴,yin3
嚥,咽,yin3,嚥氣，吞嚥，嚥口水，狼吞虎嚥，細嚼慢嚥,吞
延,延,yin4
燃,燃,yin4
筵,筵,yin4
妍,妍,yin4
蜒,蜒,yin4
焉,焉,yin4,心不在焉，有厚望焉,此，乃，才
言,言,yin4
涎,涎,yin4
研,研,yin4
賢,贤,yin4
然,然,yin4
舷,舷,yin4
弦,弦,yin4,"","",絃
綖,𫄧,yin4
埏,埏,yin4
莧,苋,yin6
硯,砚,yin6
現,现,yin6
彥,彦,yin6
讞,谳,yin6
諺,谚,yin6
唁,唁,yin6
瑛,瑛,ying1
膺,膺,ying1
纓,缨,ying1
嬰,婴,ying1
應,应,ying1,應該，理應
櫻,樱,ying1
英,英,ying1
鸚,鹦,ying1
鷹,鹰,ying1
映,映,ying2
影,影,ying2
應,应,ying3,應用，答應，回應
營,营,ying4
瀠,潆,ying4
形,形,ying4
刑,刑,ying4
蠅,蝇,ying4
仍,仍,ying4
嬴,嬴,ying4
瀛,瀛,ying4
縈,萦,ying4
螢,萤,ying4
邢,邢,ying4
贏,赢,ying4,贏錢，輸贏
楹,楹,ying4
迎,迎,ying4,"","",迊
盈,盈,ying4
瑩,莹,ying4
凝,凝,ying4
型,型,ying4
熒,荧,ying4
陘,陉,ying4
滎,荥,ying4
鎣,蓥,ying4
鉶,铏,ying4
瀅,滢,ying4/ying6
郢,郢,ying5
認,认,ying6
么,幺,yiu1
腰,腰,yiu1
妖,妖,yiu1
邀,邀,yiu1
吆,吆,yiu1
要,要,yiu1,要求，要挾,求取，脅迫，強迫
夭,夭,yiu1,夭夭，逃之夭夭,茂盛的樣子
擾,扰,yiu2
夭,夭,yiu2,夭亡，夭折，夭殤，壽夭,短命，未成年而早死
窈,窈,yiu2
繞,绕,yiu2/yiu5,"","",遶
要,要,yiu3,要緊，要點，要旨，要是，要素，要命，要塞，要好，要害，重要，主要，提要，摘要,嚴重，關鍵，緊要，需要
姚,姚,yiu4
謠,谣,yiu4
鰩,鳐,yiu4
饒,饶,yiu4
颻,飖,yiu4
嬈,娆,yiu4
搖,摇,yiu4
瑤,瑶,yiu4
堯,尧,yiu4
窯,窑,yiu4
遙,遥,yiu4
洮,洮,yiu4,洮湖,（湖名）
徭,徭,yiu4
舀,舀,yiu5
曜,曜,yiu6
鷂,鹞,yiu6
耀,耀,yiu6
唷,唷,yo1
喲,哟,yo1
迂,迂,yu1
於,于,yu1,於是，終於,（介詞）
淤,淤,yu1
瘀,瘀,yu2
嫗,妪,yu2
傴,伛,yu2
酗,酗,yu3/hêu2/hêu3
渝,渝,yu4
輿,舆,yu4
揄,揄,yu4
如,如,yu4
俞,俞,yu4
虞,虞,yu4
萸,萸,yu4
隅,隅,yu4
予,予,yu4,予取予求,我，吾
覦,觎,yu4
儒,儒,yu4
諛,谀,yu4
茹,茹,yu4
狳,狳,yu4
嚅,嚅,yu4
娛,娱,yu4
漁,渔,yu4
盂,盂,yu4
魚,鱼,yu4
歟,欤,yu4
余,余,yu4,"",（代詞、姓）我
蠕,蠕,yu4
于,于,yu4,"",（姓）
蝓,蝓,yu4
榆,榆,yu4
餘,余,yu4,餘下，餘留，多餘，業餘，剩餘，有餘，之餘，餘音繞樑，不遺餘力，心有餘悸,剩下的，多出的，不盡的，殘留的，未完的,馀
禺,禺,yu4
逾,逾,yu4
臾,臾,yu4
竽,竽,yu4
濡,濡,yu4
愚,愚,yu4
妤,妤,yu4
愉,愉,yu4
瑜,瑜,yu4
踰,逾,yu4
腴,腴,yu4
薷,薷,yu4
雩,雩,yu4
璵,玙,yu4
孺,孺,yu4/yu6
雨,雨,yu5
羽,羽,yu5
乳,乳,yu5
宇,宇,yu5
語,语,yu5,語言，口語,（名詞）話
與,与,yu5,與其，授與，給與，贈與，與虎謀皮，與人為善，與人方便，時不我與,（連詞）和，跟；（動詞）給，贈，贊助
禹,禹,yu5
齬,龉,yu5
圄,圄,yu5
瑀,瑀,yu5
予,予,yu5,賜予，賦予，給予，贈予，寄予，不予置評,授，給
敔,敔,yu5
貐,貐,yu5
汝,汝,yu5
圉,圉,yu5
窳,窳,yu5
諭,谕,yu6
寓,寓,yu6
裕,裕,yu6
御,御,yu6
愈,愈,yu6
馭,驭,yu6
癒,愈,yu6
預,预,yu6
遇,遇,yu6
譽,誉,yu6
豫,豫,yu6
與,与,yu6,與會，與賽，參與,（動詞）參加
語,语,yu6,不以語人,（動詞）告訴
禦,御,yu6
喻,喻,yu6
蕷,蓣,yu6
籲,吁,yu6
澦,滪,yu6
閱,阅,yud6
穴,穴,yud6
越,越,yud6
釔,钇,yud6
鉞,钺,yud6
曰,曰,yud6
月,月,yud6
粵,粤,yud6
悅,悦,yud6
玥,玥,yud6
乙,乙,yud6/yud3
煜,煜,yug1
毓,毓,yug1
郁,郁,yug1
沃,沃,yug1
昱,昱,yug1
彧,彧,yug1
頊,顼,yug1
旭,旭,yug1
蓐,蓐,yug6
褥,褥,yug6
鈺,钰,yug6
浴,浴,yug6
辱,辱,yug6
育,育,yug6
獄,狱,yug6
肉,肉,yug6
欲,欲,yug6
玉,玉,yug6
慾,欲,yug6
縟,缛,yug6
鬻,鬻,yug6
峪,峪,yug6/yu6
蜿,蜿,yun1
鴛,鸳,yun1
淵,渊,yun1
冤,冤,yun1,"","",寃
鳶,鸢,yun1
宛,宛,yun2
苑,苑,yun2
婉,婉,yun2
琬,琬,yun2
菀,菀,yun2
畹,畹,yun2
怨,怨,yun3
轅,辕,yun4
圓,圆,yun4
猿,猿,yun4
眩,眩,yun4
緣,缘,yun4
元,元,yun4
員,员,yun4
玄,玄,yun4
芫,芫,yun4
源,源,yun4
園,园,yun4
鉛,铅,yun4
烷,烷,yun4
沿,沿,yun4
懸,悬,yun4
原,原,yun4
袁,袁,yun4
完,完,yun4
沅,沅,yun4
紈,纨,yun4
塬,塬,yun4,"",（地名）
螈,螈,yun4
黿,鼋,yun4
圜,圜,yun4,圜丘，圜牆，圜扉,圓，圓形
爰,爰,yun4/wun4
丸,丸,yun4/yun2
阮,阮,yun5
軟,软,yun5
遠,远,yun5,遠處，永遠，深遠,不近，距離或時間長
願,愿,yun6
院,院,yun6
媛,媛,yun6
縣,县,yun6
炫,炫,yun6/yun4
遠,远,yun6/yun5,敬而遠之,不接近，不親近
翁,翁,yung1
雍,雍,yung1
廱,廱,yung1
邕,邕,yung1
嗡,嗡,yung1
饔,饔,yung1
佣,佣,yung2
踴,踊,yung2
俑,俑,yung2
湧,涌,yung2
冗,冗,yung2
擁,拥,yung2
臃,臃,yung2
蛹,蛹,yung2
慂,恿,yung2
戎,戎,yung4
茸,茸,yung4
鱅,鳙,yung4
慵,慵,yung4
溶,溶,yung4
融,融,yung4
榕,榕,yung4
蓉,蓉,yung4
傭,佣,yung4
庸,庸,yung4
熔,熔,yung4
鏞,镛,yung4
容,容,yung4
狨,狨,yung4
絨,绒,yung4/yung2
勇,勇,yung5
用,用,yung6
椰,椰,yé4
邪,邪,yé4,是邪，非邪，莫邪,（文言）表示疑問、感嘆等語氣,耶
揶,揶,yé4
耶,耶,yé4
爺,爷,yé4
琊,琊,yé4,瑯琊,（地名）
冶,冶,yé5
野,野,yé5
惹,惹,yé5
若,若,yé5,般若，蘭若,（梵文音譯詞）
夜,夜,yé6
偌,偌,yé6
贏,赢,yéng4,"",（口語）
約,约,yêg3
鑰,钥,yêg6
藥,药,yêg6
若,若,yêg6,若干，倘若，如若，宛若，旁若無人，欣喜若狂,如，似，如果，假如，好像
虐,虐,yêg6
謔,谑,yêg6
躍,跃,yêg6
瘧,疟,yêg6
蒻,蒻,yêg6
弱,弱,yêg6
籥,籥,yêg6
龠,龠,yêg6
瀹,瀹,yêg6
潤,润,yên6
閏,闰,yên6
秧,秧,yêng1
鴦,鸯,yêng1
央,央,yêng1
殃,殃,yêng1
鞅,鞅,yêng2
洋,洋,yêng4
暘,旸,yêng4
佯,佯,yêng4
揚,扬,yêng4
陽,阳,yêng4
羊,羊,yêng4
颺,飏,yêng4
瘍,疡,yêng4
烊,烊,yêng4
楊,杨,yêng4
徉,徉,yêng4
瀼,瀼,yêng4
禳,禳,yêng4
穰,穰,yêng4
蘘,蘘,yêng4
煬,炀,yêng4
攘,攘,yêng4,攘外，攘奪，攘除，攘臂，攘為己有,搶奪，侵奪，排斥，抵禦；捋起
仰,仰,yêng5
養,养,yêng5
氧,氧,yêng5
攘,攘,yêng5,熙攘，擾攘，熙熙攘攘,擾亂
癢,痒,yêng5
嚷,嚷,yêng5/yêng6
讓,让,yêng6
樣,样,yêng6
漾,漾,yêng6
壤,壤,yêng6
釀,酿,yêng6
恙,恙,yêng6
蕤,蕤,yêu4
蕊,蕊,yêu5
銳,锐,yêu6
裔,裔,yêu6
睿,睿,yêu6
芮,芮,yêu6
渣,渣,za1
糌,糌,za1
吒,吒,za1
咱,咱,za1
楂,楂,za1
齇,齇,za1
查,查,za1,"",（姓）
咋,咋,za1,咋呼，咋唬,（方言）吆喝，喊叫，炫耀，張揚
抓,抓,za1/zao2
咋,咋,za2,咋辦，咋樣，咋回事,（方言）怎，怎麼
炸,炸,za3
詐,诈,za3
乍,乍,za3
榨,榨,za3,"","",搾
咤,咤,za3
柞,柞,za3,柞水,（地名）
蚱,蚱,za3/zag3
嵖,嵖,za6
膪,膪,za6
眨,眨,zab3
咂,咂,zab3
匝,匝,zab3
砸,砸,zab3
閘,闸,zab6
集,集,zab6
習,习,zab6
雜,杂,zab6
什,什,zab6,什錦，什物，家什,各種各樣，雜樣
襲,袭,zab6
隰,隰,zab6
札,札,zad3
扎,扎,zad3
軋,轧,zad3,軋鋼，軋機，熱軋，冷軋,壓制鋼材的過程
紮,紮,zad3,"","",紥
鍘,铡,zad3
拶,拶,zad3
窄,窄,zag3
嘖,啧,zag3
責,责,zag3
咋,咋,zag3,咋舌,咬住
宅,宅,zag6
擇,择,zag6
澤,泽,zag6
摘,摘,zag6
躑,踯,zag6
擲,掷,zag6
謫,谪,zag6
磔,磔,zag6
翟,翟,zag6,"",（姓）
齋,斋,zai1
齎,赍,zai1
債,债,zai3
寨,寨,zai6
眥,眦,zai6
簪,簪,zam1,"","",簮
斬,斩,zam2
嶄,崭,zam2
湛,湛,zam3
蘸,蘸,zam3
站,站,zam6
鏨,錾,zam6
暫,暂,zam6
趲,趱,zan2
盞,盏,zan2
攢,攒,zan2
讚,赞,zan3
贊,赞,zan3
棧,栈,zan6
綻,绽,zan6
撰,撰,zan6
賺,赚,zan6
饌,馔,zan6
攥,攥,zan6
掙,挣,zang6,掙錢，掙脫，掙開，掙命，掙揣,通過勞動獲取報酬；儘力擺脫
嘲,嘲,zao1
爪,爪,zao2
找,找,zao2
罩,罩,zao3
笊,笊,zao3
汁,汁,zeb1
執,执,zeb1
質,质,zed1,質量，質的，性質，物質，品質，優質，實質，變質，質疑，質問,事物的根本、特性、本性等；詢問，詰問，責問
姪,侄,zed6
窒,窒,zed6
桎,桎,zed6
疾,疾,zed6
蟄,蛰,zed6
嫉,嫉,zed6
蛭,蛭,zed6
側,侧,zeg1
則,则,zeg1
昃,昃,zeg1
仄,仄,zeg1
躋,跻,zei1
齏,齑,zei1
劑,剂,zei1
擠,挤,zei1
仔,仔,zei2,牛仔褲,小孩，男孩，幼小動物
濟,济,zei2,濟南，濟寧，濟源，濟水，濟濟一堂,（地名）
祭,祭,zei3
製,制,zei3
霽,霁,zei3
濟,济,zei3,濟貧，經濟，賑濟，接濟，無濟於事，同舟共濟,過河，救助，有益
制,制,zei3
際,际,zei3
掣,掣,zei3,掣肘，牽掣，風馳電掣,拽，拉；迅疾，閃過
穄,穄,zei3
滯,滞,zei6
針,针,zem1
箴,箴,zem1
砧,砧,zem1
斟,斟,zem1
枕,枕,zem2,枕頭，枕木，同床共枕,（名詞）躺著的時候墊在頭下的東西
怎,怎,zem2
浸,浸,zem3
枕,枕,zem3,枕戈待旦,（動詞）把頭放在枕頭上，用枕頭墊頭
鴆,鸩,zem6
朕,朕,zem6
胗,胗,zen1
珍,珍,zen1
真,真,zen1,"","",眞
軫,轸,zen2/cen2
振,振,zen3
賑,赈,zen3
鎮,镇,zen3
震,震,zen3
圳,圳,zen3
陣,阵,zen6
僧,僧,zeng1
憎,憎,zeng1
曾,曾,zeng1,"",（姓）
箏,筝,zeng1
增,增,zeng1
崢,峥,zeng1
錚,铮,zeng1
掙,挣,zeng1/zang1,掙扎,用力支撐或儘力擺脫
睜,睁,zeng1/zang1
爭,争,zeng1/zang1
猙,狰,zeng1/zang1
贈,赠,zeng6
舟,舟,zeo1
周,周,zeo1,周圍，圓周
州,州,zeo1
揪,揪,zeo1
週,周,zeo1,週末，週刊，週年，週遊
洲,洲,zeo1
謅,诌,zeo1
鄒,邹,zeo1
陬,陬,zeo1
輈,辀,zeo1
諏,诹,zeo1
酒,酒,zeo2
肘,肘,zeo2
帚,帚,zeo2
走,走,zeo2
奏,奏,zeo3
揍,揍,zeo3
晝,昼,zeo3
咒,咒,zeo3
皺,皱,zeo3
縐,绉,zeo3
鷲,鹫,zeo6
冑,冑,zeo6
袖,袖,zeo6
就,就,zeo6
紂,纣,zeo6
宙,宙,zeo6
驟,骤,zeo6
岫,岫,zeo6
左,左,zo2
阻,阻,zo2
俎,俎,zo2
佐,佐,zo3
詛,诅,zo3/zo2
坐,坐,zo6
座,座,zo6
助,助,zo6
唑,唑,zo6
作,作,zog3
昨,昨,zog3/zog6
鑿,凿,zog6
擢,擢,zog6
酢,酢,zog6,"",客人向主人敬酒
柞,柞,zog6,柞樹，柞櫟，柞蠶,一種落葉喬木
栽,栽,zoi1
哉,哉,zoi1
災,灾,zoi1
載,载,zoi2,千載難逢，三年五載，一年半載,年
宰,宰,zoi2
崽,崽,zoi2
再,再,zoi3
載,载,zoi3,載貨，載客，承載，運載，搭載，下載，登載，過載，記載，刊載，轉載，連載，記載，刊載，轉載，連載，載歌載舞，滿載而歸，怨聲載道,裝運，用交通工具裝東西
在,在,zoi6
樁,桩,zong1
妝,妆,zong1
莊,庄,zong1
裝,装,zong1
髒,脏,zong1
贓,赃,zong1
駔,驵,zong2,駔儈,買賣馬的經紀人
壯,壮,zong3
葬,葬,zong3
戇,戆,zong3/ngong6
奘,奘,zong6
藏,藏,zong6,藏人，西藏，寶藏,指西藏
狀,状,zong6
撞,撞,zong6
臟,脏,zong6
僮,僮,zong6,僮族,（中國少數民族）指壯族
遭,遭,zou1
租,租,zou1
糟,糟,zou1,"","",蹧
組,组,zou2
藻,藻,zou2
蚤,蚤,zou2
早,早,zou2
棗,枣,zou2
祖,祖,zou2
駔,驵,zou2,"",駿馬，壯馬
澡,澡,zou2/cou3
灶,灶,zou3,"","",竈
做,做,zou6
造,造,zou6,造型，造句，造紙，造船，造化，造反，造謠，製造，創造，構造，人造，改造，塑造，編造，捏造,生產，製作
皂,皂,zou6
慥,慥,zou6/cou3
足,足,zug1
竹,竹,zug1
祝,祝,zug1
粥,粥,zug1
捉,捉,zug1
矚,瞩,zug1
燭,烛,zug1
囑,嘱,zug1
竺,竺,zug1
築,筑,zug1
鐲,镯,zug6
族,族,zug6
逐,逐,zug6
濁,浊,zug6
軸,轴,zug6
續,续,zug6
妯,妯,zug6
俗,俗,zug6
躅,躅,zug6
鏃,镞,zug6,箭鏃,箭頭
中,中,zung1,中間，中心，中途，中等，中級，中央，中樞，中文，中醫，中外，中原，中學，中庸，中部，中立，中介，中秋，中斷，中止，中用，中看，中聽，心中，山中，空中，其中，當中，適中，集中，意中人，眼中釘，肉中刺，心目中，進行中，調查中，急中生智，雪中送炭,與四周圍距離相等，裡面，之間；適於，合於
終,终,zung1
縱,纵,zung1,縱線，縱橫，縱隊，縱貫，縱剖面,直
盅,盅,zung1
宗,宗,zung1
棕,棕,zung1
鍾,钟,zung1
忠,忠,zung1
鬃,鬃,zung1
螽,螽,zung1
蹤,踪,zung1
鐘,钟,zung1
樅,枞,zung1,樅陽,（地名）
舂,舂,zung1
忪,忪,zung1,怔忪，心忪,心跳，驚懼
綜,综,zung1/zung3
種,种,zung2,種子，種類，品種，物種，各種，絕種,（名詞）種子，類別
腫,肿,zung2
總,总,zung2
縱,纵,zung3,縱情，縱容，縱火，縱然，放縱，縱身一跳，縱虎歸山，欲擒故縱,釋放，放肆；即使
中,中,zung3,中的，中獎，中彩，中選，中意，中肯，中計，中風，中毒，中暑，中槍，中彈，中傷，中伏，中箭，中標，中邪，打中，擊中，考中，猜中，看中，說中，命中，射中，中詭計，中規中矩，一語中的，正中下懷，百發百中，言必有中,射中目標，遭受
種,种,zung3,種植，種田，種樹，種花，種菜，接種，種牛痘，種麥子，種棉花,（動詞）種植；接種疫苗
眾,众,zung3,"","",衆
粽,粽,zung3/zung2,"","",糉
重,重,zung6,重要，重大，重任，重視，重點，重心，重用，重責，重鎮，嚴重，慎重，鄭重，莊重，尊重，敬重，器重，看重，側重，穩重，保重，自重，珍重，重於泰山，重男輕女，任重道遠，語重心長，德高望重,要緊的，意義大的；尊敬；不輕率
訟,讼,zung6
誦,诵,zung6
頌,颂,zung6
仲,仲,zung6
從,从,zung6/cung4,從犯，從吏，隨從，侍從，僕從，主從，從兄，從叔，主從關係,跟隨的人，僕役；附和的，附加的；親族同祖的
遮,遮,zé1
嗟,嗟,zé1
者,者,zé2
姐,姐,zé2
蔗,蔗,zé3
借,借,zé3,借錢，借書,暫時用別人的財物
柘,柘,zé3
藉,借,zé3/jig6,藉口，藉故，藉機，藉助，藉詞，藉著，藉以，藉端，憑藉，藉著權勢,假託，假借，依賴，依靠
這,这,zé5/zé3
謝,谢,zé6
榭,榭,zé6
隻,只,zég3
跖,跖,zég3
鄭,郑,zéng6/jing6
黜,黜,zêd1
怵,怵,zêd1
卒,卒,zêd1
鵲,鹊,zêg3
著,着,zêg3,著衣，穿著，衣著，著西服，衣著打扮,穿衣服
嚼,嚼,zêg3,嚼舌，嚼食，嚼子，咀嚼，嚼不爛，細嚼慢嚥，咬文嚼字，味同嚼蠟，過屠門而大嚼,用牙齒咬碎食物
酌,酌,zêg3
灼,灼,zêg3
雀,雀,zêg3
爵,爵,zêg3
斫,斫,zêg3,斫伐，斫鼻，斫樹，斫營，斫木,砍，斬；用刀斧砍削或劈樹,斲
妁,妁,zêg3
桌,桌,zêg3/cêg3
焯,焯,zêg3/cêg3,焯燦，焯見,顯明，光明，明顯，明白
勺,勺,zêg3/cêg3/sêg3,"","",杓
著,着,zêg6,著涼，著急，著火，著迷，著慌，著忙，著魔，著熱，著雨，著陸，著重，著手，著色，著實，著想，著筆，著力，著墨，著意，著落，著人，睡著，猜著，打著，沉著，執著，無著，膠著，聽著，跑著，拿著，笑著，附著物，黏著力，見不著，見不著，犯不著，合不著，數得著，著手成春，歪打正著，不著邊際，不著痕跡，著三不著兩,接觸，感受；下棋走一步；手段，辦法（助詞）表示動作正在進行；表示有了結果或達到目的
著,著,zêg6,土著,世居本地的人
臻,臻,zên1
諄,谆,zên1
津,津,zên1
榛,榛,zên1
樽,樽,zên1
蓁,蓁,zên1
肫,肫,zên1
遵,遵,zên1/jun1
準,准,zên2
儘,尽,zên2
准,准,zên2
隼,隼,zên2
藎,荩,zên2
進,进,zên3
俊,俊,zên3
晉,晋,zên3
駿,骏,zên3
竣,竣,zên3
縉,缙,zên3,"","",搢
峻,峻,zên3
浚,浚,zên3,浚河，浚渠，浚井，疏浚,疏通，挖深,濬
畯,畯,zên3
盡,尽,zên6
燼,烬,zên6
漳,漳,zêng1
張,张,zêng1
漿,浆,zêng1
章,章,zêng1
將,将,zêng1,將軍，將來，將要，將就，將近，即將，將信將疑,（介詞、副詞、連詞）快要；把；又，且；拿，用；調養；（象棋）攻擊對方的將或帥
蟑,蟑,zêng1
璋,璋,zêng1
樟,樟,zêng1
彰,彰,zêng1
獐,獐,zêng1,"","",麞
嫜,嫜,zêng1
鄣,鄣,zêng1
掌,掌,zêng2
長,长,zêng2,長大，廠長,（動詞、名詞）
獎,奖,zêng2
槳,桨,zêng2
蔣,蒋,zêng2
漲,涨,zêng2/zêng3,漲價，漲落，漲潮，漲價，漲幅，漲錢，高漲，上漲，暴漲，看漲，漲停，水漲船高,水上升，水量增加，水面提高；增長，增高，上升，提高
將,将,zêng3,將官，將領，將帥，將校，將士，將兵，上將，中將，少將,（軍銜名）高級軍官；（書）帶領，統領
賬,账,zêng3
醬,酱,zêng3
瘴,瘴,zêng3
障,障,zêng3
仗,仗,zêng3,打仗，敗仗，勝仗,（名詞）戰爭，戰鬥
帳,帐,zêng3
漲,涨,zêng3,漲紅，漲大，漲紅了臉，煙塵漲天,擴大，擴張，變大，充滿
脹,胀,zêng3
幛,幛,zêng3
嶂,嶂,zêng3
象,象,zêng6
丈,丈,zêng6
仗,仗,zêng6,仗劍，倚仗，仗勢欺人，仗義執言,（動詞）憑藉，依靠
像,像,zêng6
橡,橡,zêng6
匠,匠,zêng6
杖,杖,zêng6
狙,狙,zêu1
椎,椎,zêu1
錐,锥,zêu1
追,追,zêu1
蛆,蛆,zêu1/cêu1
咀,咀,zêu2
齟,龃,zêu2
沮,沮,zêu2
嘴,嘴,zêu2
醉,醉,zêu3
惴,惴,zêu3
贅,赘,zêu3
最,最,zêu3
罪,罪,zêu6
序,序,zêu6
嶼,屿,zêu6
墜,坠,zêu6
敘,叙,zêu6
聚,聚,zêu6
漵,溆,zêu6
綴,缀,zêu6/zêu3
欸,欸,éi1,"",（語氣助詞）表示招呼
欸,欸,éi2,"",（語氣助詞）表示不以為然
欸,欸,éi4,"",（語氣助詞）表示詫異
欸,欸,éi6,"",（語氣助詞）表示答應或同意
