繁体,简体,拼音,词例,定义,又作
丫,丫,aa1
呀,呀,aa1
啊,啊,aa1,啊！好美啊，啊！下雪了，啊！失火了，啊！太精彩了,（叹词）表示赞叹、惊异、吃惊等语气
鸦,鴉,aa1
哑,啞,aa1,咿哑，哑哑学语,（语气助词）呀；（象声词）形容乌鸦叫声、小儿学说话等声音
吖,吖,aa1
锕,錒,aa1
哑,啞,aa2,哑巴，哑铃，哑子，哑剧，哑谜，聋哑，沙哑，嘶哑，哑巴亏，哑口无言，哑然无声，装聋作哑,不能说话，说不出话来
啊,啊,aa2,啊？你说什么，啊？你再说，啊？这怎么回事，啊？有这种事啊,（叹词）表示疑问、疑惑、反问、追问、惊异、惊疑等语气
亚,亞,aa3
阿,阿,aa3,阿姨，阿飞
氩,氬,aa3
娅,婭,aa3
啊,啊,aa3,啊！好吧，啊！原来是你，不错啊，多美啊，快来啊，很好啊，小心啊,（叹词）表示应诺、醒悟、明白等语气；（助词）表示赞叹、惊叹、疑问、肯定、辩解、催促，停顿、列举等语气
挨,挨,aai1,挨户，挨家，挨近,依次，顺次，靠近
隘,隘,aai3
轭,軛,aak1
俺,俺,aan2
晏,晏,aan3
罂,罌,aang1,"",大腹小口的瓶子
鸭,鴨,aap3
压,壓,aat3
押,押,aat3
遏,遏,aat3
揠,揠,aat3
猰,猰,aat3
轧,軋,aat3/zaat3,轧平，倾轧，轧花机，轧棉花,碾压，滚压
拗,拗,aau3
坳,坳,aau3/aau1
哎,哎,ai1
唉,唉,ai1,唉声叹气,（叹词）表示失望或无可奈何
矮,矮,ai2
唉,唉,ai3,"",（叹词）表示伤感或惋惜
缢,縊,ai3
屃,屭,ai3,"","",屓
嫕,嫕,ai3/ji3
哑,啞,ak1,哑哑，哑然失笑，笑之哑哑,（象声词）形容笑声
偓,偓,ak1
厄,厄,ak1/aak1
扼,扼,ak1/aak1
幄,幄,ak1/aak1
握,握,ak1/aak1
渥,渥,ak1/aak1
龌,齷,ak1/aak1
鹌,鵪,am1
庵,庵,am1
谙,諳,am1
黯,黯,am2
揞,揞,am2
暗,暗,am3
莺,鶯,ang1
罂,罌,ang1,罂粟,一种花
区,區,au1,"",（姓）
欧,歐,au1
鸥,鷗,au1
瓯,甌,au1
讴,謳,au1
沤,漚,au1,浮沤,水泡
呕,嘔,au2
殴,毆,au2/au1
怄,慪,au3
沤,漚,au3,沤肥，沤田，沤麻,在水中长时间地浸泡以使起变化
凹,凹,au3/nap1,凹透镜，凹凸不平,洼下，跟“凸”相反
叭,叭,baa1
疤,疤,baa1
粑,粑,baa1
芭,芭,baa1
笆,笆,baa1
爸,爸,baa1
葩,葩,baa1
巴,巴,baa1
吧,吧,baa1,吧台，吧嗒，吧唧，酒吧，沙拉吧，吧的一声,（音译词）小酒馆；（象声词）爆裂声
钯,鈀,baa2
靶,靶,baa2
把,把,baa2
㞎,㞎,baa2
霸,霸,baa3
坝,壩,baa3
灞,灞,baa3
吧,吧,baa6,好吧，去吧，说吧，不会吧，算了吧,（语气助词）表示可以，允许，推测，估量，命令等
罢,罷,baa6
掰,掰,baai1/maak3
摆,擺,baai2
摆,襬,baai2
捭,捭,baai2
拜,拜,baai3
败,敗,baai6
稗,稗,baai6
呗,唄,baai6,呗唱，梵呗,（佛）唱赞，歌赞，念诵经文，唱颂短偈
伯,伯,baak3
佰,佰,baak3
百,百,baak3
匐,匐,baak6
帛,帛,baak6
卜,蔔,baak6
白,白,baak6
僰,僰,baak6/bat6/bok3
斑,斑,baan1
班,班,baan1
瘢,瘢,baan1
颁,頒,baan1
版,版,baan2
舨,舨,baan2
板,板,baan2
板,闆,baan2
坂,坂,baan2,"","",阪
扮,扮,baan6,打扮，装扮,打扮，装扮
办,辦,baan6
湴,湴,baan6
扮,扮,baan6/baan3,扮演，扮鬼脸，女扮男装，扮老头儿,化装成，面部表情装成
蹦,蹦,baang6
捌,捌,baat3
八,八,baat3
茇,茇,baat6
褒,褒,baau1
包,包,baau1
鲍,鮑,baau1,鲍鱼,指活鲍鱼
苞,苞,baau1
胞,胞,baau1
孢,孢,baau1
饱,飽,baau2
爆,爆,baau3
鲍,鮑,baau6,鲍鱼,姓；也指干鲍鱼
龅,齙,baau6
跛,跛,bai1/bo2
蔽,蔽,bai3
闭,閉,bai3
赑,贔,bai3
敝,敝,bai6
弊,弊,bai6
陛,陛,bai6
毙,斃,bai6
狴,狴,bai6
币,幣,bai6
北,北,bak1
泵,泵,bam1
乓,乓,bam1/pong1
奔,奔,ban1
槟,檳,ban1
宾,賓,ban1
缤,繽,ban1
滨,濱,ban1
斌,斌,ban1
彬,彬,ban1
贲,賁,ban1,贲张，贲门，虎贲,膈膜，横隔膜
锛,錛,ban1
品,品,ban2
禀,稟,ban2
摈,擯,ban3
殡,殯,ban3
鬓,鬢,ban3
傧,儐,ban3
笨,笨,ban6
崩,崩,bang1
镚,鏰,bang1
绷,繃,bang1,绷紧，绷带，绷子，绷硬，绷亮，绷脆，绷直，紧绷，绷床，紧绷绷，绷场面，绷了一道缝儿,张紧，拉紧，包扎；裂开；（用于形容词前表示程度深）非常，很,綳
不,不,bat1
笔,筆,bat1
毕,畢,bat1
钚,鈈,bat1
哔,嗶,bat1
筚,篳,bat1
跸,蹕,bat1
荜,蓽,bat1
滗,潷,bat1/bei3
拔,拔,bat6
钹,鈸,bat6
弼,弼,bat6
跋,跋,bat6
苾,苾,bat6
菝,菝,bat6
啤,啤,be1
呗,唄,be6,去就去呗,（语气助词）表示让步、勉强、显而易见等
碑,碑,bei1
卑,卑,bei1
裨,裨,bei1,裨益，无裨于事，大有裨益,补助
悲,悲,bei1
屄,屄,bei1
比,比,bei2
彼,彼,bei2
妣,妣,bei2
秕,秕,bei2
吡,吡,bei2,吡啶，吡咯,（音译用字）一种有机化合物
匕,匕,bei2/bei3
臂,臂,bei3
痹,痺,bei3
秘,秘,bei3,"","",祕
泌,泌,bei3
庇,庇,bei3
辔,轡,bei3
铋,鉍,bei3
贲,賁,bei3,贲临，贲然,装饰美好，华丽，光洁
备,備,bei6
被,被,bei6,被动，被害，被迫
鼻,鼻,bei6
箆,箆,bei6
避,避,bei6
糒,糒,bei6
惫,憊,bei6/baai6
饼,餅,beng2,"",（语音）
柄,柄,beng3/bing3
病,病,beng6/bing6
壁,壁,bik1
碧,碧,bik1
逼,逼,bik1
愎,愎,bik1
璧,璧,bik1
襞,襞,bik1
迫,迫,bik1/baak1
边,邊,bin1
辫,辮,bin1
鞭,鞭,bin1
煸,煸,bin1
砭,砭,bin1
扁,扁,bin2,扁平，踩扁
匾,匾,bin2
贬,貶,bin2
鳊,鯿,bin2
变,變,bin3
便,便,bin6,便利，方便
卞,卞,bin6
辩,辯,bin6
辨,辨,bin6
汴,汴,bin6
兵,兵,bing1
冰,冰,bing1
并,并,bing1/bing3,并州,（地名）山西省太原市的别称
乒,乒,bing1/ping1
丙,丙,bing2
秉,秉,bing2
炳,炳,bing2
屏,屏,bing2,屏气，屏息，屏除，屏弃，屏住呼吸,压制，抑止，停止，排除
饼,餅,bing2,饼干，馅饼
昺,昺,bing2
邴,邴,bing2
迸,迸,bing3
并,併,bing3/ping3
并,並,bing6
觱,觱,bit1
必,必,bit1
别,彆,bit3
憋,憋,bit3
鳖,鱉,bit3
蹩,蹩,bit6
别,別,bit6
瘪,癟,bit6
馝,馝,bit6
镳,鑣,biu1
彪,彪,biu1
标,標,biu1
表,錶,biu1
镖,鏢,biu1
飙,飆,biu1
膘,膘,biu1
骠,驃,biu1,黄骠马,一种黄毛夹有白色斑点的马
熛,熛,biu1
婊,婊,biu2
表,表,biu2
裱,裱,biu2
波,波,bo1
玻,玻,bo1
菠,菠,bo1
般,般,bo1,般若,（梵文音译词）
坡,坡,bo1/po1
簸,簸,bo3,簸箕,（名词）
播,播,bo3
簸,簸,bo3/bo2,颠簸,（动词）
膊,膊,bok3
博,博,bok3
搏,搏,bok3
驳,駁,bok3
亳,亳,bok3
欂,欂,bok3/bok6
缚,縛,bok3/fok3
铂,鉑,bok6
泊,泊,bok6,湖泊，水泊，血泊，梁山泊，罗布泊,湖
箔,箔,bok6
礴,礴,bok6
雹,雹,bok6
薄,薄,bok6
舶,舶,bok6/paak3
泊,泊,bok6/paak3,停泊，漂泊，泊位，淡泊,停船靠岸
梆,梆,bong1
帮,幫,bong1
邦,邦,bong1
浜,浜,bong1
绑,綁,bong2
膀,膀,bong2,肩膀，臂膀，翅膀
榜,榜,bong2
蒡,蒡,bong2
傍,傍,bong6
镑,鎊,bong6
磅,磅,bong6,磅秤，过磅，磅体重，磅一磅,称重量的仪器；用磅秤称重量；（量词）英美制重量单位
晡,晡,bou1
保,保,bou2
鸨,鴇,bou2
堡,堡,bou2
圃,圃,bou2
宝,寶,bou2
葆,葆,bou2
补,補,bou2
褓,褓,bou2
布,佈,bou3
埔,埔,bou3
怖,怖,bou3
报,報,bou3
布,布,bou3
步,步,bou6
捕,捕,bou6
暴,暴,bou6
哺,哺,bou6
簿,簿,bou6
部,部,bou6
埠,埠,bou6/fau6
杯,杯,bui1,"","",盃
贝,貝,bui3
背,背,bui3,背部，背后，背景，背面，背影，背光，背脊，背叛，背弃，背约，背阴，背离，违背，驼背，后背，手背，纸背，背对着，背着脸，背地里，背着人，背山面海，背井离乡，背道而驰，背信弃义，背水一战，腹背受敌，芒刺在背，汗流浃背，人心向背，力透纸背,（名词）背部
辈,輩,bui3
狈,狽,bui3
背,背,bui3,背债，背负，背包，背枪，背黑锅，背包袱，背小孩，背责任，背起来，背得起，背负重任,（动词）用脊背驮东西,揹
钡,鋇,bui3
褙,褙,bui3
背,背,bui6,背书，背诵，背熟，背静，很背，背运，背时，耳背，背听，背台词，手气背，背街小巷,（动词）默念，记忆，凭记忆读出来；（形容词）偏僻，听力不好
悖,悖,bui6
焙,焙,bui6
卜,卜,buk1
曝,曝,buk6
仆,僕,buk6
瀑,瀑,buk6
濮,濮,buk6
蹼,蹼,buk6
般,般,bun1,一般，那般，百般，万般无奈，如此这般,种，样，种类
搬,搬,bun1
本,本,bun2
畚,畚,bun2
苯,苯,bun2
半,半,bun3
拌,拌,bun6
叛,叛,bun6
绊,絆,bun6
畔,畔,bun6
胖,胖,bun6
伴,伴,bun6
甭,甭,bung2/bang2
钵,缽,but3,"","",鉢，砵
荸,荸,but6
渤,渤,but6
拨,撥,but6
勃,勃,but6
脖,脖,but6
鹁,鵓,but6
馞,馞,but6
差,差,caa1,差别，差异，差错，差距，差劲，差点，偏差，时差，很差，差不多，差一点,不同，不同点，错误，缺，不好，不相合
叉,叉,caa1
杈,杈,caa1,"",一种叉形农具，用以堆柴草
蹅,蹅,caa1
镲,鑔,caa2
岔,岔,caa3
杈,杈,caa3
诧,詫,caa3
衩,衩,caa3
姹,姹,caa3,"","",奼
杈,杈,caa3,杈子，树杈,植物的分枝
汊,汊,caa3
欻,欻,caa3,欻拉，欻的一声，欻欻的脚步声，欻一下撕开了,（象声词）踩踏声，急促的声音，有节奏的声音
碴,碴,caa4
茬,茬,caa4
查,查,caa4,查看，检查,察看，核对
茶,茶,caa4
搽,搽,caa4
槎,槎,caa4
垞,垞,caa4
查,查,caa4,"",（俗：姓）
猜,猜,caai1
钗,釵,caai1
差,差,caai1,差遣，差役，差使，差事，兼差，出差，邮差，当差,派遣去作事
揣,揣,caai1,揣手，揣在怀里，揣在兜里,藏在衣服里
搋,搋,caai1
踩,踩,caai2
踹,踹,caai2
虿,蠆,caai3
嘬,嘬,caai3/ceoi3
柴,柴,caai4
豺,豺,caai4
侪,儕,caai4
咤,咤,caak1/zaa3,咤怒，叱咤,怒吼,吒
拆,拆,caak3
册,冊,caak3
策,策,caak3
栅,柵,caak3,栅栏，栅门，铁栅，篱栅，木栅,围栏
鲗,鰂,caak6
贼,賊,caak6
搀,攙,caam1
参,參,caam1,参加，参与，参见，参考，参阅，参观，参军，参赛,加入
掺,摻,caam1
惨,慘,caam2
忏,懺,caam3
杉,杉,caam3
惭,慚,caam4
谗,讒,caam4
馋,饞,caam4
蚕,蠶,caam4
餐,餐,caan1
产,產,caan2
铲,鏟,caan2
灿,燦,caan3
璨,璨,caan3
粲,粲,caan3
羼,羼,caan3
残,殘,caan4
撑,撐,caang1
瞠,瞠,caang1
橙,橙,caang4/caang2
锃,鋥,caang6
插,插,caap3
锸,鍤,caap3
刷,刷,caat3
獭,獺,caat3
擦,擦,caat3
察,察,caat3
唰,唰,caat3
礤,礤,caat3
檫,檫,caat3
抄,抄,caau1
钞,鈔,caau1
吵,吵,caau2
炒,炒,caau2
肏,肏,caau3,"","",操
巢,巢,caau4
凄,淒,cai1
妻,妻,cai1
栖,棲,cai1
悽,悽,cai1
砌,砌,cai3
沏,沏,cai3
切,切,cai3,一切,所有的
齐,齊,cai4
荠,薺,cai4,荸荠,一种可供食用的草本植物
蛴,蠐,cai4
荠,薺,cai5,荠菜，其甘如荠,一种可入药草本植物
测,測,cak1/caak1
恻,惻,cak1/caak1
侵,侵,cam1
棽,棽,cam1
参,參,cam1/caam1,参差，参差不齐,大小不一，不整齐的样子
寝,寢,cam2
碜,磣,cam2
谶,讖,cam3/caam3
沉,沉,cam4,"","",沈
寻,尋,cam4
荨,蕁,cam4
鲟,鱘,cam4
蕈,蕈,cam5
亲,親,can1,亲戚，探亲
嗔,嗔,can1
瞋,瞋,can1
诊,診,can2
哂,哂,can2
矧,矧,can2
疹,疹,can2
抻,抻,can2
缜,縝,can2/zan2
衬,襯,can3
趁,趁,can3
亲,親,can3,亲家，亲家公，亲家母,指两家儿女相婚配的亲戚关系
龀,齔,can3
尘,塵,can4
陈,陳,can4
曾,曾,cang4,曾经，未曾
层,層,cang4
嶒,嶒,cang4
葺,葺,cap1
缉,緝,cap1
辑,輯,cap1
漆,漆,cat1
柒,柒,cat1
七,七,cat1
秋,鞦,cau1
抽,抽,cau1
鳅,鰍,cau1
秋,秋,cau1
楸,楸,cau1
丑,丑,cau2
丑,醜,cau2
瞅,瞅,cau2,"","",偢
臭,臭,cau3
糗,糗,cau3
嗅,嗅,cau3
凑,湊,cau3
溴,溴,cau3
惆,惆,cau4
酬,酬,cau4
绸,綢,cau4
稠,稠,cau4
畴,疇,cau4
踌,躊,cau4
囚,囚,cau4
筹,籌,cau4
泅,泅,cau4
仇,仇,cau4,"",（俗，姓）
俦,儔,cau4
遒,遒,cau4
奢,奢,ce1
车,車,ce1,汽车，马车，公车，火车，纺车，水车，风车,指有轮子的运输工具
伡,俥,ce1/geoi1
扯,扯,ce2
且,且,ce2
邪,邪,ce4,邪恶，邪门，邪说，邪念，无邪，中邪，风邪，邪魔外道，改邪归正,不正当
斜,斜,ce4
𪨶,輋,ce4
尺,尺,cek3
赤,赤,cek3
呎,呎,cek3
催,催,ceoi1
炊,炊,ceoi1
摧,摧,ceoi1
吹,吹,ceoi1
趋,趨,ceoi1
崔,崔,ceoi1
榱,榱,ceoi1
衰,衰,ceoi1,衰序，等衰,次序，等级
璀,璀,ceoi1/ceoi2
娶,娶,ceoi2
取,取,ceoi2
揣,揣,ceoi2/cyun2,揣测，揣度，揣摩，挣揣，不揣冒昧,估量，忖度；挣扎
脆,脆,ceoi3
趣,趣,ceoi3
啐,啐,ceoi3
觑,覷,ceoi3
翠,翠,ceoi3
焠,焠,ceoi3/seoi6
淬,淬,ceoi3/seoi6
除,除,ceoi4
槌,槌,ceoi4
隋,隋,ceoi4
捶,捶,ceoi4,"","",搥
锤,錘,ceoi4,"","",鎚
蜍,蜍,ceoi4
徐,徐,ceoi4
随,隨,ceoi4
滁,滁,ceoi4
箠,箠,ceoi4
春,春,ceon1
椿,椿,ceon1
蝽,蝽,ceon1
蠢,蠢,ceon2
旬,旬,ceon4
循,循,ceon4
秦,秦,ceon4
巡,巡,ceon4
嗪,嗪,ceon4
螓,螓,ceon4
出,齣,ceot1
出,出,ceot1
焌,焌,ceot1/keoi1,焌豆芽,把燃烧物放进水里熄灭；一种烹调方法
雌,雌,ci1
鸱,鴟,ci1
笞,笞,ci1
蚩,蚩,ci1
螭,螭,ci1
眵,眵,ci1
哧,哧,ci1
差,差,ci1,差等，参差，参差不齐,长短不齐
痴,癡,ci1
嗤,嗤,ci1
疵,疵,ci1
魑,魑,ci1
跐,跐,ci1,跐溜,脚下滑动
矢,矢,ci2
耻,恥,ci2
齿,齒,ci2
始,始,ci2
此,此,ci2
侈,侈,ci2
褫,褫,ci2
豕,豕,ci2
跐,跐,ci2,"",踏，践踏，踩
玼,玼,ci2
泚,泚,ci2
次,次,ci3
赐,賜,ci3
帜,幟,ci3
刺,刺,ci3
炽,熾,ci3
厕,廁,ci3
翅,翅,ci3
瓷,瓷,ci4
祠,祠,ci4
篪,篪,ci4
驰,馳,ci4
慈,慈,ci4
词,詞,ci4
磁,磁,ci4
辞,辭,ci4
池,池,ci4
墀,墀,ci4
弛,弛,ci4
糍,糍,ci4
持,持,ci4
匙,匙,ci4,汤匙，羹匙，茶匙，药匙,勺子
迟,遲,ci4
脐,臍,ci4
茌,茌,ci4
踟,踟,ci4
茨,茨,ci4
兹,茲,ci4,龟兹,（古）国名
鹚,鶿,ci4,"","",鷀
恃,恃,ci5
柿,柿,ci5
似,似,ci5
姒,姒,ci5
斥,斥,cik1
戚,戚,cik1
叱,叱,cik1
敕,敕,cik1
彳,彳,cik1
饬,飭,cik1
槭,槭,cik1
签,籤,cim1,"","",簽
纤,纖,cim1
歼,殲,cim1
签,簽,cim1
莶,薟,cim1
谄,諂,cim2
堑,塹,cim3
僭,僭,cim3
暹,暹,cim3/cim1
潜,潛,cim4
千,千,cin1
迁,遷,cin1
仟,仟,cin1
千,韆,cin1
阡,阡,cin1
芊,芊,cin1
浅,淺,cin2
前,前,cin4
缠,纏,cin4
钱,錢,cin4
践,踐,cin5/zin6
蛏,蟶,cing1
氰,氰,cing1
清,清,cing1
称,稱,cing1,称呼，声称，名称，简称，自称，俗称,叫，叫做
蜻,蜻,cing1
鲭,鯖,cing1
腈,腈,cing1
青,青,cing1/ceng1
拯,拯,cing2
逞,逞,cing2
骋,騁,cing2
请,請,cing2/ceng2
称,稱,cing3,称一称,（动词）量轻重，测定重量
秤,秤,cing3
称,稱,cing3/cang3,称职，称心，称体，对称，市称，磅称，匀称，称心如意,适合，相等，相当
情,情,cing4
惩,懲,cing4
程,程,cing4
晴,晴,cing4
澄,澄,cing4
呈,呈,cing4
埕,埕,cing4
澂,澂,cing4,"","",澄
裎,裎,cing4
妾,妾,cip3
设,設,cit3
切,切,cit3,切割，切菜，切开，切断，切入，切磋，切面，切实，切题，切记，切齿，亲切，密切，贴切，迫切，急切，恳切，心切，切身，不切实际,用刀把东西切断；贴近，密合，符合，急迫，务必，一定
彻,徹,cit3
辙,轍,cit3
澈,澈,cit3
撤,撤,cit3
掣,掣,cit3,掣签，掣剑,抽，拔
超,超,ciu1
钊,釗,ciu1
昭,昭,ciu1
锹,鍬,ciu1
悄,悄,ciu2,悄没声，悄然
偢,偢,ciu2
悄,悄,ciu2/ciu1,悄悄，静悄悄，悄悄地走了
峭,峭,ciu3
俏,俏,ciu3
鞘,鞘,ciu3
肖,肖,ciu3
诮,誚,ciu3
朝,朝,ciu4,朝向，朝天，朝阳，王朝，朝廷,向，面对着
潮,潮,ciu4
瞧,瞧,ciu4
憔,憔,ciu4
樵,樵,ciu4
晁,晁,ciu4
初,初,co1
雏,雛,co1
刍,芻,co1
磋,磋,co1
搓,搓,co1
蹉,蹉,co1
楚,楚,co2
础,礎,co2
憷,憷,co2
错,錯,co3,错误，犯错
锉,銼,co3
挫,挫,co3
锄,鋤,co4
痤,痤,co4
坐,坐,co5,"",（口语）
卓,卓,coek3
戳,戳,coek3
绰,綽,coek3
辵,辵,coek3
焯,焯,coek3,焯菠菜,在开水中略煮一下
倬,倬,coek3
桌,桌,coek3/zoek3
枪,槍,coeng1,"","",鎗
鲳,鯧,coeng1
呛,嗆,coeng1,呛水，呛着，够呛,食物进入气管而引起咳嗽
昌,昌,coeng1
窗,窗,coeng1
戗,戧,coeng1,戗风，说戗了，说话戗人,逆，不顺，方向相对；决裂，言语冲突
猖,猖,coeng1
菖,菖,coeng1
锵,鏘,coeng1
抢,搶,coeng1,抢风，抢眼，呼天抢地,触，撞，触碰，碰撞
伥,倀,coeng1
娼,娼,coeng1
抢,搶,coeng2,抢劫，抢夺，抢救，抢先，抢走，争抢,夺取，硬拿
唱,唱,coeng3
戗,戧,coeng3,戗住，戗面，够戗，戗不住,支撑，支持，承受；填
怅,悵,coeng3
倡,倡,coeng3
畅,暢,coeng3
跄,蹌,coeng3
呛,嗆,coeng3,呛人,刺激性的气味使人呼吸感到难受
炝,熗,coeng3
鬯,鬯,coeng3
祥,祥,coeng4
墙,牆,coeng4,"","",墻
蔷,薔,coeng4
翔,翔,coeng4
肠,腸,coeng4
场,場,coeng4
戕,戕,coeng4
长,長,coeng4,长度，专长,（形容词）
樯,檣,coeng4
详,詳,coeng4
苌,萇,coeng4
采,採,coi2
睬,睬,coi2
采,采,coi2
彩,綵,coi2
彩,彩,coi2
菜,菜,coi3
赛,賽,coi3
蔡,蔡,coi3
塞,塞,coi3,塞外，要塞，边塞，关塞，塞翁失马,边界上的险要地方
材,材,coi4
裁,裁,coi4
才,才,coi4,"","",纔
财,財,coi4
错,錯,cok3,错乱，交错，错杂，错综复杂，犬牙交错
沧,滄,cong1
创,創,cong1,创伤，创痕，创口，重创，刀创，重创敌军,伤口，打击
伧,傖,cong1
疮,瘡,cong1
苍,蒼,cong1
舱,艙,cong1
仓,倉,cong1
鸧,鶬,cong1
敞,敞,cong2
厂,廠,cong2
闯,闖,cong2
氅,氅,cong2
昶,昶,cong2
创,創,cong3,创办，创建，创刊，创举，首创,初次，开始做
怆,愴,cong3
藏,藏,cong4,躲藏，隐藏，收藏,躲，收好
床,床,cong4,"","",牀
幢,幢,cong4,幢幡，旗幢，人影幢幢,（古）旌旗的一种
操,操,cou1,操作，体操,拿，掌握，锻炼，从事
粗,粗,cou1
草,草,cou2
措,措,cou3
糙,糙,cou3
醋,醋,cou3
躁,躁,cou3
燥,燥,cou3
噪,噪,cou3
造,造,cou3,造诣，造就，造访，造次，深造，登峰造极,成就，培养，到，去，达到，前往
酢,酢,cou3,酬酢,醋
操,操,cou3/cou1,操行，操守，贞操，节操,品行，行为，德行，品格
曹,曹,cou4
嘈,嘈,cou4
漕,漕,cou4
槽,槽,cou4
螬,螬,cou4
搐,搐,cuk1
束,束,cuk1
矗,矗,cuk1
蹙,蹙,cuk1
畜,畜,cuk1
簇,簇,cuk1
蓄,蓄,cuk1
促,促,cuk1
速,速,cuk1
簌,簌,cuk1
蹴,蹴,cuk1
龊,齪,cuk1
亍,亍,cuk1
俶,俶,cuk1
欻,欻,cuk1,"",（动词）有所吹起
匆,匆,cung1
忡,忡,cung1
冲,衝,cung1
聪,聰,cung1
冲,沖,cung1
囱,囪,cung1
憧,憧,cung1
葱,蔥,cung1
涌,涌,cung1
充,充,cung1
枞,樅,cung1,枞树，枞酸,（树名）冷杉
骢,驄,cung1
衷,衷,cung1/zung1
宠,寵,cung2
冢,冢,cung2,"","",塚
铳,銃,cung3
从,從,cung4,从前，从来，从没，从此，从事，从军，从速，从简，从宽，从严，跟从，服从，顺从，从头来过，力不从心,跟随，依顺，处理；由，自
丛,叢,cung4
重,重,cung4,重新，重复，重来，重叠，重建，重申，重演，重逢，重温，重围，重洋，重重，双重，九重天，重整旗鼓，重蹈覆辙，重见天日，旧地重游，卷土重来,再，另，又一次
松,松,cung4
琮,琮,cung4
虫,蟲,cung4
重,重,cung5,重量，重负，重担，重金，重赏，重罚，重罪，重伤，重病，重听，重型，重兵，轻重，深重，体重，净重，举重，繁重，超重，载重，比重，很重，重武器，避重就轻，举足轻重，忍辱负重,分量大，数量多，程度深
躇,躇,cyu1
杵,杵,cyu2
贮,貯,cyu2
褚,褚,cyu2,"",（姓）
处,處,cyu3,处所，处长，好处，远处，到处,（名词）地方
蹰,蹰,cyu4
橱,櫥,cyu4
厨,廚,cyu4/ceoi4
署,署,cyu5
储,儲,cyu5
苎,苧,cyu5
柱,柱,cyu5
曙,曙,cyu5
处,處,cyu5,处理，处罚，处事，惩处，相处,（动词）
伫,佇,cyu5
褚,褚,cyu5,褚衣,丝绵，棉衣
杼,杼,cyu5
穿,穿,cyun1
汆,汆,cyun1
川,川,cyun1
蹿,躥,cyun1
村,村,cyun1,"","",邨
忖,忖,cyun2
喘,喘,cyun2
舛,舛,cyun2
撺,攛,cyun2/cyun3
吋,吋,cyun3
爨,爨,cyun3
寸,寸,cyun3
串,串,cyun3
窜,竄,cyun3
钏,釧,cyun3
泉,泉,cyun4
诠,詮,cyun4
存,存,cyun4
铨,銓,cyun4
传,傳,cyun4,传统，传授，传奇，传说，传承，传播，传染，传话，传唤，传神，传热，传情，相传，据传，遗传，宣传,转授，递送，散布，表达
痊,痊,cyun4
全,全,cyun4
醛,醛,cyun4
荃,荃,cyun4
辁,輇,cyun4
筌,筌,cyun4
椽,椽,cyun4
佺,佺,cyun4
猝,猝,cyut3
撮,撮,cyut3
踅,踅,cyut3
打,打,daa1,一打鸡蛋，一打铅笔,（量词）指十二个
打,打,daa2,打鼓，打扫，打更，打碎，打人，打架，打仗，打猎，打开，打赌，打算，敲打，拍打，攻打，殴打，打招呼，打擂台，打喷嚏，打呵欠，打草惊蛇，打抱不平，打退堂鼓，精打细算，一网打尽，趁火打劫，无精打采,拍，敲，捶，敲击，拍打；也表示某些特定的动作、活动、行动等
呆,呆,daai1,呆子，书呆子，呆一会儿,发愣，死板，不灵活，不自然,獃
歹,歹,daai2
带,帶,daai3
戴,戴,daai3
大,大,daai6
担,擔,daam1,担米，担柴，担水，担当，担心，担负，担任，担忧，担保，担待，负担，承担，分担，担风险，担当重任，担负责任,用肩膀挑，负责，负起，承当；忧虑，记挂，操心
耽,耽,daam1
眈,眈,daam1
儋,儋,daam1
聃,聃,daam1
胆,膽,daam2
石,石,daam3,一石米,市制容量单位
担,擔,daam3,担子，扁担，重担，货郎担，挑重担，勇挑重担，生活重担,挑东西的工具；肩负的责任、工作、任务
氮,氮,daam6
淡,淡,daam6,淡忘，冷淡，平淡，淡月，淡季，淡淡地说,感情不深，不热心；没有意味；生意不兴旺
澹,澹,daam6,澹灾,消除
窞,窞,daam6
萏,萏,daam6
啖,啖,daam6
淡,淡,daam6/taam5,淡水，淡绿，淡酒，清淡,盐份少，不咸；某成分少，不浓
单,單,daan1,单薄，单独，单纯，单程，简单，帐单，床单,一个，独自，不复杂
郸,鄲,daan1
丹,丹,daan1
殚,殫,daan1
瘅,癉,daan1,瘅疟，瘅热,中医指疟疾的一种
弹,彈,daan2,弹头，弹丸，弹弓，弹道，弹药，子弹，导弹，炮弹，炸弹，中弹，原子弹，手榴弹,（口语）弹弓或枪械发射的小丸；炸弹之类的爆炸物
旦,旦,daan3
诞,誕,daan3
瘅,癉,daan3,瘅恶，卒瘅，彰善瘅恶,憎恨
掸,撢,daan5,掸子，掸土，掸衣服，鸡毛掸子,拂尘用具，以鸡毛或不条作成；用掸子扫去灰尘,撣
掸,撣,daan5,掸掸,儆戒；恭敬
蛋,蛋,daan6
但,但,daan6
弹,彈,daan6,弹射，弹性，弹力，弹簧，弹指，弹跳，弹头，弹丸，弹弓，弹道，弹药，动弹，反弹，子弹，导弹，炮弹，炸弹，中弹，弹棉花，原子弹，手榴弹,（名词）弹弓或枪械发射的小丸；炸弹之类的爆炸物；（动词）物体由紧缩到伸展产生力量
惮,憚,daan6
疍,疍,daan6
搭,搭,daap3
耷,耷,daap3
答,答,daap3
瘩,瘩,daap3
踏,踏,daap6
蹋,蹋,daap6
沓,沓,daap6
靼,靼,daat3
妲,妲,daat3/taan2
达,達,daat6
繨,繨,daat6
哒,噠,daat6
荙,薘,daat6
低,低,dai1
磾,磾,dai1
抵,抵,dai2
柢,柢,dai2
底,底,dai2
骶,骶,dai2
诋,詆,dai2
邸,邸,dai2
碲,碲,dai3
帝,帝,dai3
蒂,蒂,dai3
缔,締,dai3
谛,諦,dai3
弟,弟,dai6
悌,悌,dai6
棣,棣,dai6
递,遞,dai6
第,第,dai6
隶,隸,dai6
逮,逮,dai6/doi6
德,德,dak1
得,得,dak1
特,特,dak6
蹾,蹾,dan1
墩,墩,dan2,门墩，桥墩,厚而粗的木头、石头等
炖,燉,dan6
灯,燈,dang1
蹬,蹬,dang1
登,登,dang1
噔,噔,dang1
等,等,dang2
戥,戥,dang2
凳,凳,dang3,"","",櫈
镫,鐙,dang3
磴,磴,dang3
邓,鄧,dang6
瞪,瞪,dang6/dang1
突,突,dat6
凸,凸,dat6
吐,吐,dat6,吐谷浑,（中国古代少数民族）
兜,兜,dau1
陡,陡,dau2
斗,斗,dau2
抖,抖,dau2
蚪,蚪,dau2
枓,枓,dau2
纠,糾,dau2/gau2
斗,鬥,dau3
薮,藪,dau3,鹤薮,（地名）
窦,竇,dau6
痘,痘,dau6
逗,逗,dau6
读,讀,dau6,句读,（古）文章里停顿的地方
豆,豆,dau6/dau2,"","",荳
爹,爹,de1
嗲,嗲,de2
地,地,dei6
籴,糴,dek6
笛,笛,dek6
堆,堆,deoi1
对,對,deoi3
队,隊,deoi6
兑,兌,deoi6
墩,墩,deon1,土墩,量词，也指土堆
蹲,蹲,deon1
惇,惇,deon1
敦,敦,deon1
镦,鐓,deon1
吨,噸,deon1
礅,礅,deon1
遁,遁,deon6
顿,頓,deon6
钝,鈍,deon6
沌,沌,deon6
盹,盹,deon6
咄,咄,deot1,咄咄逼人,斥责，呵叱
嫡,嫡,dik1
的,的,dik1
滴,滴,dik1/dik6
迪,迪,dik6
狄,狄,dik6
翟,翟,dik6,墨翟,（古）长尾野鸡的羽毛
涤,滌,dik6
敌,敵,dik6
荻,荻,dik6
𬱖,頔,dik6
掂,掂,dim1
点,點,dim2
店,店,dim3
玷,玷,dim3
惦,惦,dim3
踮,踮,dim3
颠,顛,din1
巅,巔,din1
癫,癲,din1
垫,墊,din2,垫子，椅垫，鞋垫，靠垫，草垫,（名词）衬托的东西
典,典,din2
碘,碘,din2/din1
垫,墊,din3,垫高，垫好，垫平，垫上，垫桌子,（动词）衬托
靛,靛,din6
淀,澱,din6
电,電,din6
垫,墊,din6,垫钱，垫款,暂时替别人付款
佃,佃,din6
殿,殿,din6
甸,甸,din6
奠,奠,din6
丁,丁,ding1
仃,仃,ding1
汀,汀,ding1,"",（俗）
町,町,ding1
玎,玎,ding1
酊,酊,ding1,酊剂，碘酊,一种药剂
钉,釘,ding1/deng1
叮,叮,ding1/deng1
盯,盯,ding1/deng1
酊,酊,ding2,酩酊，酩酊大醉,喝醉的样子
鼎,鼎,ding2
薡,薡,ding2
顶,頂,ding2/deng2
碇,碇,ding3
订,訂,ding3/deng6
锭,錠,ding3/ding6
定,定,ding6
啶,啶,ding6
腚,腚,ding6
叠,疊,dip6
碟,碟,dip6
蝶,蝶,dip6
喋,喋,dip6
牒,牒,dip6
谍,諜,dip6
鲽,鰈,dip6
跌,跌,dit3
耋,耋,dit6
迭,迭,dit6
秩,秩,dit6
瓞,瓞,dit6
雕,雕,diu1,"","",彫
貂,貂,diu1
叼,叼,diu1
鲷,鯛,diu1
凋,凋,diu1
刁,刁,diu1
丢,丟,diu1
碉,碉,diu1
雕,鵰,diu1
屌,屌,diu2
吊,弔,diu3,吊唁，吊孝，吊丧,祭奠死者
吊,吊,diu3,悬吊，吊桥，吊销,悬挂，悬挂的；收回，扣留
钓,釣,diu3
铞,銱,diu3
掉,掉,diu6
调,調,diu6,调查，调动，调职，调遣，调离，调配，调子，曲调，腔调，低调，强调，声调，论调，情调，步调，单调
多,多,do1
哆,哆,do1
跺,跺,do2,"","",跥
躲,躲,do2
亸,嚲,do2
埵,埵,do2
朵,朵,do2/doe2,"","",朶
剁,剁,do2/doek3
驮,馱,do6,驮子，一驮粮，一驮货,（名词、量词）用于牲口载的货
惰,惰,do6
堕,墮,do6
啄,啄,doek3
琢,琢,doek3
斫,斲,doek3,斫轮，斫丧,砍，削，雕
涿,涿,doek3
袋,袋,doi6
待,待,doi6
甙,甙,doi6
岱,岱,doi6
黛,黛,doi6
叇,靆,doi6
代,代,doi6
玳,玳,doi6
殆,殆,doi6/toi5
度,度,dok6,忖度，揣度，量度，测度，猜度，度量衡，度德量力，以己度人,计算，推测，估计
铎,鐸,dok6
踱,踱,dok6
铛,鐺,dong1
当,噹,dong1
当,當,dong1,当下，当中，当然，当心，当时，当代，当众，当兵，当官，当家，当初，当地，当头，当局，当选，当道，当面，应当，担当，敢当，正当，相当，当老师，不敢当,担任，执掌，承担，面向，阻拦，应该，正在
裆,襠,dong1
挡,擋,dong2
党,黨,dong2
档,檔,dong3
当,當,dong3,当成，当日，当真，当铺，上当，不当，妥当，恰当，适当，失当，勾当，当作，便当，停当，典当,合适，抵得上，认为，作为，圈套，事情发生的同一时间，典押，抵押
荡,蕩,dong6
荡,盪,dong6
宕,宕,dong6
砀,碭,dong6
菪,菪,dong6
都,都,dou1
嘟,嘟,dou1
叨,叨,dou1,叨念，叨叨，唠叨，絮叨，念叨，磨叨，絮絮叨叨,罗嗦，话多
刀,刀,dou1
倒,倒,dou2,倒塌，倒向，倒霉，倒闭，倒换，倒茶，倒水，倒胃口，摔倒，跌倒，颠倒，倒垃圾，排山倒海,竖立的东西落下来；转换，更换，调转；使容器里的东西出来
赌,賭,dou2
堵,堵,dou2
捣,搗,dou2
岛,島,dou2
睹,睹,dou2
倒,倒,dou3,倒是，倒车，倒立，倒数，倒退，倒序，倒过来，倒不如，喝倒彩，倒背如流，本末倒置,相反的，反面的，位置弄反了的；向后；跟意料相反
妒,妒,dou3
蠹,蠹,dou3
到,到,dou3
盗,盜,dou6
稻,稻,dou6
杜,杜,dou6
导,導,dou6
蹈,蹈,dou6
度,度,dou6,度过，度假，度量，角度，温度，长度，高度，进度，限度，制度，态度，风度，气度，程度，再度，过度，年度，度量衡，度日如年，一年一度
渡,渡,dou6
悼,悼,dou6
道,道,dou6
镀,鍍,dou6
芏,芏,dou6
督,督,duk1
笃,篤,duk1
叾,叾,duk1
犊,犢,duk6
毒,毒,duk6
渎,瀆,duk6
黩,黷,duk6
牍,牘,duk6
独,獨,duk6
读,讀,duk6,读书，阅读,（动词）看书
碡,碡,duk6
髑,髑,duk6
椟,櫝,duk6
冬,冬,dung1
氡,氡,dung1
东,東,dung1
咚,咚,dung1
鸫,鶇,dung1
懂,懂,dung2
董,董,dung2
蕫,蕫,dung2
冻,凍,dung3
栋,棟,dung3/dung6
恸,慟,dung6
胴,胴,dung6
恫,恫,dung6
洞,洞,dung6
侗,侗,dung6
动,動,dung6
端,端,dyun1
短,短,dyun2
锻,鍛,dyun3
煅,煅,dyun3
断,斷,dyun3,断定，断案，断然，诊断，下断语，当机立断,判断，决定，判定，一定，绝对
段,段,dyun6
缎,緞,dyun6
断,斷,dyun6,断绝，断电，断交，断奶，断气，割断，截断，绳子断了,长形的东西折掉或从中间截开，隔绝，不继续
簖,籪,dyun6
夺,奪,dyut6
欸,欸,ei1,"",（语气助词）表示招呼
欸,欸,ei2,"",（语气助词）表示不以为然
欸,欸,ei4,"",（语气助词）表示诧异
欸,欸,ei6,"",（语气助词）表示答应或同意
花,花,faa1
化,化,faa3
快,快,faai3
块,塊,faai3
傀,傀,faai3
筷,筷,faai3
哙,噲,faai3
番,番,faan1,一番，轮番，三番五次,（量词）种，样，回，次，遍；更替，替换
旛,旛,faan1
幡,幡,faan1
翻,翻,faan1,"","",飜，繙
番,番,faan1,番人，番邦，番茄，番薯，番石榴,未开化的；外国的，外族的,蕃
反,反,faan2
返,返,faan2
犯,犯,faan2,战犯，要犯，贪污犯,（名词）犯罪的人
泛,泛,faan3,"","",氾，汎
贩,販,faan3/faan2
繁,繁,faan4
帆,帆,faan4
凡,凡,faan4
烦,煩,faan4
钒,釩,faan4
藩,藩,faan4
樊,樊,faan4
矾,礬,faan4
蕃,蕃,faan4,蕃茂，蕃昌,草木茂盛
璠,璠,faan4
瓣,瓣,faan6
饭,飯,faan6
范,範,faan6
犯,犯,faan6,犯错，犯病，犯忌，犯不着,（动词）
范,范,faan6
梵,梵,faan6/faan4
珐,琺,faat3
发,髮,faat3
法,法,faat3
发,發,faat3
晖,暉,fai1
挥,揮,fai1
辉,輝,fai1
徽,徽,fai1
撝,撝,fai1
煇,煇,fai1
袆,褘,fai1
隳,隳,fai1
麾,麾,fai1
翚,翬,fai1
痱,痱,fai2
沸,沸,fai3
废,廢,fai3
肺,肺,fai3
费,費,fai3
狒,狒,fai3
吠,吠,fai6
婚,婚,fan1
薰,薰,fan1
氛,氛,fan1
纷,紛,fan1
分,分,fan1,分开，分别，分数，分裂，分明，分离，分出，分散，分隔，分辨，分割，分成，分手，分担，分支，分局，分会，分校，分贝，分配，分钟，分队，分头，区分，满分，划分，零分，分工作，分公司，一百分，百分之一，分清是非，分一杯羹，不分青红皁白,把整体变成几个局部的个体；辨别，区别，离别；（量词）长度、时间、成绩、钱等的单位
熏,熏,fan1
熏,燻,fan1
醺,醺,fan1
荤,葷,fan1
昏,昏,fan1
酚,酚,fan1
芬,芬,fan1
吩,吩,fan1
勋,勳,fan1,"","",勛
棻,棻,fan1
粉,粉,fan2
粪,糞,fan3
训,訓,fan3
坟,墳,fan4
焚,焚,fan4
汾,汾,fan4
棼,棼,fan4
愤,憤,fan5
奋,奮,fan5
忿,忿,fan5
份,份,fan6
分,分,fan6,分量，部分，成分，身分，过分，本分，名分，缘分，情分，糖分，养分,整体中的局部,份
拂,拂,fat1
惚,惚,fat1
囫,囫,fat1
弗,弗,fat1
忽,忽,fat1
窟,窟,fat1
氟,氟,fat1
笏,笏,fat1
佛,彿,fat1
欻,欻,fat1,欻忽，风雨欻至,忽然，突然
伐,伐,fat6
筏,筏,fat6
佛,佛,fat6
阀,閥,fat6
乏,乏,fat6
罚,罰,fat6
否,否,fau2,否认，否定，否决，否则，是否，可否，与否,不然，反对，不同意
剖,剖,fau2/pau2
浮,浮,fau4
涪,涪,fau4
蜉,蜉,fau4
阜,阜,fau6
啡,啡,fe1
非,非,fei1
飞,飛,fei1
妃,妃,fei1
绯,緋,fei1
鲱,鯡,fei1
菲,菲,fei1,菲菲，芳菲,花草茂盛
蜚,蜚,fei1,蜚声，流言蜚语,飞；不实，无根据
扉,扉,fei1
霏,霏,fei1
斐,斐,fei2
翡,翡,fei2
匪,匪,fei2
诽,誹,fei2
榧,榧,fei2
悱,悱,fei2
菲,菲,fei2,妄自菲薄,微薄
蜚,蜚,fei2,蜚蠊,蟑螂
腓,腓,fei4
肥,肥,fei4
科,科,fo1
蝌,蝌,fo1
髁,髁,fo1
伙,伙,fo2
火,火,fo2
颗,顆,fo2
伙,夥,fo2
课,課,fo3
货,貨,fo3
攫,攫,fok3
霍,霍,fok3
藿,藿,fok3
矍,矍,fok3
玃,玃,fok3
方,方,fong1
荒,荒,fong1
芳,芳,fong1
慌,慌,fong1
坊,坊,fong1
肪,肪,fong1
邡,邡,fong1
肓,肓,fong1
谎,謊,fong1/fong2
恍,恍,fong2
幌,幌,fong2
纺,紡,fong2
访,訪,fong2
仿,彷,fong2,仿佛,好像，似乎
晃,晃,fong2
仿,仿,fong2,"","",倣
舫,舫,fong2
昉,昉,fong2
况,況,fong3
放,放,fong3
妨,妨,fong4
房,房,fong4
防,防,fong4
俘,俘,fu1
枯,枯,fu1
呼,呼,fu1
麸,麩,fu1
孵,孵,fu1
肤,膚,fu1
孚,孚,fu1
敷,敷,fu1
夫,夫,fu1
骷,骷,fu1
轷,軤,fu1
刳,刳,fu1
跗,跗,fu1
伕,伕,fu1
桴,桴,fu1
莩,莩,fu1
趺,趺,fu1
唬,唬,fu2
腑,腑,fu2
抚,撫,fu2
釜,釜,fu2
拊,拊,fu2
琥,琥,fu2
俯,俯,fu2
甫,甫,fu2
斧,斧,fu2
府,府,fu2
虎,虎,fu2
苦,苦,fu2
富,富,fu3
赋,賦,fu3
库,庫,fu3
副,副,fu3
裤,褲,fu3
绔,絝,fu3
戽,戽,fu3
芙,芙,fu4
乎,乎,fu4
扶,扶,fu4
符,符,fu4
苻,苻,fu4
妇,婦,fu5
腐,腐,fu6
仆,仆,fu6,前仆后继,跌倒；以面伏地
赴,赴,fu6
负,負,fu6
附,附,fu6
辅,輔,fu6
父,父,fu6
讣,訃,fu6
咐,咐,fu6
付,付,fu6
傅,傅,fu6
鲋,鮒,fu6
驸,駙,fu6
恢,恢,fui1
魁,魁,fui1
灰,灰,fui1
诙,詼,fui1
蝰,蝰,fui1
悝,悝,fui1
奎,奎,fui1/kwai1
鲔,鮪,fui2
悔,悔,fui3
诲,誨,fui3
晦,晦,fui3
复,複,fuk1
辐,輻,fuk1
覆,覆,fuk1
福,福,fuk1
幅,幅,fuk1
馥,馥,fuk1
蝮,蝮,fuk1
蝠,蝠,fuk1
腹,腹,fuk1
伏,伏,fuk6
袱,袱,fuk6
复,復,fuk6
服,服,fuk6
茯,茯,fuk6
宓,宓,fuk6,"",（姓）
髋,髖,fun1
獾,貛,fun1
宽,寬,fun1
欢,歡,fun1
款,款,fun2
丰,豐,fung1
疯,瘋,fung1
风,風,fung1
烽,烽,fung1
丰,丰,fung1
枫,楓,fung1
峰,峰,fung1,"","",峯
锋,鋒,fung1
蜂,蜂,fung1
封,封,fung1
犎,犎,fung1
酆,酆,fung1
沣,灃,fung1
讽,諷,fung3
逢,逢,fung4
冯,馮,fung4
缝,縫,fung4,缝纫，缝补，缝上，裁缝,（动词）用针线连结
缝,縫,fung4/fung6,缝子，缝隙，裂缝，门缝,（名词）空隙，细长的口子；接合的地方
凤,鳳,fung6
奉,奉,fung6
俸,俸,fung6/fung2
阔,闊,fut3
加,加,gaa1
珈,珈,gaa1
迦,迦,gaa1
家,家,gaa1
枷,枷,gaa1
袈,袈,gaa1
伽,伽,gaa1,瑜伽，伽利略，伽马射线,（音译用字）
家,傢,gaa1
嘉,嘉,gaa1
痂,痂,gaa1
镓,鎵,gaa1
噶,噶,gaa1
豭,豭,gaa1
茄,茄,gaa1,雪茄,（音译用字）
葭,葭,gaa1
跏,跏,gaa1
㹢,㹢,gaa1
尜,尜,gaa1/gaat3
贾,賈,gaa2,"",（姓）
架,架,gaa2,架子，书架，衣架，骨架,用做支承的东西
尕,尕,gaa2
假,假,gaa2,假设，虚假，造假,（形容词）
斝,斝,gaa2
槚,檟,gaa2
瘕,瘕,gaa2/gaa1/gaa3
驾,駕,gaa3
嫁,嫁,gaa3
稼,稼,gaa3
假,假,gaa3,假期，放假，度假,（名词）
咖,咖,gaa3
价,價,gaa3
架,架,gaa3,架桥，打架，吵架，招架，绑架,支承；殴打，争吵；抵挡；（量词）指有架的东西
佳,佳,gaai1
皆,皆,gaai1
街,街,gaai1
偕,偕,gaai1
秸,秸,gaai1
阶,階,gaai1
解,解,gaai2,解释，解决，解答，解渴，解约，解数，了解，不解，瓦解，注解，浑身解数,分开，分裂，说明，打开，消除；手段，本事
蚧,蚧,gaai2/gwaai2
诫,誡,gaai3
介,介,gaai3
届,屆,gaai3
尬,尬,gaai3
界,界,gaai3
戒,戒,gaai3
芥,芥,gaai3
疥,疥,gaai3
解,解,gaai3,解送，解款，押解，起解,押送
骱,骱,gaai3/haai6
骼,骼,gaak3
膈,膈,gaak3
革,革,gaak3,革命，革新，革除，革履，革职，皮革，改革，变革，洗心革面,去毛加工的兽皮；改变，变更
格,格,gaak3
胳,胳,gaak3
嗝,嗝,gaak3
镉,鎘,gaak3
隔,隔,gaak3
监,監,gaam1,监督，监视，监听，监狱，监牢
缄,緘,gaam1
减,減,gaam2
监,監,gaam3,太监
鉴,鑑,gaam3,"","",鑒
尴,尷,gaam3/gaam1
奸,奸,gaan1
间,間,gaan1,时间，空间，房间，中间，期间，之间，人间，洗手间，刹那间,时空的段落；两个事物之中；地方，处所
奸,姦,gaan1
艰,艱,gaan1
菅,菅,gaan1
柬,柬,gaan2
拣,揀,gaan2
简,簡,gaan2
茧,繭,gaan2
锏,鐧,gaan2
碱,鹼,gaan2,"","",礆，硷
笕,筧,gaan2
间,間,gaan3,间接，间断，间谍，间隔，间隙，间或，相间，反间，挑拨离间，亲密无间,空隙；分隔，隔开；挑拨，分化，使人不和
谏,諫,gaan3
涧,澗,gaan3
間,間,gaan3,时间,（俗）
耕,耕,gaang1
更,更,gaang1,打更，三更半夜，更深人静,（口语）一夜的五分之一的时间
筻,筻,gaang3
蛱,蛺,gaap3
钾,鉀,gaap3
颊,頰,gaap3
甲,甲,gaap3
饸,餄,gaap3
荚,莢,gaap3
夹,夾,gaap3
胛,胛,gaap3
郏,郟,gaap3
岬,岬,gaap3
袷,袷,gaap3
嗑,嗑,gaap3,嗑儿，嗑牙，唠嗑，闲嗑,（方言）话
䇲,筴,gaap3
𬂩,梜,gaap3
轧,軋,gaat3,轧账，轧朋友，人轧人,（方言）挤，结交，核对
戛,戛,gaat3/aat3
胶,膠,gaau1
茭,茭,gaau1
郊,郊,gaau1
蛟,蛟,gaau1
交,交,gaau1
跤,跤,gaau1
鲛,鮫,gaau1
皎,皎,gaau2
佼,佼,gaau2
铰,鉸,gaau2,铰孔，铰开，铰开，铰接,（动词）用剪刀剪或切削
绞,絞,gaau2
搅,攪,gaau2
姣,姣,gaau2
狡,狡,gaau2
饺,餃,gaau2
搞,搞,gaau2
较,較,gaau3
铰,鉸,gaau3,铰刀，铰链,（名词）剪刀；合页
窖,窖,gaau3
觉,覺,gaau3,睡觉，午觉,（名词）指睡眠
教,教,gaau3,"","",敎
校,校,gaau3,校对，校正，校改，校订，校官，校勘，校稿，校样，将校，上校，中校，少校,纠正，订正，改正；一种军衔
滘,滘,gaau3
酵,酵,gaau3/haau1
鸡,雞,gai1,"","",鷄
笄,笄,gai1
计,計,gai3
髻,髻,gai3
蓟,薊,gai3
继,繼,gai3
炔,炔,gai3,"",（姓）
偈,偈,gai6,偈语，偈子，偈颂，佛偈,佛经中的唱词
金,金,gam1
柑,柑,gam1
今,今,gam1
甘,甘,gam1
苷,苷,gam1
禁,禁,gam1,不禁，禁不起，情不自禁,承受，忍住，忍耐
泔,泔,gam1
感,感,gam2
敢,敢,gam2
橄,橄,gam2
锦,錦,gam2
禁,禁,gam3,禁止，禁忌，严禁,不准，不许
赣,贛,gam3
淦,淦,gam3
噤,噤,gam3
筋,筋,gan1,"","",觔
跟,跟,gan1
根,根,gan1
巾,巾,gan1
斤,斤,gan1
哏,哏,gan1
紧,緊,gan2
堇,堇,gan2
谨,謹,gan2
仅,僅,gan2
馑,饉,gan2
瑾,瑾,gan2
殣,殣,gan2/gan6
靳,靳,gan3
艮,艮,gan3
近,近,gan6
觐,覲,gan6/gan2/gan3
庚,庚,gang1
更,更,gang1,更改，更换，更衣，更动，更新，更正，变更，打更，更迭，更生，更定,改变；经历；一夜的五分之一的时间
羹,羹,gang1
粳,粳,gang1
赓,賡,gang1
鹒,鶊,gang1
梗,梗,gang2
耿,耿,gang2
亘,亙,gang2
埂,埂,gang2
哽,哽,gang2
绠,綆,gang2
鲠,鯁,gang2/kang2
更,更,gang3,更好，更加，更快，更多，更上一层楼,再，又，越发
急,急,gap1
鸽,鴿,gap3
蛤,蛤,gap3,蛤蜊，蛤蚧
盖,蓋,gap3,"",（姓）
吉,吉,gat1
讫,訖,gat1
纥,紇,gat1,纥繨,纱线、织物等打成的结
桔,桔,gat1
佶,佶,gat1,佶倬,健壮
嘎,嘎,gat3
疙,疙,gat6
龟,龜,gau1,龟兹,（古）国名
阄,鬮,gau1/kau1
鸠,鳩,gau1/kau1
篝,篝,gau1/kau1
韭,韭,gau2
枸,枸,gau2,枸杞
苟,苟,gau2
狗,狗,gau2
久,久,gau2
九,九,gau2
玖,玖,gau2
灸,灸,gau3
够,夠,gau3
咎,咎,gau3
柩,柩,gau3
究,究,gau3
疚,疚,gau3
救,救,gau3
诟,詬,gau3
垢,垢,gau3
厩,廄,gau3
彀,彀,gau3
旧,舊,gau6
饥,飢,gei1,"","",饑
基,基,gei1
乩,乩,gei1
箕,箕,gei1
奇,奇,gei1,奇数，奇偶，有奇,单的，单数的
肌,肌,gei1
畸,畸,gei1
姬,姬,gei1
犄,犄,gei1
矶,磯,gei1
讥,譏,gei1
叽,嘰,gei1
羁,覊,gei1,"","",羈
几,几,gei1,茶几，窗明几净,矮小的桌子
畿,畿,gei1
玑,璣,gei1
机,機,gei1
几,幾,gei1,几乎,非常接近
期,期,gei1,期年，期月,一周年，一整月
纪,紀,gei2,纪实，世纪，纪录片
几,幾,gei2,几何，几个，几点,表示二到九之间不确定的数目
己,己,gei2
杞,杞,gei2
麂,麂,gei2
虮,蟣,gei2
觊,覬,gei3
纪,紀,gei3,纪念,（又音）
寄,寄,gei3
既,既,gei3
记,記,gei3
妓,妓,gei6
芰,芰,gei6
技,技,gei6
伎,伎,gei6
忌,忌,gei6
惊,驚,geng1,"",（语音）
麖,麖,geng1/ging1
颈,頸,geng2
镜,鏡,geng3
居,居,geoi1
据,据,geoi1
车,車,geoi1,车马炮，丢卒保车,象棋棋子的一种
车,車,geoi1,车骑，车驾，车笠，车仆，车马，车服，车徒，车辙，车师，车右，辅车，车同轨，车在马前，车怠马烦，车殆马烦，车水马龙，车笠之盟，车载斗量，车马喧阗，车马殷阗，车骑将军，前车之鉴，辅车相依，辅车唇齿，轻车熟路，杯水车薪，学富五车，安步当车，老牛破车，螳臂当车，闭门造车,（用于古汉语）
琚,琚,geoi1
裾,裾,geoi1
举,舉,geoi2
矩,矩,geoi2
榉,櫸,geoi2
蒟,蒟,geoi2
龋,齲,geoi2
莒,莒,geoi2
枸,枸,geoi2,枸橼,一种植物
踞,踞,geoi3
据,據,geoi3
句,句,geoi3
讵,詎,geoi6
惧,懼,geoi6
炬,炬,geoi6
巨,鉅,geoi6
遽,遽,geoi6
巨,巨,geoi6
具,具,geoi6
飓,颶,geoi6
苣,苣,geoi6
秬,秬,geoi6
棘,棘,gik1
激,激,gik1
击,擊,gik1
戟,戟,gik1
亟,亟,gik1
殛,殛,gik1
革,革,gik1,病革,急，危急
极,極,gik6
兼,兼,gim1
鹣,鶼,gim1
搛,搛,gim1
捡,撿,gim2
睑,瞼,gim2
检,檢,gim2
剑,劍,gim3
俭,儉,gim6
坚,堅,gin1
肩,肩,gin1
犍,犍,gin1,犍牛,阉割过的公牛
鲣,鰹,gin1
蹇,蹇,gin2
腱,腱,gin3
建,建,gin3
见,見,gin3
毽,毽,gin3
健,健,gin6
件,件,gin6
键,鍵,gin6
惊,驚,ging1
荆,荊,ging1
兢,兢,ging1
泾,涇,ging1
经,經,ging1
矜,矜,ging1
京,京,ging1
景,景,ging2
境,境,ging2
警,警,ging2
竟,竟,ging2
儆,儆,ging2
憬,憬,ging2
璟,璟,ging2
径,徑,ging3
敬,敬,ging3
劲,勁,ging3,使劲，差劲，费劲，不对劲,力气，效力，兴趣
径,逕,ging3,"","",迳
茎,莖,ging3/hang4/hang1
竞,競,ging6
劲,勁,ging6,劲敌，强劲,坚强有力
痉,痙,ging6
劫,劫,gip3,"","",刦，刼，刧
洁,潔,git3
结,結,git3
拮,拮,git3
杰,傑,git6
桀,桀,git6
偈,偈,git6,"",勇武
佶,佶,git6/git3,佶屈聱牙
娇,嬌,giu1
骄,驕,giu1
浇,澆,giu1/hiu1
矫,矯,giu2
缴,繳,giu2
皦,皦,giu2
叫,叫,giu3
撬,撬,giu6
轿,轎,giu6
仡,仡,go1
哥,哥,go1
歌,歌,go1
旮,旮,go1/gok3
菏,菏,go1/ho4
舸,舸,go2/ho2
个,個,go3
锯,鋸,goe3/geoi3
脚,腳,goek3
僵,僵,goeng1
羌,羌,goeng1
僵,殭,goeng1
蜣,蜣,goeng1
姜,薑,goeng1
缰,韁,goeng1
疆,疆,goeng1
姜,姜,goeng1
强,強,goeng6,强嘴，倔强,执拗，固执，不屈服，不听劝，强硬不屈,犟
糨,糨,goeng6
该,該,goi1
赅,賅,goi1
荄,荄,goi1
垓,垓,goi1
改,改,goi2
盖,蓋,goi3,盖子，铺盖，瓶盖，膝盖，锅盖，杯盖,（名词）
咯,咯,gok1,咯噔，咯吱，咯咯，咯咯笑,（象声词）形容笑声
各,各,gok3
角,角,gok3
搁,擱,gok3
阁,閣,gok3
觉,覺,gok3,觉得，感觉,（动词）指感想、发觉
桷,桷,gok3
珏,珏,gok3
袼,袼,gok3
硌,硌,gok3/kaak3,硌脚，硌牙,（动词）碰到坚硬的东西而觉得不舒服
干,干,gon1,干涉，干扰，干系
干,乾,gon1,干净，擦干
杆,杆,gon1
杆,桿,gon1
肝,肝,gon1
竿,竿,gon1
酐,酐,gon1
擀,擀,gon2
赶,趕,gon2
秆,稈,gon2
干,幹,gon3,干部，树干
缸,缸,gong1
罡,罡,gong1
肛,肛,gong1
江,江,gong1
纲,綱,gong1
冈,岡,gong1
岗,崗,gong1
刚,剛,gong1
茳,茳,gong1
豇,豇,gong1
讲,講,gong2
港,港,gong2
绛,絳,gong3
钢,鋼,gong3
降,降,gong3,降落，降价，下降
杠,槓,gong3
割,割,got3
葛,葛,got3
高,高,gou1
糕,糕,gou1
膏,膏,gou1
羔,羔,gou1
睾,睾,gou1
皋,皋,gou1
篙,篙,gou1
稿,稿,gou2
槁,槁,gou2
镐,鎬,gou2,镐头，铁镐,刨土的工具
缟,縞,gou2
杲,杲,gou2
藁,藁,gou2
锆,鋯,gou3
告,告,gou3
郜,郜,gou3
诰,誥,gou6
姑,姑,gu1
沽,沽,gu1
蛄,蛄,gu1
轱,軲,gu1
咕,咕,gu1
孤,孤,gu1
辜,辜,gu1
菇,菇,gu1,"","",菰
觚,觚,gu1
菰,菰,gu1,"",茭白
鸪,鴣,gu1
蛊,蠱,gu2
钴,鈷,gu2
牯,牯,gu2
贾,賈,gu2,贾人，商贾,指商人或买卖
古,古,gu2
估,估,gu2
鼓,鼓,gu2
股,股,gu2
诂,詁,gu2
罟,罟,gu2
雇,僱,gu3,"","",雇
顾,顧,gu3
锢,錮,gu3
故,故,gu3
固,固,gu3
谷,谷,guk1
鹄,鵠,guk1
毂,轂,guk1
谷,穀,guk1
掬,掬,guk1
鞠,鞠,guk1
梏,梏,guk1
嚳,嚳,guk1
菊,菊,guk1
局,局,guk6
焗,焗,guk6
锔,鋦,guk6
冠,冠,gun1,冠冕，桂冠,（名词）指帽子
官,官,gun1
棺,棺,gun1
观,觀,gun1,观察，观摩，观念，乐观，参观，壮观，奇观，客观，静观其变，走马观花,看，看法，样子，景象
莞,莞,gun1,莞草,（姓、植物名）
倌,倌,gun1
管,管,gun2
馆,館,gun2
莞,莞,gun2,东莞,（地名）
脘,脘,gun2
鹳,鸛,gun3
冠,冠,gun3,冠军，夺冠，冠以,（动词）指戴帽子或加上名号，也指竞赛中获得第一名
灌,灌,gun3
盥,盥,gun3
罐,罐,gun3
贯,貫,gun3
观,觀,gun3,道观，楼观,道教的寺庙
蚣,蚣,gung1
恭,恭,gung1
供,供,gung1,供给，供应，供水，供电，供词，提供，口供，招供，自供，逼供，录供,把东西给需要的人使用；向别人提供某种条件；受审的人交代案情
弓,弓,gung1
龚,龔,gung1
躬,躬,gung1
宫,宮,gung1
功,功,gung1
工,工,gung1
攻,攻,gung1
公,公,gung1
红,紅,gung1/hung4,女红,（旧）指女子所做的纺织、缝纫、刺绣等工作
巩,鞏,gung2
拱,拱,gung2
珙,珙,gung2
栱,栱,gung2
贡,貢,gung3
供,供,gung3,供奉，供品，供桌，供佛，供职，供事，上供，摆供,把香烛或祭品设在牌位等处以表示敬奉；从事，担任
共,共,gung6
呱,呱,gwaa1,呱呱叫
瓜,瓜,gwaa1
寡,寡,gwaa2
呱,呱,gwaa2,拉呱儿,（方言）闲谈
挂,掛,gwaa3
卦,卦,gwaa3
褂,褂,gwaa3
乖,乖,gwaai1
拐,拐,gwaai2
柺,柺,gwaai2
蒯,蒯,gwaai2
怪,怪,gwaai3
掴,摑,gwaak3
关,關,gwaan1
鳏,鰥,gwaan1
掼,摜,gwaan3
惯,慣,gwaan3
刮,刮,gwaat3
刮,颳,gwaat3
龟,龜,gwai1
硅,硅,gwai1
闺,閨,gwai1
归,歸,gwai1
圭,圭,gwai1
瑰,瑰,gwai1,瑰丽
鲑,鮭,gwai1
皈,皈,gwai1
珪,珪,gwai1
晷,晷,gwai2
鬼,鬼,gwai2
轨,軌,gwai2
诡,詭,gwai2
簋,簋,gwai2
庋,庋,gwai2/gei2
癸,癸,gwai3
瑰,瑰,gwai3,玫瑰
季,季,gwai3
桂,桂,gwai3
悸,悸,gwai3
贵,貴,gwai3
炅,炅,gwai3,"",（姓）
刿,劌,gwai3
柜,櫃,gwai6
馈,饋,gwai6
跪,跪,gwai6
篑,簣,gwai6
匮,匱,gwai6
筠,筠,gwan1,"",（地名）
君,君,gwan1
钧,鈞,gwan1
军,軍,gwan1
均,均,gwan1
纶,綸,gwan1,纶巾,青丝带
鋆,鋆,gwan1,"",（人名用字）
锟,錕,gwan1
鲲,鯤,gwan1
莙,莙,gwan1
龟,龜,gwan1,龟裂,皮肤音寒冷干燥而开裂
皲,皸,gwan1
滚,滾,gwan2
鲧,鯀,gwan2
磙,磙,gwan2
棍,棍,gwan3
郡,郡,gwan6
珺,珺,gwan6
薨,薨,gwang1
肱,肱,gwang1
訇,訇,gwang1
轰,轟,gwang1
橘,橘,gwat1,"","",桔
骨,骨,gwat1
汩,汩,gwat1
倔,倔,gwat6
掘,掘,gwat6
崛,崛,gwat6
虢,虢,gwik1
炯,炯,gwing2
迥,迥,gwing2
炅,炅,gwing2,"",日光，光明，明亮，热
囧,囧,gwing2
戈,戈,gwo1
裹,裹,gwo2
果,果,gwo2,"","",菓
过,過,gwo3
郭,郭,gwok3
腘,膕,gwok3
国,國,gwok3
帼,幗,gwok3
椁,槨,gwok3
蝈,蟈,gwok3
廓,廓,gwok3/kwok3
胱,胱,gwong1
光,光,gwong1
桄,桄,gwong1,桄榔,一种常绿乔木
咣,咣,gwong1
广,廣,gwong2
诳,誑,gwong2
犷,獷,gwong2/kwong3
桄,桄,gwong3,桄子，线桄儿,指桄子，一种绕线器具
捐,捐,gyun1
鹃,鵑,gyun1
娟,娟,gyun1
涓,涓,gyun1
蠲,蠲,gyun1
卷,卷,gyun2
卷,捲,gyun2
绢,絹,gyun3
券,券,gyun3,奖券，赠券,（俗）
眷,眷,gyun3
鄄,鄄,gyun3
倦,倦,gyun6
圈,圈,gyun6,猪圈，羊圈，牛圈,养猪羊等牲畜的栅栏
哈,哈,haa1
虾,蝦,haa1
遐,遐,haa4
瑕,瑕,haa4
蛤,蛤,haa4,蛤蟆，癞蛤蟆
霞,霞,haa4
夏,夏,haa6
下,下,haa6
暇,暇,haa6
厦,廈,haa6,"","",厦
揩,揩,haai1
嗨,嗨,haai1
咳,咳,haai1,"",（叹词）表示惊讶、惋惜、后悔
孩,孩,haai4
谐,諧,haai4
骸,骸,haai4
鞋,鞋,haai4
骇,駭,haai5
獬,獬,haai5
蟹,蟹,haai5
懈,懈,haai6
械,械,haai6
解,解,haai6,解县,（姓、地名）
瀣,瀣,haai6
薤,薤,haai6
嗐,嗐,haai6
邂,邂,haai6/haai5
赫,赫,haak1
吓,嚇,haak3
客,客,haak3
喊,喊,haam3
函,函,haam4
涵,涵,haam4
咸,鹹,haam4
咸,咸,haam4
衔,銜,haam4
啣,啣,haam4
槛,檻,haam5,槛车，槛阱，槛羊，阑槛，阑槛，兽槛，牛槛,栏杆；囚车；关禽兽的木笼
菡,菡,haam5/aam5
陷,陷,haam6
馅,餡,haam6
闲,閒,haan4,"","",閑
痫,癇,haan4
娴,嫺,haan4,"","",嫻
限,限,haan6
夯,夯,haang1
坑,坑,haang1
行,行,haang4,"",走（用于口语）
呷,呷,haap3
嗑,嗑,haap3,嗑破，嗑瓜子,咬有壳等的硬东西
掐,掐,haap3
匣,匣,haap6
柙,柙,haap6
箧,篋,haap6
狎,狎,haap6
峡,峽,haap6
狭,狹,haap6
硖,硤,haap6/gip3
侠,俠,haap6/hap6
哮,哮,haau1
敲,敲,haau1
烤,烤,haau1/haau2
考,考,haau2,"","",攷
巧,巧,haau2
拷,拷,haau2
栲,栲,haau2
孝,孝,haau3
校,校,haau6,校长，校园，校址，校舍，学校，母校，夜校,教学的地方
効,効,haau6
效,效,haau6
傚,傚,haau6
奚,奚,hai4
兮,兮,hai4
鼷,鼷,hai4
蹊,蹊,hai4,蹊径，山蹊,小路，路径
系,係,hai6
系,繫,hai6
系,系,hai6
克,克,hak1
刻,刻,hak1
黑,黑,hak1
氪,氪,hak1
克,剋,hak1
可,可,hak1,可汗
勘,勘,ham1,勘误，勘正，校勘,校对，核定
蚶,蚶,ham1
龛,龕,ham1
戡,戡,ham1
堪,堪,ham1
憨,憨,ham1
坩,坩,ham1
砍,砍,ham2
坎,坎,ham2
崁,崁,ham3
磡,磡,ham3
勘,勘,ham3,勘探，勘验，勘测，推勘,细查，审查
瞰,瞰,ham3
嵌,嵌,ham3/ham6
含,含,ham4
酣,酣,ham4
晗,晗,ham4
颔,頷,ham5
撼,撼,ham6
憾,憾,ham6
很,很,han2
狠,狠,han2
恳,懇,han2
垦,墾,han2
痕,痕,han4
恨,恨,han6
铿,鏗,hang1
哼,哼,hang1,哼唱，哼歌，哼出来,（动词）低声歌唱
亨,亨,hang1
吭,吭,hang1,吭声，吭气，闷不吭声，一声不吭,（动词）出声，说话，发出声音
肯,肯,hang2
啃,啃,hang2
桁,桁,hang4
恒,恆,hang4
衡,衡,hang4
姮,姮,hang4
珩,珩,hang4
行,行,hang4,行走，行军，行李，行销，行灶，行商，行营，行礼，行文，行装，行箧，行头，进行，通行，发行，风行，另行，即行，举行，实行，日行千里，见机行事,走
行,行,hang4/hong4,行辈，排行,兄弟姐妹长幼的次序
悻,悻,hang6
杏,杏,hang6
幸,幸,hang6
幸,倖,hang6
婞,婞,hang6
行,行,hang6,言行，品行，罪行，德行，操行，道行，行将，不行，行了，真行,足以表明品质的举止行动；可以；能干；快要；僧道修行的功夫
恰,恰,hap1
洽,洽,hap1
合,合,hap6,"","",閤
磕,磕,hap6
盒,盒,hap6
瞌,瞌,hap6
阖,闔,hap6
颌,頜,hap6
嗑,嗑,hap6,噬嗑,六十四卦之一
郃,郃,hap6/gap3
乞,乞,hat1
瞎,瞎,hat6
辖,轄,hat6
阂,閡,hat6
劾,劾,hat6
檄,檄,hat6
龁,齕,hat6
纥,紇,hat6,回纥,古代少数民族名称
搳,搳,hat6
核,核,hat6,核子，核心，核对，核定，核实，核弹，核仁，核战，核桃，核武，核爆，核算，核能，核计，核办，核电，核准，考核，评核，审核，地核，果核，查核，稽核，结核，综核，核潜艇，核试验，核分裂，核反应，细胞核，肺结核，原子核,对照，审定，考查，审查；物体的中心部分；原子核的简称
核,覈,hat6
葜,葜,hat6
齁,齁,hau1
口,口,hau2
吼,吼,hau3
猴,猴,hau4
侯,侯,hau4
喉,喉,hau4
篌,篌,hau4
瘊,瘊,hau4
厚,厚,hau5
后,後,hau6
逅,逅,hau6
后,后,hau6
鲎,鱟,hau6
候,候,hau6
堠,堠,hau6
嘿,嘿,hei1
烯,烯,hei1
禧,禧,hei1
熙,熙,hei1
嬉,嬉,hei1
曦,曦,hei1
牺,犧,hei1
稀,稀,hei1
羲,羲,hei1
醯,醯,hei1
欷,欷,hei1
希,希,hei1
嘻,嘻,hei1
唏,唏,hei1
欺,欺,hei1
熹,熹,hei1
浠,浠,hei1
娸,娸,hei1
豨,豨,hei1
晞,晞,hei1
喜,喜,hei2
岂,豈,hei2
起,起,hei2
囍,囍,hei2
憙,憙,hei2
憩,憩,hei3
戏,戲,hei3
器,器,hei3
汽,汽,hei3
弃,棄,hei3
气,氣,hei3
吃,吃,hek3,"","",喫
墟,墟,heoi1
吁,吁,heoi1
嘘,噓,heoi1
虚,虛,heoi1
歔,歔,heoi1
盱,盱,heoi1
诩,詡,heoi2
许,許,heoi2
栩,栩,heoi2
浒,滸,heoi2,浒湾，浒墅关,（地名）
煦,煦,heoi2/heoi3
去,去,heoi3
谦,謙,him1
险,險,him2
猃,獫,him2
芡,芡,him3
欠,欠,him3
掀,掀,hin1
牵,牽,hin1
轩,軒,hin1
骞,騫,hin1
岍,岍,hin1
遣,遣,hin2
显,顯,hin2
衍,衍,hin2,"",（俗）
谴,譴,hin2
蚬,蜆,hin2
缱,繾,hin2
献,獻,hin3
宪,憲,hin3
兄,兄,hing1
卿,卿,hing1
兴,興,hing1,兴建，兴奋，兴盛，兴旺，兴隆，兴衰，兴起，振兴，复兴，中兴，时兴，新兴,发动，创办，昌盛，旺盛，流行
馨,馨,hing1
氢,氫,hing1
轻,輕,hing1/heng1
磬,磬,hing3
罄,罄,hing3
兴,興,hing3,兴趣，兴致，高兴，扫兴，雅兴，助兴，尽兴，即兴，乘兴，败兴，兴高采烈,喜爱的情绪
庆,慶,hing3
胫,脛,hing5/ging3
胁,脅,hip3
歉,歉,hip3
协,協,hip3
怯,怯,hip3
挟,挾,hip3/haap6
惬,愜,hip6
勰,勰,hip6
歇,歇,hit3
蝎,蠍,hit3
侥,僥,hiu1
鸮,鴞,hiu1
骁,驍,hiu1
枭,梟,hiu1
嚣,囂,hiu1
橇,橇,hiu1/ceoi3
晓,曉,hiu2
窍,竅,hiu3/kiu3
哼,哼,hng6,"",（叹词）表示不满，怀疑，轻蔑，威胁，怨恨
苛,苛,ho1
诃,訶,ho1
呵,呵,ho1
可,可,ho2,可以，宁可
坷,坷,ho2
岢,岢,ho2
嗬,嗬,ho2
何,何,ho4
河,河,ho4
荷,荷,ho4,荷花，荷塘，荷包，荷兰，薄荷，荷尔蒙,莲花
贺,賀,ho6
荷,荷,ho6,负荷，荷载，荷重，电荷，感荷,扛，背，负担，承受
靴,靴,hoe1
香,香,hoeng1
乡,鄉,hoeng1
享,享,hoeng2
响,響,hoeng2
飨,饗,hoeng2
饷,餉,hoeng2
晌,晌,hoeng2
蠁,蠁,hoeng2
向,向,hoeng3
向,嚮,hoeng3
开,開,hoi1
咍,咍,hoi1
锎,鐦,hoi1
恺,愷,hoi2
海,海,hoi2
铠,鎧,hoi2
凯,凱,hoi2
闿,闓,hoi2
剀,剴,hoi2
垲,塏,hoi2
颏,頦,hoi4/hoi5
害,害,hoi6
亥,亥,hoi6
氦,氦,hoi6
壳,殼,hok3
貉,貉,hok6
鹤,鶴,hok6
学,學,hok6
看,看,hon1,看门，看家，看羊，看管，看守，看护，看押，看待,守护，监视，监管，照管，照顾，放牧
顸,頇,hon1
侃,侃,hon2
罕,罕,hon2
刊,刊,hon2/hon1
看,看,hon3,看见，看书，看病，看望，看戏，看脉，察看，观看，好看，看电影，看得起，试试看，看风使舵，刮目相看，另眼相看,瞧，注视，观察，拜访，探望
汉,漢,hon3
韩,韓,hon4
邯,邯,hon4
鼾,鼾,hon4
寒,寒,hon4
汗,汗,hon4,可汗
旱,旱,hon5
悍,悍,hon6
瀚,瀚,hon6
捍,捍,hon6
汗,汗,hon6,汗水，流汗
翰,翰,hon6
焊,焊,hon6
匡,匡,hong1
康,康,hong1
糠,糠,hong1
腔,腔,hong1
劻,劻,hong1
诓,誆,hong1
眶,眶,hong1/kwaang1
筐,筐,hong1/kwaang1
慷,慷,hong2/kong2
行,行,hong4,行列，行家，行市，同行，外行，车行，单行，双行，几行字,行列，排；职业
航,航,hong4
杭,杭,hong4
降,降,hong4,降服，投降,向敌人屈服
吭,吭,hong4,引吭高歌，扼吭拊背,（名词）喉咙，咽喉
沆,沆,hong4
鸻,鴴,hong4/hang4
项,項,hong6
行,行,hong6,行行，树行子,刚强的样子；排成行列的树木
巷,巷,hong6/hong2
渴,渴,hot3
喝,喝,hot3
鞨,鞨,hot3
褐,褐,hot3
蒿,蒿,hou1
薅,薅,hou1
好,好,hou2,好处，好听，好汉，良好,（形容词）有利的，使人满意的
犒,犒,hou3
好,好,hou3,好客，好奇，嗜好，癖好,（动词）喜爱，喜欢
耗,耗,hou3
蠔,蠔,hou4
豪,豪,hou4
嗥,嗥,hou4
壕,壕,hou4
毫,毫,hou4
嚎,嚎,hou4
号,號,hou4,号叫，号啕，号哭，呼号,（动词）高声叫喊
濠,濠,hou4
昊,昊,hou6
浩,浩,hou6
号,號,hou6,号码，符号，记号,（名词）标记，名称
镐,鎬,hou6,"",（地名）西周的国都
灏,灝,hou6
皓,皓,hou6
颢,顥,hou6
澔,澔,hou6
晧,晧,hou6
淏,淏,hou6
哭,哭,huk1
酷,酷,huk6
槲,槲,huk6
匈,匈,hung1
凶,凶,hung1
箜,箜,hung1
崆,崆,hung1
胸,胸,hung1
汹,洶,hung1
凶,兇,hung1,"","",凶
空,空,hung1
哄,哄,hung1,哄传，哄动，哄然，哄劝，乱哄哄，哄堂大笑，哄抬物价,许多人同时发出喧哗声或大笑声
恐,恐,hung2
孔,孔,hung2
控,控,hung3
哄,哄,hung3,哄骗，哄人，哄孩子,逗弄，用假话骗人
烘,烘,hung3/hung1
哄,鬨,hung3/hung6,哄闹，起哄，一哄而散,喧闹，笑闹
虹,虹,hung4
熊,熊,hung4
洪,洪,hung4
雄,雄,hung4
鸿,鴻,hung4
红,紅,hung4,红色，脸红,像鲜血一样的颜色
蕻,蕻,hung4,雪里蕻,一种花
讧,訌,hung4/hung3
蕻,蕻,hung6,菜蕻,茂盛的样子
汞,汞,hung6/hung3,"","",銾
圈,圈,hyun1,圈子，圈套，圈点，圈选，圆圈，花圈，绕圈，项圈,环形的东西
萱,萱,hyun1
喧,喧,hyun1
暄,暄,hyun1
埙,壎,hyun1,"","",塤
禤,禤,hyun1
禢,禢,hyun1
煊,煊,hyun1
嬛,嬛,hyun1,嬛佞，便嬛,轻巧，轻盈，轻飘的样子
犬,犬,hyun2
畎,畎,hyun2
劝,勸,hyun3
券,券,hyun3,奖券，赠券
绚,絢,hyun3
绻,綣,hyun3
血,血,hyut3
也,也,jaa5
跩,跩,jai6
曳,曳,jai6
勚,勩,jai6/ji6
音,音,jam1
阴,陰,jam1
钦,欽,jam1
歆,歆,jam1
鑫,鑫,jam1
喑,喑,jam1
饮,飲,jam2
荫,蔭,jam3
窨,窨,jam3
壬,壬,jam4
霪,霪,jam4
淫,淫,jam4
吟,吟,jam4
任,任,jam4,任县，任丘,（姓，地名）
荏,荏,jam5/jam6
妊,妊,jam6
饪,飪,jam6
任,任,jam6,任务，任意，任命，任职，任用，任凭，信任，重任，担任，就任，离任，委任，连任，放任，听之任之，任重道远,担当，承受，职责，职务，委派
任,任,jam6,任县，任丘,（俗：姓，地名）
赁,賃,jam6
衽,衽,jam6,"","",袵
氤,氤,jan1
恩,恩,jan1
因,因,jan1
茵,茵,jan1
堙,堙,jan1,"","",陻
姻,姻,jan1
甄,甄,jan1
昕,昕,jan1
欣,欣,jan1
殷,殷,jan1
忻,忻,jan1
洇,洇,jan1
妡,妡,jan1
蒽,蒽,jan1
炘,炘,jan1
隐,隱,jan2
忍,忍,jan2
印,印,jan3
䲟,鮣,jan3
仁,仁,jan4
夤,夤,jan4
寅,寅,jan4
人,人,jan4
蚓,蚓,jan5
引,引,jan5
瘾,癮,jan5/jan2
衅,釁,jan6
孕,孕,jan6
胤,胤,jan6
纫,紉,jan6
刃,刃,jan6
仞,仞,jan6
屻,屻,jan6
韧,韌,jan6/ngang6
泣,泣,jap1
熠,熠,jap1
悒,悒,jap1
翕,翕,jap1
挹,挹,jap1
邑,邑,jap1
揖,揖,jap1
入,入,jap6
壹,壹,jat1
一,一,jat1
逸,逸,jat6
轶,軼,jat6
日,日,jat6
溢,溢,jat6
佚,佚,jat6
镒,鎰,jat6
佾,佾,jat6
丘,丘,jau1
休,休,jau1
幽,幽,jau1
忧,憂,jau1
邱,邱,jau1
优,優,jau1
蚯,蚯,jau1
貅,貅,jau1
鸺,鵂,jau1
咻,咻,jau1
髹,髹,jau1
黝,黝,jau2
柚,柚,jau2,柚子，葡萄柚,一种常绿乔木
幼,幼,jau3
疣,疣,jau4
邮,郵,jau4
柔,柔,jau4
攸,攸,jau4
油,油,jau4
揉,揉,jau4
游,遊,jau4
铀,鈾,jau4
酋,酋,jau4
犹,猶,jau4
鱿,魷,jau4
悠,悠,jau4
由,由,jau4
尤,尤,jau4
蹂,蹂,jau4
游,游,jau4
蚰,蚰,jau4,蚰蜒
楢,楢,jau4
鞣,鞣,jau4
猷,猷,jau4
蝣,蝣,jau4
柚,柚,jau4/jau2,柚木,一种落叶乔木
酉,酉,jau5
友,友,jau5
诱,誘,jau5
有,有,jau5
莠,莠,jau5
牖,牖,jau5
釉,釉,jau6
又,又,jau6
囿,囿,jau6
宥,宥,jau6
侑,侑,jau6
佑,佑,jau6,"","",祐
右,右,jau6
鼬,鼬,jau6
狖,狖,jau6
椰,椰,je4
邪,邪,je4,是邪，非邪，莫邪,（文言）表示疑问、感叹等语气,耶
揶,揶,je4
耶,耶,je4
爷,爺,je4
琊,琊,je4,琅琊,（地名）
倻,倻,je4
铘,鋣,je4
冶,冶,je5
野,野,je5
惹,惹,je5
若,若,je5,般若，兰若,（梵文音译词）
夜,夜,je6
偌,偌,je6
赢,贏,jeng4,"",（口语）
蕤,蕤,jeoi4
蕊,蕊,jeoi5
锐,銳,jeoi6
裔,裔,jeoi6
睿,睿,jeoi6
芮,芮,jeoi6
蚋,蚋,jeoi6
叡,叡,jeoi6
润,潤,jeon6
闰,閏,jeon6
依,依,ji1
衣,衣,ji1
铱,銥,ji1
漪,漪,ji1
医,醫,ji1
伊,伊,ji1
黟,黟,ji1
猗,猗,ji1
祎,禕,ji1
椅,椅,ji2
绮,綺,ji2
倚,倚,ji2
旖,旖,ji2
齮,齮,ji2
镱,鐿,ji3
薏,薏,ji3
癔,癔,ji3
意,意,ji3
懿,懿,ji3
诒,詒,ji4
怡,怡,ji4
而,而,ji4
谊,誼,ji4
颐,頤,ji4
迤,迤,ji4,逶迤
仪,儀,ji4
姨,姨,ji4
宜,宜,ji4
夷,夷,ji4
疑,疑,ji4
贻,貽,ji4
儿,兒,ji4
痍,痍,ji4
胰,胰,ji4
移,移,ji4
饴,飴,ji4
咦,咦,ji4
彝,彞,ji4
沂,沂,ji4,沂河,（水名）
眙,眙,ji4
蛇,蛇,ji4,委蛇，虚与委蛇
匜,匜,ji4
议,議,ji5
矣,矣,ji5
以,以,ji5
迩,邇,ji5
耳,耳,ji5
已,已,ji5
拟,擬,ji5
迤,迤,ji5,迤逦
洱,洱,ji5
尔,爾,ji5
苡,苡,ji5
贰,貳,ji6
异,異,ji6
肄,肄,ji6
义,義,ji6
劓,劓,ji6
二,二,ji6
易,易,ji6,易燃，易懂，易安，容易，简易，轻易，易拉罐，易如反掌，易守难攻，平易近人，轻而易举，显而易见，知难行易，得来不易,简单，不困难，不须费力的；平和，和蔼
抑,抑,jik1
亿,億,jik1
臆,臆,jik1
益,益,jik1
忆,憶,jik1
阋,鬩,jik1
疫,疫,jik6
译,譯,jik6
绎,繹,jik6
亦,亦,jik6
奕,奕,jik6
驿,驛,jik6
役,役,jik6
翊,翊,jik6
液,液,jik6
翼,翼,jik6
弈,弈,jik6
蜴,蜴,jik6
腋,腋,jik6
翌,翌,jik6
易,易,jik6,易位，易容，易名，易经，易俗，易手，易服，易帜，易货，交易，贸易，变易，易地而处，不易之论，以物易物，移风易俗，改弦易辙，时移势易,改变，交换，变换；（姓）
弋,弋,jik6
掖,掖,jik6
杙,杙,jik6
燚,燚,jik6
怿,懌,jik6
逆,逆,jik6/ngaak6
淹,淹,jim1
阉,閹,jim1
奄,奄,jim1
恹,懨,jim1
腌,醃,jim1/jip3
魇,魘,jim2
掩,掩,jim2
揜,揜,jim2
餍,饜,jim3
厌,厭,jim3
盐,鹽,jim4
炎,炎,jim4
严,嚴,jim4
髯,髯,jim4
蚺,蚺,jim4
嫌,嫌,jim4
阎,閻,jim4
闫,閆,jim4
檐,簷,jim4/sim4
冉,冉,jim5
俨,儼,jim5
苒,苒,jim5
染,染,jim5
琰,琰,jim5
验,驗,jim6
艳,艷,jim6
滟,灧,jim6,"","",灩
焰,焰,jim6,"","",燄
咽,咽,jin1,咽喉，咽头,食道的上端部分
烟,煙,jin1,烟草，抽烟,"",菸
湮,湮,jin1
焉,焉,jin1,焉能如此，焉知非福，焉得虎子,（疑问词）岂，怎么，如何
胭,胭,jin1
蔫,蔫,jin1
烟,煙,jin1,烟火，冒烟
燕,燕,jin1,燕京,（姓，地名）
嫣,嫣,jin1
鄢,鄢,jin1
阏,閼,jin1,阏氏,匈奴人妻或妾的称号
偃,偃,jin2
演,演,jin2
鼹,鼴,jin2
堰,堰,jin2
兖,兗,jin2
衍,衍,jin2/jin5
燕,燕,jin3,燕子，家燕
宴,宴,jin3
咽,嚥,jin3,咽气，吞咽，咽口水，狼吞虎咽，细嚼慢咽,吞
嬿,嬿,jin3
延,延,jin4
燃,燃,jin4
筵,筵,jin4
妍,妍,jin4
蜒,蜒,jin4
焉,焉,jin4,心不在焉，有厚望焉,此，乃，才
言,言,jin4
涎,涎,jin4
研,研,jin4
贤,賢,jin4
然,然,jin4
舷,舷,jin4
弦,弦,jin4,"","",絃
𫄧,綖,jin4
埏,埏,jin4
娫,娫,jin4
苋,莧,jin6
砚,硯,jin6
现,現,jin6
彦,彥,jin6
谳,讞,jin6
谚,諺,jin6
唁,唁,jin6
瑛,瑛,jing1
膺,膺,jing1
缨,纓,jing1
婴,嬰,jing1
应,應,jing1,应该，理应
樱,櫻,jing1
英,英,jing1
鹦,鸚,jing1
鹰,鷹,jing1
媖,媖,jing1
嫈,嫈,jing1
映,映,jing2
影,影,jing2
瘿,癭,jing2
应,應,jing3,应用，答应，回应
营,營,jing4
潆,瀠,jing4
形,形,jing4
刑,刑,jing4
蝇,蠅,jing4
仍,仍,jing4
嬴,嬴,jing4
瀛,瀛,jing4
萦,縈,jing4
萤,螢,jing4
邢,邢,jing4
赢,贏,jing4,赢钱，输赢
楹,楹,jing4
迎,迎,jing4,"","",迊
盈,盈,jing4
莹,瑩,jing4
凝,凝,jing4
型,型,jing4
荧,熒,jing4
陉,陘,jing4
荥,滎,jing4
蓥,鎣,jing4
铏,鉶,jing4
溋,溋,jing4
滢,瀅,jing4/jing6
郢,郢,jing5
认,認,jing6
靥,靨,jip3
叶,葉,jip6
烨,燁,jip6
业,業,jip6
页,頁,jip6
邺,鄴,jip6
晔,曄,jip6
谒,謁,jit3
噎,噎,jit3
咽,咽,jit3,哽咽，呜咽,阻塞；声音低沉、悲凄、滞涩
热,熱,jit6
拽,拽,jit6
孽,孽,jit6
蘖,櫱,jit6
臬,臬,jit6/nip6
幺,么,jiu1
腰,腰,jiu1
妖,妖,jiu1
邀,邀,jiu1
吆,吆,jiu1
要,要,jiu1,要求，要挟,求取，胁迫，强迫
夭,夭,jiu1,夭夭，逃之夭夭,茂盛的样子
夭,夭,jiu2,夭亡，夭折，夭殇，寿夭,短命，未成年而早死
窈,窈,jiu2
扰,擾,jiu2/jiu5
绕,繞,jiu2/jiu5,"","",遶
要,要,jiu3,要紧，要点，要旨，要是，要素，要命，要塞，要好，要害，重要，主要，提要，摘要,严重，关键，紧要，需要
姚,姚,jiu4
谣,謠,jiu4
鳐,鰩,jiu4
饶,饒,jiu4
飖,颻,jiu4
娆,嬈,jiu4
摇,搖,jiu4
瑶,瑤,jiu4
尧,堯,jiu4
窑,窯,jiu4
遥,遙,jiu4
洮,洮,jiu4,洮湖,（湖名）
徭,徭,jiu4
傜,傜,jiu4
垚,垚,jiu4
舀,舀,jiu5
曜,曜,jiu6
鹞,鷂,jiu6
耀,耀,jiu6
唷,唷,jo1
哟,喲,jo1
约,約,joek3
钥,鑰,joek6
药,藥,joek6
若,若,joek6,若干，倘若，如若，宛若，旁若无人，欣喜若狂,如，似，如果，假如，好像
虐,虐,joek6
谑,謔,joek6
跃,躍,joek6
疟,瘧,joek6
蒻,蒻,joek6
弱,弱,joek6
籥,籥,joek6
龠,龠,joek6
瀹,瀹,joek6
箬,箬,joek6
秧,秧,joeng1
鸯,鴦,joeng1
央,央,joeng1
殃,殃,joeng1
鞅,鞅,joeng2
洋,洋,joeng4
旸,暘,joeng4
佯,佯,joeng4
扬,揚,joeng4
阳,陽,joeng4
羊,羊,joeng4
飏,颺,joeng4
疡,瘍,joeng4
烊,烊,joeng4
杨,楊,joeng4
徉,徉,joeng4
瀼,瀼,joeng4
禳,禳,joeng4
穰,穰,joeng4
蘘,蘘,joeng4
炀,煬,joeng4
攘,攘,joeng4,攘外，攘夺，攘除，攘臂，攘为己有,抢夺，侵夺，排斥，抵御；捋起
勷,勷,joeng4
仰,仰,joeng5
养,養,joeng5
氧,氧,joeng5
攘,攘,joeng5,熙攘，扰攘，熙熙攘攘,扰乱
痒,癢,joeng5
嚷,嚷,joeng5/joeng6
让,讓,joeng6
样,樣,joeng6
漾,漾,joeng6
壤,壤,joeng6
酿,釀,joeng6
恙,恙,joeng6
煜,煜,juk1
毓,毓,juk1
郁,郁,juk1
沃,沃,juk1
昱,昱,juk1
彧,彧,juk1
顼,頊,juk1
旭,旭,juk1
鋈,鋈,juk1
蓐,蓐,juk6
褥,褥,juk6
钰,鈺,juk6
浴,浴,juk6
辱,辱,juk6
育,育,juk6
狱,獄,juk6
肉,肉,juk6
欲,欲,juk6
玉,玉,juk6
欲,慾,juk6
缛,縟,juk6
鬻,鬻,juk6
峪,峪,juk6/jyu6
翁,翁,jung1
雍,雍,jung1
廱,廱,jung1
邕,邕,jung1
嗡,嗡,jung1
饔,饔,jung1
痈,癰,jung1
鹟,鶲,jung1
佣,佣,jung2
踊,踴,jung2
俑,俑,jung2
涌,湧,jung2
冗,冗,jung2
拥,擁,jung2
臃,臃,jung2
蛹,蛹,jung2
恿,慂,jung2
蓊,蓊,jung2
甬,甬,jung2
戎,戎,jung4
茸,茸,jung4
鳙,鱅,jung4
慵,慵,jung4
溶,溶,jung4
融,融,jung4
榕,榕,jung4
蓉,蓉,jung4
佣,傭,jung4
庸,庸,jung4
熔,熔,jung4
镛,鏞,jung4
容,容,jung4
狨,狨,jung4
墉,墉,jung4
绒,絨,jung4/jung2
勇,勇,jung5
用,用,jung6
迂,迂,jyu1
于,於,jyu1,于是，终于,（介词）
淤,淤,jyu1
纡,紆,jyu1
瘀,瘀,jyu2
妪,嫗,jyu2
伛,傴,jyu2
酗,酗,jyu3/heoi2/heoi3
渝,渝,jyu4
舆,輿,jyu4
揄,揄,jyu4
如,如,jyu4
俞,俞,jyu4
虞,虞,jyu4
萸,萸,jyu4
隅,隅,jyu4
予,予,jyu4,予取予求,我，吾
觎,覦,jyu4
儒,儒,jyu4
谀,諛,jyu4
茹,茹,jyu4
狳,狳,jyu4
嚅,嚅,jyu4
娱,娛,jyu4
渔,漁,jyu4
盂,盂,jyu4
鱼,魚,jyu4
欤,歟,jyu4
余,余,jyu4,"",（代词、姓）我
蠕,蠕,jyu4
于,于,jyu4,"",（姓）
蝓,蝓,jyu4
榆,榆,jyu4
余,餘,jyu4,余下，余留，多余，业余，剩余，有余，之余，余音绕梁，不遗余力，心有余悸,剩下的，多出的，不尽的，残留的，未完的,馀
禺,禺,jyu4
逾,逾,jyu4
臾,臾,jyu4
竽,竽,jyu4
濡,濡,jyu4
愚,愚,jyu4
妤,妤,jyu4
愉,愉,jyu4
瑜,瑜,jyu4
逾,踰,jyu4
腴,腴,jyu4
薷,薷,jyu4
雩,雩,jyu4
玙,璵,jyu4
嶼,嶼,jyu4,大屿山,（地名）
褕,褕,jyu4
颥,顬,jyu4
嬬,嬬,jyu4
孺,孺,jyu4/jyu6
雨,雨,jyu5
羽,羽,jyu5
乳,乳,jyu5
宇,宇,jyu5
语,語,jyu5,语言，口语,（名词）话
与,與,jyu5,与其，授与，给与，赠与，与虎谋皮，与人为善，与人方便，时不我与,（连词）和，跟；（动词）给，赠，赞助
禹,禹,jyu5
龉,齬,jyu5
圄,圄,jyu5
瑀,瑀,jyu5
予,予,jyu5,赐予，赋予，给予，赠予，寄予，不予置评,授，给
敔,敔,jyu5
貐,貐,jyu5
汝,汝,jyu5
圉,圉,jyu5
窳,窳,jyu5
谕,諭,jyu6
寓,寓,jyu6
裕,裕,jyu6
御,御,jyu6
愈,愈,jyu6
驭,馭,jyu6
愈,癒,jyu6
预,預,jyu6
遇,遇,jyu6
誉,譽,jyu6
豫,豫,jyu6
与,與,jyu6,与会，与赛，参与,（动词）参加
语,語,jyu6,不以语人,（动词）告诉
御,禦,jyu6
喻,喻,jyu6
蓣,蕷,jyu6
吁,籲,jyu6
滪,澦,jyu6
蜿,蜿,jyun1
鸳,鴛,jyun1
渊,淵,jyun1
冤,冤,jyun1,"","",寃
鸢,鳶,jyun1
宛,宛,jyun2
苑,苑,jyun2
婉,婉,jyun2
琬,琬,jyun2
菀,菀,jyun2
畹,畹,jyun2
朊,朊,jyun2
惋,惋,jyun2/wun2
怨,怨,jyun3
辕,轅,jyun4
圆,圓,jyun4
猿,猿,jyun4
眩,眩,jyun4
缘,緣,jyun4
元,元,jyun4
员,員,jyun4
玄,玄,jyun4
芫,芫,jyun4
源,源,jyun4
园,園,jyun4
铅,鉛,jyun4
烷,烷,jyun4
沿,沿,jyun4
悬,懸,jyun4
原,原,jyun4
袁,袁,jyun4
完,完,jyun4
沅,沅,jyun4
纨,紈,jyun4
塬,塬,jyun4,"",（地名）
螈,螈,jyun4
鼋,黿,jyun4
圜,圜,jyun4,圜丘，圜墙，圜扉,圆，圆形
橼,櫞,jyun4
丸,丸,jyun4/jyun2
爰,爰,jyun4/wun4
阮,阮,jyun5
软,軟,jyun5
远,遠,jyun5,远处，永远，深远,不近，距离或时间长
泫,泫,jyun5
愿,願,jyun6
院,院,jyun6
县,縣,jyun6
炫,炫,jyun6/jyun4
远,遠,jyun6/jyun5,敬而远之,不接近，不亲近
乙,乙,jyut3/jyut6
阅,閱,jyut6
穴,穴,jyut6
越,越,jyut6
钇,釔,jyut6
钺,鉞,jyut6
月,月,jyut6
粤,粵,jyut6
悦,悅,jyut6
玥,玥,jyut6
曰,曰,jyut6/joek6
喀,喀,kaa1
卡,卡,kaa1,卡车，卡通，卡规，卡尺，大卡，卡路里，卡宾枪,（音译用字）
拤,拤,kaa1
卡,卡,kaa2/kaa1,卡住，卡紧，卡子，关卡，发卡，税卡,夹在中间不能活动；夹子
髂,髂,kaa3
楷,楷,kaai2
蒈,蒈,kaai2
锴,鍇,kaai2/gaai1
揢,揢,kaak3
咯,咯,kaak3,咯血，咯痰,呕，吐
卡,卡,kaat1,卡片，刷卡，磁卡，信用卡，借书卡，资料卡,卡片的简称
铐,銬,kaau3
靠,靠,kaau3
稽,稽,kai1,稽查，稽留，稽延，稽核，滑稽，无稽之谈，反唇相稽,停留，延迟，考核，计较
溪,溪,kai1
蹊,蹊,kai1,蹊跷，跷蹊,奇怪，可疑
嵇,嵇,kai1/hai4
启,啟,kai2,"","",啓
稽,稽,kai2,稽首,（古）一种类似磕头的跪拜礼
契,契,kai3
襟,襟,kam1
衾,衾,kam1
噙,噙,kam4
禽,禽,kam4
擒,擒,kam4
琴,琴,kam4,"","",琹
妗,妗,kam5
勤,勤,kan4
芹,芹,kan4
近,近,kan5,"",（口语）
岌,岌,kap1
给,給,kap1
吸,吸,kap1
汲,汲,kap1
笈,笈,kap1
级,級,kap1
歙,歙,kap1,"",收敛，吸气
伋,伋,kap1
及,及,kap6
芨,芨,kap6/gap1
咳,咳,kat1,咳嗽，干咳
抠,摳,kau1
沟,溝,kau1/gau1
叩,叩,kau3
扣,扣,kau3
寇,寇,kau3
扣,釦,kau3
蔻,蔻,kau3
构,構,kau3/gau3
媾,媾,kau3/gau3
购,購,kau3/gau3
佝,佝,kau3/keoi1
裘,裘,kau4
毬,毬,kau4
球,球,kau4
求,求,kau4
仇,仇,kau4,"",（姓）
虬,虯,kau4
犰,犰,kau4
逑,逑,kau4
璆,璆,kau4
俅,俅,kau4
𨱇,銶,kau4
舅,舅,kau5
臼,臼,kau5
茄,茄,ke2,茄子，番茄,一种蔬菜
骑,騎,ke4,骑马，骑车，骑墙,指骑马，也泛指两腿跨在东西上
瘸,瘸,ke4
伽,伽,ke4,伽蓝，伽陀，僧伽，伽南香,（梵文音译用字）
崎,崎,kei1
暨,暨,kei3
冀,冀,kei3
骥,驥,kei3
骑,騎,kei3,骑士，骑兵，骑哨，轻骑，铁骑，坐骑，车骑，骑从，骑手，单骑，边骑，探骑，突骑，胡骑，骁骑，枭骑，骠骑，精骑，骑置，驿骑，一骑，千骑,指马兵，骑兵，或骑马的人
耆,耆,kei4
鳍,鰭,kei4
俟,俟,kei4,万俟,（姓）
旗,旗,kei4
奇,奇,kei4,奇怪，奇迹，奇兵，稀奇，惊奇，不足为奇,特别，怪异，罕见，特殊，不寻常
岐,岐,kei4
棋,棋,kei4
琪,琪,kei4
旂,旂,kei4
琦,琦,kei4
歧,歧,kei4
淇,淇,kei4
祈,祈,kei4
其,其,kei4
萁,萁,kei4
麒,麒,kei4
期,期,kei4,期间，期限，期待，期望，期刊，期末，期满，时期，到期，长期，假期，定期，星期，如期，过期，学期，周期，初期，不期而遇，遥遥无期,限定的时间
祺,祺,kei4
祁,祁,kei4
蕲,蘄,kei4
祇,祇,kei4,神祇,（古）地神,祗
锜,錡,kei4
圻,圻,kei4,"",边界，地界；方圆千里之地
䓫,䓫,kei4
企,企,kei5
屐,屐,kek6
剧,劇,kek6
区,區,keoi1,"",区域，地区
拘,拘,keoi1
驱,驅,keoi1
俱,俱,keoi1
躯,軀,keoi1
岖,嶇,keoi1
祛,祛,keoi1
驹,駒,keoi1
胠,胠,keoi1
袪,袪,keoi1
璩,璩,keoi4
蠼,蠼,keoi4,"","",蠷
瞿,瞿,keoi4
渠,渠,keoi4
衢,衢,keoi4
朐,朐,keoi4
劬,劬,keoi4
距,距,keoi5
拒,拒,keoi5
黔,黔,kim4
钳,鉗,kim4
虔,虔,kin4
掮,掮,kin4
乾,乾,kin4,乾坤，乾宅,八卦之一
犍,犍,kin4,犍为县,（地名）
倾,傾,king1
顷,頃,king2
琼,瓊,king4
擎,擎,king4
鲸,鯨,king4
黥,黥,king4
勍,勍,king4
黠,黠,kit3
孑,孑,kit3
揭,揭,kit3
诘,詰,kit3
羯,羯,kit3
竭,竭,kit3
锲,鍥,kit3
颉,頡,kit3
碣,碣,kit3
劼,劼,kit3
挈,挈,kit3
讦,訐,kit3
撷,擷,kit3/git3
跷,蹺,kiu1/hiu1,跷着脚，跷跷板,垫起脚后跟走
跷,蹺,kiu2,蹊跷
藠,藠,kiu2/kiu5
跷,蹺,kiu3,高跷，踩高跷
翘,翹,kiu3/hiu3,翘尾巴，翘起来,一端向上扬起，突起，高起
侨,僑,kiu4
桥,橋,kiu4
翘,翹,kiu4,翘首，翘望,举起，抬起，向上
荞,蕎,kiu4
乔,喬,kiu4
跷,蹺,kiu5,跷腿，跷大拇指,抬起，竖起
却,卻,koek3
噱,噱,koek6
强,強,koeng4,强壮，强大，坚强,有力
强,強,koeng5,强迫，强求，勉强，牵强，强词夺理，强人所难，牵强附会,硬要，迫使，勉强
羟,羥,koeng5
襁,襁,koeng5
丐,丐,koi3
溉,溉,koi3
钙,鈣,koi3
慨,慨,koi3
盖,蓋,koi3,盖上，盖好，盖世，盖章，覆盖，遮盖，涵盖，盖被子，盖房子，盖不住,（动词）
概,概,koi3
忾,愾,koi3
欬,欬,koi3
确,確,kok3
榷,榷,kok3
郝,郝,kok3
恪,恪,kok3
悫,慤,kok3
壑,壑,kok3
涸,涸,kok3
扛,扛,kong1
亢,亢,kong3
抗,抗,kong3
伉,伉,kong3
扩,擴,kong3,扩散，扩大,（俗）
炕,炕,kong3
闶,閌,kong3
𫛭,鵟,kong4
箍,箍,ku1
刽,劊,kui2
贿,賄,kui2
溃,潰,kui2
狯,獪,kui2
聩,聵,kui2
绘,繪,kui2
脍,膾,kui2
鲙,鱠,kui2
侩,儈,kui2
桧,檜,kui2
浍,澮,kui2
郐,鄶,kui2
曲,曲,kuk1
曲,麴,kuk1
穷,窮,kung4
穹,穹,kung4
邛,邛,kung4
豁,豁,kut3
聒,聒,kut3
蛞,蛞,kut3
括,括,kut3
㺢,㺢,kut3
垮,垮,kwaa1
夸,夸,kwaa1
夸,誇,kwaa1
侉,侉,kwaa2
胯,胯,kwaa3
跨,跨,kwaa3
挎,挎,kwaa3
框,框,kwaang1/hong1
逛,逛,kwaang3
亏,虧,kwai1
窥,窺,kwai1
盔,盔,kwai1
规,規,kwai1
岿,巋,kwai1
畦,畦,kwai4
携,攜,kwai4
睽,睽,kwai4
馗,馗,kwai4
喹,喹,kwai4
暌,暌,kwai4
夔,夔,kwai4
葵,葵,kwai4
逵,逵,kwai4
揆,揆,kwai4/kwai5
愧,愧,kwai5
坤,坤,kwan1,"","",堃
昆,昆,kwan1
昆,崑,kwan1
髡,髡,kwan1
晜,晜,kwan1
焜,焜,kwan1/wan6
菌,菌,kwan2
捆,捆,kwan2,"","",綑
麕,麕,kwan2
困,困,kwan3
窘,窘,kwan3
困,睏,kwan3
群,群,kwan4,"","",羣
裙,裙,kwan4
隙,隙,kwik1/gwik1
扩,擴,kwok3,扩散，扩大
漷,漷,kwok3/gwok3
旷,曠,kwong3
纩,纊,kwong3
矿,礦,kwong3
圹,壙,kwong3
邝,鄺,kwong3/kong3
狂,狂,kwong4
蜷,蜷,kyun4
颧,顴,kyun4
拳,拳,kyun4
权,權,kyun4
鬈,鬈,kyun4
獗,獗,kyut3
决,決,kyut3
诀,訣,kyut3
缺,缺,kyut3
抉,抉,kyut3
蹶,蹶,kyut3
厥,厥,kyut3
孓,孓,kyut3
蕨,蕨,kyut3
撅,撅,kyut3,"","",噘
阙,闕,kyut3
玦,玦,kyut3
阕,闋,kyut3
炔,炔,kyut3,炔烃，乙炔
橛,橛,kyut3/gyut6
啦,啦,laa1
喇,喇,laa1,喇嘛,藏传佛教的僧侣
拉,拉,laa1,拉话，拉闲，拉家常，拉呱儿，拉舌头,闲谈
喇,喇,laa3,喇叭,一种管乐器
罅,罅,laa3
拉,拉,laai1,拉车，拉扯，拉长，拉开，拉拢，拉锯，拉货，拉倒，拉拔，拉屎，拖拉，拉关系，拉生意，拉交情，拉买卖，拉警报，拉肚子，拉胡琴，拉二胡，拉下水，手拉手，拉手风琴，拉小提琴,拖，扯，拔，拽，牵引
癞,癩,laai3
赖,賴,laai6
籁,籟,laai6
落,落,laai6,落下，丢三落四,丢下，遗漏，忘了拿，被丢在后面
勒,勒,laak6/lak6
肋,肋,laak6/lak6
篮,籃,laam4
褴,襤,laam4
婪,婪,laam4
蓝,藍,laam4
岚,嵐,laam4
览,覽,laam5
揽,攬,laam5
榄,欖,laam5
缆,纜,laam6
滥,濫,laam6
舰,艦,laam6
槛,檻,laam6,门槛，窗槛，闸槛,门限，指门框或窗框下的横木、石条等
兰,蘭,laan4
襕,襴,laan4
斓,斕,laan4
栏,欄,laan4
拦,攔,laan4
阑,闌,laan4
澜,瀾,laan4
懒,懶,laan5
烂,爛,laan6
冷,冷,laang5
立,立,laap6
蜡,蠟,laap6
垃,垃,laap6
腊,臘,laap6
砬,砬,laap6
𫚭,鱲,laap6
邋,邋,laap6/laat6
辣,辣,laat6
拉,拉,laat6,拉开，拉下，拉口子，拉下一块肉，拉了一个口子,用刀割，切开，割开，切断，划破
剌,剌,laat6
蝲,蝲,laat6
捞,撈,laau4,捞鱼，捞取，捞起，捞面，打捞，捕捞，捞鱼虾，捞稻草，水中捞月，海底捞针,将东西从水中取出来
藜,藜,lai4
犂,犂,lai4
黎,黎,lai4
犁,犁,lai4
黧,黧,lai4
蠡,蠡,lai4/lai5
礼,禮,lai5
鳢,鱧,lai5
醴,醴,lai5
澧,澧,lai5
励,勵,lai6
丽,麗,lai6
蛎,蠣,lai6
厉,厲,lai6
例,例,lai6
砺,礪,lai6
荔,荔,lai6
俪,儷,lai6
疠,癘,lai6
粝,糲,lai6
鳓,鰳,lak6/laak6
林,林,lam4
啉,啉,lam4
淋,淋,lam4
琳,琳,lam4
霖,霖,lam4
临,臨,lam4
凛,凜,lam5
懔,懍,lam5
笠,笠,lap1
甩,甩,lat1
喽,嘍,lau1,吃饭喽，水开喽，下班喽，起来喽,（语气助词）表示提醒，呼唤，注意等
搂,摟,lau2
浏,瀏,lau4
榴,榴,lau4
娄,婁,lau4
流,流,lau4
琉,琉,lau4
刘,劉,lau4
螻,螻,lau4
楼,樓,lau4
硫,硫,lau4
偻,僂,lau4
髅,髏,lau4
瘤,瘤,lau4
留,留,lau4
骝,騮,lau4
鎏,鎏,lau4
喽,嘍,lau4,喽啰,盗匪的部下
鹠,鶹,lau4
蒌,蔞,lau4
篓,簍,lau5
柳,柳,lau5
绺,綹,lau5
蹓,蹓,lau6
陋,陋,lau6
漏,漏,lau6
溜,溜,lau6,溜冰，溜达，溜走，溜圆，溜光，溜槽，溜狗，滑溜，水溜，大溜，檐溜，溜滑梯，溜冰场，溜旱冰，光溜溜，圆溜溜，酸溜溜，乌溜溜，顺口溜，一溜烟，随大溜，溜须拍马,滑行，平滑，无阻碍；急流，房檐滴下的水；（量词）条，排
馏,餾,lau6
遛,遛,lau6
镂,鏤,lau6
咧,咧,le1,"",（助词）了，啦
哩,哩,le1,"",（助词）呢
咧,咧,le2,咧嘴，咧着嘴笑,嘴巴斜着张开
璃,璃,lei1,玻璃
喱,喱,lei1
缡,縭,lei4
璃,璃,lei4,琉璃
罹,罹,lei4
狸,狸,lei4,"","",貍
梨,梨,lei4
蜊,蜊,lei4
漓,漓,lei4
鲡,鱺,lei4
离,離,lei4
厘,釐,lei4
篱,籬,lei4
骊,驪,lei4
瓈,瓈,lei4
琍,琍,lei4
鹂,鸝,lei4
俚,俚,lei5
履,履,lei5
李,李,lei5
里,里,lei5
鲤,鯉,lei5
锂,鋰,lei5
逦,邐,lei5
理,理,lei5
娌,娌,lei5
哩,哩,lei5,"",英美制长度单位
利,利,lei6
吏,吏,lei6
莉,莉,lei6
莅,蒞,lei6
俐,俐,lei6
痢,痢,lei6
猁,猁,lei6
詈,詈,lei6
靓,靚,leng3,靓仔，靓女,（方言）漂亮，好看
镭,鐳,leoi4
驴,驢,leoi4
闾,閭,leoi4
擂,擂,leoi4
嫘,嫘,leoi4
榈,櫚,leoi4
雷,雷,leoi4
缧,縲,leoi4
累,纍,leoi4
羸,羸,leoi4
骡,騾,leoi4/lo4
褛,褸,leoi5
铝,鋁,leoi5
缕,縷,leoi5
磊,磊,leoi5
膂,膂,leoi5
侣,侶,leoi5
旅,旅,leoi5
垒,壘,leoi5
吕,呂,leoi5
屡,屢,leoi5
累,累,leoi5,累积，累累，累次，累进，累犯，累年，危如累卵，成千累万，长年累月，日积月累，罪行累累,屡次，多次，接连；重叠，堆积，聚集,纍
里,裡,leoi5,"","",裏
儡,儡,leoi5
蕾,蕾,leoi5/leoi4
滤,濾,leoi6
类,類,leoi6
泪,淚,leoi6
虑,慮,leoi6
累,累,leoi6,累人，累及，累赘，劳累，受累，连累，牵累，拖累,疲劳，疲惫，疲乏；牵连，牵扯；麻烦，多余
漯,漯,leoi6,漯河,（地名）
戾,戾,leoi6
耒,耒,leoi6/loi6
卵,卵,leon2
麟,麟,leon4
遴,遴,leon4
磷,磷,leon4
论,論,leon4,论语，论孟,《论语》的简称
粼,粼,leon4
嶙,嶙,leon4
鳞,鱗,leon4
伦,倫,leon4
仑,崙,leon4
抡,掄,leon4
璘,璘,leon4
沦,淪,leon4
仑,侖,leon4
囵,圇,leon4
轮,輪,leon4
邻,鄰,leon4
纶,綸,leon4,涤纶，腈纶，垂纶,人工合成纤维
论,論,leon6,论文，论点，讨论，理论，言论，谈论，评论，相对论，一概而论，无论如何，相提并论
吝,吝,leon6
躏,躪,leon6
蔺,藺,leon6
鹬,鷸,leot6,"",（俗）
栗,慄,leot6
傈,傈,leot6
律,律,leot6
率,率,leot6,比率，利率，效率，频率，功率，税率，速率，圆周率，百分率,一定的标准、准则或比例
栗,栗,leot6
篥,篥,leot6
溧,溧,leot6
哩,哩,li1,哩哩啦啦,零零散散或断断续续的样子
雳,靂,lik1
砾,礫,lik1
枥,櫪,lik1
栎,櫟,lik1,栎树,一种落叶乔木
沥,瀝,lik1/lik6
力,力,lik6
历,歷,lik6
历,曆,lik6
郦,酈,lik6
令,令,lim1,一令纸,（量词）
帘,簾,lim4
帘,帘,lim4
镰,鐮,lim4
廉,廉,lim4
蠊,蠊,lim4
燫,燫,lim4
濂,濂,lim4
脸,臉,lim5
殓,殮,lim5
蔹,蘞,lim5
敛,斂,lim6
裣,襝,lim6,"","",斂
潋,瀲,lim6
链,鏈,lin4
连,連,lin4
莲,蓮,lin4
涟,漣,lin4
怜,憐,lin4
鲢,鰱,lin4
辇,輦,lin5
撵,攆,lin5
炼,煉,lin6,"","",鍊
练,練,lin6
绫,綾,ling4
棱,稜,ling4
羚,羚,ling4
苓,苓,ling4
呤,呤,ling4
棂,欞,ling4,"","",櫺
翎,翎,ling4
菱,菱,ling4
零,零,ling4
铃,鈴,ling4
灵,靈,ling4
鲮,鯪,ling4
玲,玲,ling4
囹,囹,ling4
凌,凌,ling4
龄,齡,ling4
聆,聆,ling4
陵,陵,ling4
令,令,ling4,令狐,（复姓）
伶,伶,ling4
蛉,蛉,ling4
崚,崚,ling4
瓴,瓴,ling4
领,領,ling5/leng5
岭,嶺,ling5/leng5
令,令,ling6,命令，口令,使，使得；上级的指示；季节
另,另,ling6
愣,愣,ling6,"","",楞
猎,獵,lip6
鬣,鬣,lip6
裂,裂,lit6
烈,烈,lit6
列,列,lit6
捩,捩,lit6
冽,冽,lit6
䴕,鴷,lit6
撩,撩,liu1,撩开，撩起，撩水，撩起来，撩裙子，撩起门帘，撩上点水,提，掀起；用手洒水
溜,溜,liu1,溜走，溜开，偷溜，溜课，溜工，溜掉，开溜，溜回家，溜之大吉,偷偷地走开
撂,撂,liu1
嘹,嘹,liu4
缭,繚,liu4
辽,遼,liu4
僚,僚,liu4
镣,鐐,liu4
獠,獠,liu4
寮,寮,liu4
了,瞭,liu4,明了，了如指掌,明白，清楚
瞭,瞭,liu4,瞭望，瞭望台,远远地望，从高处远望
燎,燎,liu4
撩,撩,liu4,撩拨，撩惹，撩人，撩逗，撩动，花香撩人,挑弄，招惹，引逗，挑逗
疗,療,liu4
聊,聊,liu4
寥,寥,liu4
了,瞭,liu5,了解，一目了然
钌,釕,liu5,钌铞儿,扣住门窗等的铁片
蓼,蓼,liu5,"",一种植物
了,了,liu5,了得，了断，了结，了账，了却，走了，终了，未了，聪了，了了，了不起，了不得，看完了，说过了，做好了，办得了，做得了，受不了，动不了，来不了，了却心愿，了无新意，了无生趣，一了百了，不了了之，没完没了,结束，完全，全然；（动词后）可能；（语助词）表示动作已完成
潦,潦,liu5/liu2
料,料,liu6
廖,廖,liu6
尥,尥,liu6
钌,釕,liu6,"",金属元素，符号Ru
囉,囉,lo1
咯,咯,lo1,当然咯,（语气助词）
旯,旯,lo1/lok3
裸,裸,lo2
倮,倮,lo2
猡,玀,lo4
逻,邏,lo4
罗,羅,lo4
锣,鑼,lo4
箩,籮,lo4
萝,蘿,lo4
螺,螺,lo4
略,略,loek6,"","",畧
掠,掠,loek6
两,兩,loeng2,银两，斤两，半斤八两,（重量单位）,両
梁,梁,loeng4,"","",樑
凉,涼,loeng4
量,量,loeng4,量杯，量地，考量，商量，测量，估量，衡量，端量，思量，量血压，量温度,（动词）估计，考虑；用器具确定物体的性质
粮,糧,loeng4
粱,粱,loeng4
良,良,loeng4
莨,莨,loeng4,莨绸，薯莨,指薯莨
辌,輬,loeng4,辒辌
魉,魎,loeng5
俩,倆,loeng5
两,兩,loeng5,两边，两手，两极，两栖,（数目字）
谅,諒,loeng6
踉,踉,loeng6
辆,輛,loeng6
量,量,loeng6,量词，数量，力量，质量，容量，含量，重量，气量，胆量，量力而为，量入为出，不自量力,（名词）数量；容纳或禁受的限度；估计
亮,亮,loeng6
悢,悢,loeng6
莱,萊,loi4
来,來,loi4
徕,徠,loi4
涞,淶,loi4
崃,崍,loi4
睐,睞,loi6
赉,賚,loi6
络,絡,lok3
烙,烙,lok3
铬,鉻,lok3
饹,餎,lok3
珞,珞,lok3
酪,酪,lok3
硌,硌,lok3,"",（名词）山上的大石
犖,犖,lok3
洛,洛,lok3/lok6
骆,駱,lok3/lok6
乐,樂,lok6,乐趣，乐意，快乐，取乐,欢喜，快活
落,落,lok6,落下，坠落
咯,咯,lok6,吡咯,一种有机化合物
啷,啷,long1
郎,郎,long2,令郎，大郎,（旧）称别人的儿子
狼,狼,long4
琅,瑯,long4
郎,郎,long4,郎君，郎中，新郎，情郎，牛郎，女郎，郎才女貌,称年轻男子
廊,廊,long4
螂,螂,long4
锒,鋃,long4
榔,榔,long4
莨,莨,long4,莨菪,一种多年生草本植物
阆,閬,long4,闶阆，阆阆,高大，空旷
嫏,嫏,long4
朗,朗,long5
㙟,㙟,long5
晾,晾,long6
浪,浪,long6
蒗,蒗,long6
阆,閬,long6,阆中，阆苑,（地名）
捞,撈,lou1,捞钱，捞本，捞一把，捞油水，捞外快，捞资本，捞了一笔,用不正当的手段取得
噜,嚕,lou1
佬,佬,lou2
胪,臚,lou4
痨,癆,lou4
颅,顱,lou4
卢,盧,lou4
炉,爐,lou4
庐,廬,lou4
劳,勞,lou4,劳动，劳累，劳驾，功劳，疲劳，操劳，勤劳，不劳而获，吃苦耐劳,辛勤，努力，勤苦做事
牢,牢,lou4
醪,醪,lou4
芦,蘆,lou4
轳,轤,lou4
唠,嘮,lou4
鲈,鱸,lou4
泸,瀘,lou4
栌,櫨,lou4
鸬,鸕,lou4
舻,艫,lou4
老,老,lou5
姥,姥,lou5
掳,擄,lou5
鲁,魯,lou5
卤,鹵,lou5
虏,虜,lou5
卤,滷,lou5,"","",鹵
橹,櫓,lou5
撸,擼,lou5
露,露,lou6
璐,璐,lou6
路,路,lou6
涝,澇,lou6
鹭,鷺,lou6
劳,勞,lou6,劳军，劳兵，犒劳，慰劳,慰问，慰勉辛苦或有功劳的人
赂,賂,lou6
辂,輅,lou6
潞,潞,lou6
嫪,嫪,lou6
麓,麓,luk1
辘,轆,luk1
碌,碌,luk1,碌碌，忙碌，庸碌，劳碌，一骨碌,繁忙，繁杂；平凡，没有才能
禄,祿,luk6
戮,戮,luk6
氯,氯,luk6
六,六,luk6
录,錄,luk6
碌,碌,luk6,碌碡,一种石制的农具
陆,陸,luk6
绿,綠,luk6
鹿,鹿,luk6
漉,漉,luk6
琭,琭,luk6
蓼,蓼,luk6,"",形容植物长大的样子
逯,逯,luk6
隆,隆,lung4
龙,龍,lung4
窿,窿,lung4
笼,籠,lung4,笼子，鸟笼，蒸笼，灯笼,（名词）指笼子
咙,嚨,lung4
聋,聾,lung4
眬,矓,lung4
胧,朧,lung4
珑,瓏,lung4
昽,曨,lung4
茏,蘢,lung4
砻,礱,lung4
笼,籠,lung5,笼罩，笼统，笼络,（动词）指遮住，像笼子一样罩住
拢,攏,lung5
垄,壟,lung5
陇,隴,lung5
弄,弄,lung6
恋,戀,lyun2
脔,臠,lyun2/lyun4
鸾,鸞,lyun4
峦,巒,lyun4
挛,攣,lyun4
孪,孿,lyun4
联,聯,lyun4
栾,欒,lyun4
滦,灤,lyun4
銮,鑾,lyun4
娈,孌,lyun5
乱,亂,lyun6
捋,捋,lyut3
埒,埒,lyut3
劣,劣,lyut3/lyut6
妈,媽,maa1
嬷,嬤,maa1
吗,嗎,maa1,干吗，有吗，要吗，吗玩意儿，要吗有吗,（方言）什么
嘛,嘛,maa1,干嘛，有嘛，要嘛，嘛玩意儿，要嘛有嘛,（方言）什么
吗,嗎,maa1/maa3,好吗，行吗，可以吗,（疑问助词）
吗,嗎,maa1/maa5,吗啡,一种镇痛药
嘛,嘛,maa3,有意见就提嘛,（助词）表示提醒、劝阻、显而易见、道理明显等语气
麻,麻,maa4,"","",蔴
蟆,蟆,maa4
嘛,嘛,maa4,喇嘛,（藏语）对僧人、法师等的尊称
麻,痲,maa4
犸,獁,maa5
马,馬,maa5
码,碼,maa5
玛,瑪,maa5
蚂,螞,maa5
骂,罵,maa6
埋,埋,maai4
霾,霾,maai4/mai4
荬,蕒,maai5
买,買,maai5
卖,賣,maai6
迈,邁,maai6
擘,擘,maak3
馒,饅,maan4
蛮,蠻,maan4
鳗,鰻,maan4
谩,謾,maan4,欺谩,欺骗，蒙骗，蒙蔽
蔓,蔓,maan4,蔓菁,芜菁，一种草本植物
晚,晚,maan5
幔,幔,maan6
万,萬,maan6
曼,曼,maan6
漫,漫,maan6
慢,慢,maan6
谩,謾,maan6,谩骂,轻慢，不礼貌，不尊重
嫚,嫚,maan6
镘,鏝,maan6
蔓,蔓,maan6,蔓延，蔓草，蔓生，藤蔓，瓜蔓，顺蔓摸瓜,植物细长能缠绕但不能直立的茎；滋生，扩展
墁,墁,maan6
缦,縵,maan6
熳,熳,maan6
绷,繃,maang1,绷脸，绷劲，绷着脸，绷不住,板着，强忍住,綳
盲,盲,maang4
锰,錳,maang5
蜢,蜢,maang5
猛,猛,maang5
勐,勐,maang5
孟,孟,maang6
猫,貓,maau1
矛,矛,maau4
茅,茅,maau4
卯,卯,maau5
铆,鉚,maau5
昴,昴,maau5
茆,茆,maau5
牡,牡,maau5/mau5
袤,袤,maau6
懋,懋,maau6
貌,貌,maau6
咪,咪,mai1/mei1
谜,謎,mai4
醚,醚,mai4
眯,瞇,mai4
迷,迷,mai4
米,米,mai5
脒,脒,mai5
袂,袂,mai6
麦,麥,mak6
脉,脈,mak6
陌,陌,mak6
墨,墨,mak6
万,万,mak6
默,默,mak6
蓦,驀,mak6
貘,貘,mak6,"","",獏
蚊,蚊,man1
文,文,man4
民,民,man4
闻,聞,man4
氓,氓,man4,流氓,（俗）
玟,玟,man4
纹,紋,man4
雯,雯,man4
缗,緡,man4
岷,岷,man4
旻,旻,man4
忞,忞,man4
珉,珉,man4
苠,苠,man4
泯,泯,man5,"","",冺
敏,敏,man5
抿,抿,man5
悯,憫,man5
刎,刎,man5
闽,閩,man5
闵,閔,man5
吻,吻,man5
渑,澠,man5,渑池,（地名）
鳘,鰵,man5
黾,黽,man5
愍,愍,man5
湣,湣,man5
脗,脗,man5
慜,慜,man5
紊,紊,man6
汶,汶,man6
问,問,man6
萌,萌,mang4
盟,盟,mang4
嘧,嘧,mat6
密,密,mat6
勿,勿,mat6
蜜,蜜,mat6
物,物,mat6
谧,謐,mat6
宓,宓,mat6,静宓,宁静，安静
袜,襪,mat6/maat6
哞,哞,mau1
谋,謀,mau4
牟,牟,mau4
眸,眸,mau4
缪,繆,mau4,未雨绸缪,缠缚
鍪,鍪,mau4
某,某,mau5
亩,畝,mau5
贸,貿,mau6
茂,茂,mau6
谬,謬,mau6
缪,繆,mau6,纰缪,错误
哶,哶,me1
乜,乜,me1,乜斜,眯着眼睛
微,微,mei4
楣,楣,mei4
嵋,嵋,mei4
靡,靡,mei4
蘼,蘼,mei4
眉,眉,mei4
麋,麋,mei4
薇,薇,mei4
湄,湄,mei4
糜,糜,mei4
縻,縻,mei4
猕,獼,mei4/nei4
尾,尾,mei5
镁,鎂,mei5
美,美,mei5
娓,娓,mei5
媺,媺,mei5
羋,羋,mei5
魅,魅,mei6
媚,媚,mei6
寐,寐,mei6
味,味,mei6
未,未,mei6
命,命,meng6,"",（口语）
觅,覓,mik6
幂,冪,mik6
汨,汨,mik6
鼏,鼏,mik6,"",鼎的盖子
眠,眠,min4
棉,棉,min4
绵,綿,min4
缅,緬,min5
腼,靦,min5
免,免,min5
娩,娩,min5
冕,冕,min5
勉,勉,min5
眄,眄,min5
面,面,min6
面,麵,min6,"","",麪
名,名,ming4
明,明,ming4
冥,冥,ming4
鸣,鳴,ming4
洺,洺,ming4
溟,溟,ming4
螟,螟,ming4
嫇,嫇,ming4
瞑,瞑,ming4/ming5
暝,暝,ming4/ming6
皿,皿,ming5
酩,酩,ming5
铭,銘,ming5/ming4
茗,茗,ming5/ming4
命,命,ming6,命运，生命
蔑,蔑,mit6
篾,篾,mit6
灭,滅,mit6
蔑,衊,mit6
蠛,蠛,mit6
喵,喵,miu1
瞄,瞄,miu4
苗,苗,miu4
描,描,miu4
杳,杳,miu5
渺,渺,miu5
缈,緲,miu5
秒,秒,miu5
藐,藐,miu5
淼,淼,miu5
眇,眇,miu5
邈,邈,miu5/mok6
庙,廟,miu6
妙,妙,miu6
缪,繆,miu6,"",（姓）
摩,摩,mo1
么,麼,mo1,"","",麽
魔,魔,mo1
摸,摸,mo2
磨,磨,mo4,磨刀，磨损，磨灭，磨难，磨光，磨功，磨墨，磨烦，磨牙，磨破，磨粉，磨细，磨练，折磨，研磨，穷磨，磨刀石，磨洋工，磨工夫，好事多磨，消磨间，百世不磨，磨成粉末，铁杵磨成针,摩擦
蘑,蘑,mo4
馍,饃,mo4
无,無,mo4,南无,（梵文音译词）
磨,磨,mo4/mo6,磨子，磨叨，磨房，磨车，磨面，石磨，电磨，推磨，磨豆腐，磨豆浆，磨麦子，磨过来，磨不过来，有钱能使鬼推磨,（名词）碾碎谷物的器具；（动词）用磨子碾平谷物
剥,剝,mok1
漠,漠,mok6
膜,膜,mok6,隔膜，耳膜，脑膜，网膜，黏膜,人、动物、植物等体内部的薄皮形组织
幕,幕,mok6
莫,莫,mok6
寞,寞,mok6
镆,鏌,mok6
铓,鋩,mong4
亡,亡,mong4
氓,氓,mong4,流氓
忙,忙,mong4
芒,芒,mong4
莽,莽,mong4
茫,茫,mong4
忘,忘,mong4
虻,虻,mong4
罔,罔,mong5
妄,妄,mong5
惘,惘,mong5
蟒,蟒,mong5
网,網,mong5
魍,魍,mong5
辋,輞,mong5
望,望,mong6
模,模,mou4
髦,髦,mou4
摹,摹,mou4
谟,謨,mou4
膜,膜,mou4,膜拜,跪拜
诬,誣,mou4
毛,毛,mou4
无,無,mou4,无法，无论，无疑，无辜，无聊，无奈，无限，无可奈何,没有
芜,蕪,mou4
毋,毋,mou4
巫,巫,mou4
牦,氂,mou4/lei4,"","",犛
姆,姆,mou5
侮,侮,mou5
武,武,mou5
母,母,mou5
鹉,鵡,mou5
妩,嫵,mou5
拇,拇,mou5
舞,舞,mou5
暮,暮,mou6
瑁,瑁,mou6
雾,霧,mou6
帽,帽,mou6
慕,慕,mou6
募,募,mou6
冒,冒,mou6
骛,騖,mou6
耄,耄,mou6
务,務,mou6
墓,墓,mou6
鹜,鶩,mou6
戊,戊,mou6
婺,婺,mou6
梅,梅,mui4
媒,媒,mui4
煤,煤,mui4
玫,玫,mui4
枚,枚,mui4
霉,霉,mui4,"","",黴
莓,莓,mui4
酶,酶,mui4
脢,脢,mui4
每,每,mui5
浼,浼,mui5
妹,妹,mui6
昧,昧,mui6
钼,鉬,muk6
木,木,muk6
牧,牧,muk6
睦,睦,muk6
沐,沐,muk6
苜,苜,muk6
目,目,muk6
仫,仫,muk6
穆,穆,muk6
门,門,mun4
们,們,mun4
瞒,瞞,mun4
扪,捫,mun4
鞔,鞔,mun4,鞔鼓，鞔鞋,用皮革做鼓，鞋等
颟,顢,mun4/mun1
满,滿,mun5
螨,蟎,mun5
闷,悶,mun6
焖,燜,mun6
曚,曚,mung4
蒙,矇,mung4
朦,朦,mung4
蒙,蒙,mung4
蒙,濛,mung4
檬,檬,mung4
獴,獴,mung4
蠓,蠓,mung5
懵,懵,mung5/mung2
梦,夢,mung6
沫,沫,mut3
抹,抹,mut3/maat3
末,末,mut6
没,沒,mut6
茉,茉,mut6
靺,靺,mut6
殁,歿,mut6
哪,哪,naa1,天哪,（语气词）表示惊讶或停顿
哪,哪,naa4,哪吒,（梵文音译词）
娜,娜,naa4,丽娜，安娜,（人名用字）
拿,拿,naa4
南,南,naa4,南无,（梵文音译词）
那,那,naa5,那里，那个，那年，那时，那样，那么，那地方，那棵树，那时候，那些人，那座楼，那会儿,（指定代名词）
哪,哪,naa5,哪里，哪儿，哪个，哪呢,（疑问词）
氖,氖,naai5
乃,乃,naai5,"","",迺
鼐,鼐,naai5,"",大鼎
奶,奶,naai5
南,南,naam4,南方，南边，南面，南风，指南针,（方向）
囡,囡,naam4
喃,喃,naam4
楠,楠,naam4
男,男,naam4
腩,腩,naam5
难,難,naan4,难道，难题，艰难，困难,（形容词）
赧,赧,naan5
难,難,naan6,难民，灾难,（名词）
钠,鈉,naap6
呐,吶,naap6
纳,納,naap6
衲,衲,naap6
捺,捺,naat6
孬,孬,naau1/naau6
桡,橈,naau4
铙,鐃,naau4
锚,錨,naau4
挠,撓,naau4
猱,猱,naau4,猱犬，蠼猱
闹,鬧,naau6
淖,淖,naau6
泥,泥,nai4,泥土，泥巴，泥坑，泥泞，稀泥，水泥，污泥，烂泥，印泥，蒜泥，枣泥，肉泥，淤泥，土豆泥，泥牛入海，拖泥带水,水和土合成的半固体；像泥的东西
坭,坭,nai4
呢,呢,nai4/nei4,呢子，呢料，呢绒，毛呢，厚呢，呢喃,一种毛织品
稔,稔,nam5
能,能,nang4
粒,粒,nap1/lap1
纽,紐,nau2
朽,朽,nau2
钮,鈕,nau2
扭,扭,nau2
妞,妞,nau2
狃,狃,nau2
糅,糅,nau6
呢,呢,ne1,哪儿呢，怎么办呢,（助词）表示疑问、确定、停顿、动作正在继续等
乜,乜,ne6,"",（姓）
妮,妮,nei4
怩,怩,nei4
弥,彌,nei4
铌,鈮,nei4
尼,尼,nei4
弥,瀰,nei4/mei4
旎,旎,nei5
您,您,nei5
你,妳,nei5
你,你,nei5
饵,餌,nei6
腻,膩,nei6
泥,泥,nei6,泥古，泥墙，泥壁，拘泥，泥古不化,固执，拘束，死板，停留不前；涂抹，涂饰，用土、灰等涂抹墙壁或器物
钕,釹,neoi5
馁,餒,neoi5
女,女,neoi5
讷,訥,neot6/naap6
嗯,嗯,ng2,嗯？怎么回事，嗯？你说什么，嗯？你在干嘛，嗯！那可不成，嗯！我看不一定,（叹词）表示疑问、怀疑、意外、出乎意料、不以为然等语气
蜈,蜈,ng4
鼯,鼯,ng4
梧,梧,ng4
吾,吾,ng4
吴,吳,ng4
铻,鋙,ng4
浯,浯,ng4
伍,伍,ng5
牾,牾,ng5
午,午,ng5
忤,忤,ng5
五,五,ng5
焐,焐,ng6
晤,晤,ng6
误,誤,ng6
嗯,嗯,ng6,嗯！好吧，嗯！就这样吧，嗯！就这么办吧,（叹词）表示答应、应允等语气
悟,悟,ng6
牙,牙,ngaa4
衙,衙,ngaa4
芽,芽,ngaa4
蚜,蚜,ngaa4
雅,雅,ngaa5
佤,佤,ngaa5
瓦,瓦,ngaa5
讶,訝,ngaa6
挨,捱,ngaai4,挨饿，挨打，挨骂，挨日子,遭受，亲身受到，困难地度过
涯,涯,ngaai4
崖,崖,ngaai4
睚,睚,ngaai4
厓,厓,ngaai4
艾,艾,ngaai6
刈,刈,ngaai6
砹,砹,ngaai6
额,額,ngaak6
岩,岩,ngaam4,"","",巖
癌,癌,ngaam4
颜,顏,ngaan4
眼,眼,ngaan5
雁,雁,ngaan6
赝,贗,ngaan6,"","",贋
硬,硬,ngaang6
肴,餚,ngaau4
爻,爻,ngaau4
淆,淆,ngaau4
崤,崤,ngaau4,"","",殽
乐,樂,ngaau4/ngaau6,乐山乐水，乐道安贫，知者乐水，仁者乐山,爱好，喜好，欣赏
咬,咬,ngaau5
危,危,ngai4
倪,倪,ngai4
巍,巍,ngai4
霓,霓,ngai4,"","",蜺
嵬,嵬,ngai4
猊,猊,ngai4
鲵,鯢,ngai4
蚁,蟻,ngai5
艺,藝,ngai6
毅,毅,ngai6
呓,囈,ngai6
诣,詣,ngai6
魏,魏,ngai6
羿,羿,ngai6
伪,偽,ngai6,"","",僞
睨,睨,ngai6
银,銀,ngan4
垠,垠,ngan4
龈,齦,ngan4
龂,齗,ngan4
沂,沂,ngan4,"",河岸
狺,狺,ngan4
圻,圻,ngan4,"",界限，边际
鄞,鄞,ngan4
屹,屹,ngat6
迄,迄,ngat6
兀,兀,ngat6
杌,杌,ngat6,"","",阢
圪,圪,ngat6
汔,汔,ngat6
勾,勾,ngau1
钩,鉤,ngau1,"","",鈎
牛,牛,ngau4
藕,藕,ngau5
偶,偶,ngau5
耦,耦,ngau5
啮,齧,ngit6/ngaat6,"","",囓，嚙
娥,娥,ngo4
俄,俄,ngo4
讹,訛,ngo4
鹅,鵝,ngo4
哦,哦,ngo4,吟哦,低声地唱
莪,莪,ngo4
蛾,蛾,ngo4
峨,峨,ngo4,"","",峩
我,我,ngo5
卧,臥,ngo6
饿,餓,ngo6
呆,呆,ngoi4,呆板，发呆，痴呆，呆呆地,傻，愚蠢，停留，逗留,獃
碍,礙,ngoi6
外,外,ngoi6
鄂,鄂,ngok6
噩,噩,ngok6
愕,愕,ngok6
岳,嶽,ngok6
颚,顎,ngok6
鳄,鱷,ngok6,"","",鰐
乐,樂,ngok6,乐器，音乐,音乐
岳,岳,ngok6
栎,櫟,ngok6,栎阳,（地名）
鹗,鶚,ngok6
崿,崿,ngok6
岸,岸,ngon6
犴,犴,ngon6
肮,骯,ngong1/ngong3
昂,昂,ngong4
螯,螯,ngou4
骜,驁,ngou4
獒,獒,ngou4
敖,敖,ngou4
翱,翱,ngou4
鳌,鰲,ngou4
聱,聱,ngou4
熬,熬,ngou4/ngaau4
遨,遨,ngou4/ngou6
傲,傲,ngou6
昵,暱,nik1
匿,匿,nik1
溺,溺,nik1/nik6,溺水，溺死,淹没，沉迷，过分
拈,拈,nim1
黏,黏,nim1,黏度，黏土，黏液，黏糊，黏稠，黏性，黏膜，黏着，黏附，黏接，黏住，黏合，黏结，发黏，很黏，黏着力,（形容词）像胶水一样有附着力,粘
粘,粘,nim1/zim1,粘连，粘牙，粘在一起，粘在手上,（不及物动词）附着，胶着，缠着；有黏性的东西互相连结,黏
捻,捻,nim2
鲇,鯰,nim4,"","",鮎
粘,粘,nim4,粘贴，粘封信，粘海报，粘标语，粘邮票,（及物动词）贴合，贴附；用胶水、浆糊等有黏性的东西使物件连结起来，使不分开；（姓）,黏
念,念,nim6
念,唸,nim6
廿,廿,nim6
年,年,nin4
碾,碾,nin5,碾米，碾碎
宁,寧,ning4,宁静，安宁，息事宁人，坐卧不宁,安静，平静，安定
狞,獰,ning4
咛,嚀,ning4
柠,檸,ning4
佞,佞,ning6
拧,擰,ning6
泞,濘,ning6
宁,寧,ning6,宁可，宁愿，宁死不屈，宁缺毋滥,情愿
宁,寧,ning6,"",（姓）,甯
镍,鎳,nip1
聂,聶,nip6
颞,顳,nip6
捏,捏,nip6
镊,鑷,nip6
涅,涅,nip6
蹑,躡,nip6
陧,隉,nip6
袅,裊,niu5
鸟,鳥,niu5
尿,尿,niu6
溺,溺,niu6,便溺,尿，小便
脲,脲,niu6
那,那,no1,"",（姓）
挪,挪,no4
挼,挼,no4
娜,娜,no5,婀娜，袅娜，婀娜多姿,柔软细长，轻盈柔美的样子
糯,糯,no6
懦,懦,no6
娘,娘,noeng4,"","",孃
奈,奈,noi6
耐,耐,noi6
内,內,noi6
萘,萘,noi6
诺,諾,nok6
囊,囊,nong4
囔,囔,nong4
馕,饢,nong4,"",一种烤制的面饼
瓤,瓤,nong4
馕,饢,nong5,馕嗓，馕糠，馕糟,拼命往嘴里塞食物
齉,齉,nong6
奴,奴,nou4
驽,駑,nou4
瑙,瑙,nou5
弩,弩,nou5
恼,惱,nou5
脑,腦,nou5
努,努,nou5/lou5
怒,怒,nou6
衄,衄,nuk6,"","",衂
忸,忸,nuk6/nau2
农,農,nung4
浓,濃,nung4
侬,儂,nung4
脓,膿,nung4
哝,噥,nung4
暖,暖,nyun5
煖,煖,nyun5/hyun1
嫩,嫩,nyun6
婀,婀,o1
噢,噢,o1
喔,喔,o1
轲,軻,o1
柯,柯,o1
珂,珂,o1
阿,阿,o1,阿谀，阿附，阿胶，阿房宫，阿其所好，阿谀逢迎，阿弥陀佛，刚直不阿,迎合，偏袒
哦,哦,o4,"",（叹词）表示惊奇、疑问、将信将疑等
哦,哦,o6,"",（叹词）表示领悟、领会、醒悟等
埃,埃,oi1
哀,哀,oi1
蔼,藹,oi2
暧,曖,oi2
叆,靉,oi2
毐,毐,oi2
嗳,噯,oi2
爱,愛,oi3
瑷,璦,oi3
嫒,嬡,oi3
恶,惡,ok3,恶人，恶性，恶劣，恶霸，恶感，恶习，恶战，罪恶，凶恶，善恶,坏，不好，凶狠
垩,堊,ok3
恶,噁,ok3,"","",惡
安,安,on1
鞍,鞍,on1
氨,氨,on1
铵,銨,on1
胺,胺,on1
桉,桉,on1
案,案,on3
按,按,on3
摁,摁,on3
盎,盎,ong3
鏖,鏖,ou1/ngou4
媪,媼,ou2
懊,懊,ou3
澳,澳,ou3
奥,奧,ou3
袄,襖,ou3/ou2
趴,趴,paa1
怕,怕,paa3
耙,耙,paa4
扒,扒,paa4
爬,爬,paa4
杷,杷,paa4
琶,琶,paa4
派,派,paai3
哌,哌,paai3
湃,湃,paai3/baai3
排,排,paai4
俳,俳,paai4
牌,牌,paai4
啪,啪,paak1
珀,珀,paak3
拍,拍,paak3
柏,柏,paak3,柏树，柏林，松柏，侧柏，柏拉图，都柏林,一种常绿乔木；（地名、人名）译音字,栢
帕,帕,paak3
魄,魄,paak3
柏,柏,paak3/baak3,柏油，柏油路,沥青
扳,扳,paan1
攀,攀,paan1
盼,盼,paan3
袢,袢,paan3
襻,襻,paan3
烹,烹,paang1
澎,澎,paang1/paang4,澎湃
彭,彭,paang4
鹏,鵬,paang4
硼,硼,paang4
澎,澎,paang4,澎湖,（地名）
棚,棚,paang4
膨,膨,paang4
嘭,嘭,paang4
棒,棒,paang5
脬,脬,paau1
抛,拋,paau1
泡,泡,paau1,泡儿，起泡，泡影，泡幻，眼泡，豆泡，一泡尿，一泡屎，电灯泡,像泡一样的东西，泡状器物，鼓起而松软的东西；（量词）用于屎尿
跑,跑,paau2
炮,炮,paau3,"","",砲，礮
豹,豹,paau3
疱,疱,paau3,"","",皰
泡,泡,paau3,泡水，泡茶，泡菜，泡饭，泡面，泡汤，泡澡，浸泡,用水冲或浸
趵,趵,paau3
咆,咆,paau4
匏,匏,paau4
庖,庖,paau4
刨,刨,paau4,"","",鉋，鑤
狍,麅,paau4
批,批,pai1
睥,睥,pai5
喷,噴,pan3
贫,貧,pan4
颦,顰,pan4
嫔,嬪,pan4
频,頻,pan4
濒,瀕,pan4/ban1
牝,牝,pan5
凭,憑,pang4
朋,朋,pang4
匹,疋,pat1
匹,匹,pat1
抔,抔,pau4
呸,呸,pei1
丕,丕,pei1
披,披,pei1
纰,紕,pei1
狉,狉,pei1
砒,砒,pei1
狓,狓,pei1
痞,痞,pei2
仳,仳,pei2
否,否,pei2,否极泰来,坏，恶，不好
鄙,鄙,pei2
圮,圮,pei2
吡,吡,pei2,"",斥责，诋毁
譬,譬,pei3
屁,屁,pei3
濞,濞,pei3
嬖,嬖,pei3
帔,帔,pei3
媲,媲,pei3/bei2
貔,貔,pei4
毗,毗,pei4
疲,疲,pei4
琵,琵,pei4
脾,脾,pei4
枇,枇,pei4
皮,皮,pei4
蜱,蜱,pei4
郫,郫,pei4
邳,邳,pei4
裨,裨,pei4,裨将，偏裨,辅佐的
被,被,pei5,被子，被单，棉被，毛巾被,睡觉时覆盖身体的东西
婢,婢,pei5
劈,劈,pek3
辟,闢,pik1
辟,辟,pik1
癖,癖,pik1
僻,僻,pik1
霹,霹,pik1
䴙,鷿,pik1
扁,扁,pin1,扁舟
编,編,pin1
偏,偏,pin1
翩,翩,pin1
篇,篇,pin1
蝙,蝙,pin1/bin1
片,片,pin2,片子，片约，相片，唱片，照片，影片,指片子
片,片,pin2,纸片，卡片，名片，图片，雪片，药片，明信片,（口语）扁平而薄的物体
骗,騙,pin3
遍,遍,pin3
片,片,pin3,片刻，片面，片段，名片，卡片，图片，明信片，片瓦无存，片言只字,扁而薄的物体；很少，很短；（量词）
骈,駢,pin4
便,便,pin4,便宜
胼,胼,pin4
蹁,蹁,pin4
砰,砰,ping1
姘,姘,ping1
怦,怦,ping1
娉,娉,ping1
抨,抨,ping1
聘,聘,ping3
拼,拼,ping3/ping1
苹,蘋,ping4
坪,坪,ping4
屏,屏,ping4,屏幕，屏风，屏障，屏蔽，屏条，雀屏，画屏，孔雀开屏,（动词）遮挡；（名词）挡风或隔间的用具
平,平,ping4
萍,萍,ping4
瓶,瓶,ping4
评,評,ping4
撇,撇,pit3
瞥,瞥,pit3
缥,縹,piu1
飘,飄,piu1
漂,漂,piu1,漂浮，漂移，漂泊，漂流,浮在液体上；随风或液体流动
嘌,嘌,piu1
漂,漂,piu3,漂亮，漂白，漂洗，漂染,美，好看；用水冲洗，或用化学药品使纺织品变白
票,票,piu3
骠,驃,piu3,骠国，骠人，骠信，骠骑，骠勇,古代国名，也指勇猛，或马奔跑的样子
剽,剽,piu3/piu5
嫖,嫖,piu4
瓢,瓢,piu4
朴,朴,piu4/pok3
瞟,瞟,piu5
鳔,鰾,piu5
殍,殍,piu5
颇,頗,po1,偏颇,偏，不正
棵,棵,po1/fo2
颇,頗,po2,颇久，颇大，颇多，颇少，颇感兴趣，颇有诚意，颇不以为然,略微，稍，很，甚
笸,笸,po2
叵,叵,po2
破,破,po3
婆,婆,po4
鄱,鄱,po4/bo3
璞,璞,pok3
朴,樸,pok3
噗,噗,pok3
扑,撲,pok3
钋,釙,pok3
蒪,蒪,pok3
粕,粕,pok3/paak3
谤,謗,pong3
膀,膀,pong4,膀胱
彷,彷,pong4,彷徨,徘徊不前，犹疑不决的样子
庞,龐,pong4
螃,螃,pong4
滂,滂,pong4
旁,旁,pong4
磅,磅,pong4,磅礴,盛大，广大，充满，无边际
蚌,蚌,pong5
铺,鋪,pou1,铺路，铺开，铺盖，床铺，搭铺,（动词）
谱,譜,pou2
溥,溥,pou2
浦,浦,pou2
普,普,pou2
潽,潽,pou2
脯,脯,pou2/fu2,果脯，杏脯，桃脯，肉脯,果干，肉干
铺,舖,pou3,铺子，铺位，店铺,（名词）,鋪
菩,菩,pou4
蒲,蒲,pou4
莆,莆,pou4
葡,葡,pou4
脯,脯,pou4,胸脯，脯子,胸部
匍,匍,pou4
袍,袍,pou4
抱,抱,pou5
泡,泡,pou5,泡沫，泡子，气泡，水泡，起泡，冒泡，发泡，肥皂泡,液体内有空气的球状物
胚,胚,pui1
坯,坯,pui1
霈,霈,pui3
配,配,pui3
沛,沛,pui3
珮,珮,pui3
佩,佩,pui3
培,培,pui4
赔,賠,pui4
裴,裴,pui4
徘,徘,pui4
陪,陪,pui4
倍,倍,pui5
蓓,蓓,pui5/pui4
仆,仆,puk1,前仆后继,（俗）跌倒；以面伏地
番,番,pun1,番禺,（地名）
潘,潘,pun1
拚,拚,pun3
判,判,pun3
泮,泮,pun3
蟠,蟠,pun4
盘,盤,pun4
盆,盆,pun4
槃,槃,pun4
磐,磐,pun4
蹒,蹣,pun4/mun4
伴,伴,pun5,"",（口语）
捧,捧,pung2/bung2
碰,碰,pung3
芃,芃,pung4
篷,篷,pung4/fung4
蓬,蓬,pung4/fung4
泼,潑,put3
莎,莎,saa1,莎车，莎翁，温莎,（地名，人名）
啥,啥,saa1
痧,痧,saa1
沙,沙,saa1
砂,砂,saa1
卅,卅,saa1
裟,裟,saa1
鲨,鯊,saa1
纱,紗,saa1
挲,挲,saa1,挓挲,张开的样子
耍,耍,saa2
洒,灑,saa2
玺,璽,saai2
徙,徙,saai2
屣,屣,saai2
晒,曬,saai3
仨,仨,saam1
三,三,saam1,三个，三角，再三，三番五次,（数字）
衫,衫,saam1
叁,叄,saam1
三,三,saam3,三思,屡次，多次，再三
珊,珊,saan1
栓,栓,saan1
山,山,saan1
闩,閂,saan1
拴,拴,saan1
舢,舢,saan1
潸,潸,saan1
删,刪,saan1
姗,姍,saan1
跚,跚,saan1
栅,柵,saan1,栅极，光栅，栅格图,指栅极，一种多极电子管中最靠近阴极的电极
散,散,saan2,散文，散漫，散发,松开，不约束，不守纪律，零碎的，不集中的
馓,饊,saan2
篡,篡,saan3
讪,訕,saan3
汕,汕,saan3
疝,疝,saan3
散,散,saan3,散步，散心，散会，散布,分开，分离，分布，分给，排遣，解雇
伞,傘,saan3
涮,涮,saan3
赸,赸,saan3
孱,孱,saan4
潺,潺,saan4
牲,牲,saang1
甥,甥,saang1
省,省,saang2,省份，节省
圾,圾,saap3
飒,颯,saap3
歃,歃,saap3
涩,澀,saap3/sap1/sik1/gip3
萨,薩,saat3
铩,鎩,saat3
煞,煞,saat3
杀,殺,saat3
撒,撒,saat3
刹,剎,saat3,刹车，刹住,止住
刹,剎,saat3/caat3,刹那，古刹，刹那间,佛寺
梢,梢,saau1
捎,捎,saau1
筲,筲,saau1
稍,稍,saau2
哨,哨,saau3
潲,潲,saau3
犀,犀,sai1
嘶,嘶,sai1
硒,硒,sai1
西,西,sai1
筛,篩,sai1
舾,舾,sai1
樨,樨,sai1
茜,茜,sai1,"",（人名用字）
使,使,sai2,使用，使唤，支使，驱使，假使，即使，迫使，促使,（口语）用，差遣，令
洗,洗,sai2
驶,駛,sai2
婿,婿,sai3
世,世,sai3
细,細,sai3
势,勢,sai3
舐,舐,sai5/sai2
逝,逝,sai6
筮,筮,sai6
噬,噬,sai6
誓,誓,sai6
塞,塞,sak1,塞满，塞子，塞住，塞车，塞责，耳塞，活塞，木塞，瓶塞，堵塞，闭塞，阻塞，充塞，搪塞，软木塞，闭目塞听,堵，填满，阻隔，受阻，不畅，不通
噻,噻,sak1
深,深,sam1
心,心,sam1
芯,芯,sam1,灯芯,去皮的灯心草
参,參,sam1,参茶，参茸，参星，参商，参须，人参，党参，高丽参，动如参商,一种草药植物；二十八宿之一,蔘
森,森,sam1
琛,琛,sam1
郴,郴,sam1
鲹,鰺,sam1
婶,嬸,sam2
审,審,sam2
沈,沈,sam2
沈,瀋,sam2
渗,滲,sam3
沁,沁,sam3
涔,涔,sam4
岑,岑,sam4
忱,忱,sam4
梣,梣,sam4
谌,諶,sam4
什,什,sam6,什么,（疑问词）,甚
甚,甚,sam6
葚,椹,sam6
砷,砷,san1
娠,娠,san1
呻,呻,san1
伸,伸,san1
新,新,san1
薪,薪,san1
燊,燊,san1
身,身,san1
申,申,san1
绅,紳,san1
辛,辛,san1
锌,鋅,san1
莘,莘,san1
晨,晨,san4
辰,辰,san4
神,神,san4
臣,臣,san4
宸,宸,san4
肾,腎,san6
慎,慎,san6
蜃,蜃,san6/san5
笙,笙,sang1
生,生,sang1/saang1
擤,擤,sang3
蹭,蹭,sang3
湿,濕,sap1,"","",溼
霎,霎,sap3
十,十,sap6
拾,拾,sap6
虱,蝨,sat1
室,室,sat1
失,失,sat1
膝,膝,sat1
瑟,瑟,sat1
璱,璱,sat1
实,實,sat6
收,收,sau1
修,修,sau1
羞,羞,sau1
飕,颼,sau1
螋,螋,sau1
馊,餿,sau1
嗖,嗖,sau1,"",（象声词）迅速通过的声音
馐,饈,sau1
搜,搜,sau1/sau2,搜集，搜罗,寻求，寻找,蒐
手,手,sau2
首,首,sau2
嗾,嗾,sau2
擞,擻,sau2
守,守,sau2
搜,搜,sau2,搜身，搜捕,搜索检查
薮,藪,sau2
叟,叟,sau2
艘,艘,sau2/sau1
宿,宿,sau3,星宿，二十八宿,（天文学）星的集合体
兽,獸,sau3
狩,狩,sau3
嗽,嗽,sau3
锈,鏽,sau3,"","",銹
绣,繡,sau3,"","",綉
漱,漱,sau3
琇,琇,sau3
瘦,瘦,sau3
秀,秀,sau3
仇,仇,sau4,仇人，仇恨，仇敌，结仇，恩仇，报仇，深仇大恨，恩将仇报，疾恶如仇,敌人，怨恨，敌意，报复
愁,愁,sau4
授,授,sau6
绶,綬,sau6
售,售,sau6
受,受,sau6
寿,壽,sau6
些,些,se1
赊,賒,se1
舍,捨,se2
写,寫,se2
泻,瀉,se3
赦,赦,se3
舍,舍,se3
卸,卸,se3
猞,猞,se3
蛇,蛇,se4,蛇皮，毒蛇
畲,畲,se4
佘,佘,se4
社,社,se5
麝,麝,se6
射,射,se6
死,死,sei2
四,四,sei3
锡,錫,sek3
硕,碩,sek6
石,石,sek6,石头，岩石,坚硬的块状物
睢,睢,seoi1
衰,衰,seoi1,衰老，衰弱，衰退，衰败，兴衰，盛衰，衰微,变弱，减退
虽,雖,seoi1
胥,胥,seoi1
须,須,seoi1
荽,荽,seoi1
绥,綏,seoi1
需,需,seoi1
濉,濉,seoi1
水,水,seoi2
说,說,seoi3,说服，说客，游说,劝说，用言语劝人
税,稅,seoi3
帅,帥,seoi3
岁,歲,seoi3
碎,碎,seoi3
谁,誰,seoi4
垂,垂,seoi4
陲,陲,seoi4
髓,髓,seoi5
绪,緒,seoi5
墅,墅,seoi5/seoi6
絮,絮,seoi5/seoi6
祟,祟,seoi6
穗,穗,seoi6
瑞,瑞,seoi6
隧,隧,seoi6
萃,萃,seoi6
邃,邃,seoi6
燧,燧,seoi6
睡,睡,seoi6
粹,粹,seoi6
遂,遂,seoi6
悴,悴,seoi6
彗,彗,seoi6
瘁,瘁,seoi6/seoi5
芯,芯,seon1,芯子,引线，物体的中心部分
殉,殉,seon1
询,詢,seon1
峋,峋,seon1
荀,荀,seon1
珣,珣,seon1
洵,洵,seon1
皴,皴,seon1/ceon1
笋,筍,seon2
榫,榫,seon2
信,信,seon3
舜,舜,seon3
瞬,瞬,seon3
巽,巽,seon3
迅,迅,seon3
逊,遜,seon3
汛,汛,seon3
讯,訊,seon3
浚,浚,seon3,浚县,（地名）,濬
囟,囟,seon3/seon2,"","",顖
醇,醇,seon4
唇,脣,seon4
淳,淳,seon4
纯,純,seon4
驯,馴,seon4
莼,蓴,seon4
鹑,鶉,seon4/ceon1
顺,順,seon6
恤,恤,seot1
摔,摔,seot1
蟀,蟀,seot1
率,率,seot1,率先，率领，率队，率团，率真，率性，率然，直率，轻率，草率，表率，坦率，粗率,领先，带领；直爽，坦白，不慎重，不细心
戌,戌,seot1
窣,窣,seot1
述,述,seot6
术,術,seot6
沭,沭,seot6
秫,秫,seot6
施,施,si1
私,私,si1
丝,絲,si1
师,師,si1
狮,獅,si1
诗,詩,si1
尸,尸,si1
撕,撕,si1
蓍,蓍,si1
斯,斯,si1
司,司,si1
思,思,si1,思想，思考，思念，思索，思路，思绪，深思，反思，心思，构思，单相思，三思而行，百思不解，深思熟虑，胡思乱想，饮水思源，不假思索，不可思议,想，怀念，想念；想法，意念
尸,屍,si1
厮,廝,si1
锶,鍶,si1
偲,偲,si1
鸶,鷥,si1
史,史,si2
屎,屎,si2
使,使,si2,使用，使唤，支使，驱使，假使，即使，迫使，促使,用，差遣，令
谥,諡,si3,"","",謚
肆,肆,si3
弑,弒,si3
试,試,si3
驷,駟,si3
嗜,嗜,si3
使,使,si3,使节，使命，使者，使徒，大使，特使，天使,奉命办理事物；派驻国外进行外交事务的人员
泗,泗,si3
思,思,si3/si1,意思，好意思，小意思，有意思，不好意思,意义，含义，意见，心意，用意，趋势，趣味
莳,蒔,si4
时,時,si4
鲥,鰣,si4
匙,匙,si4,钥匙，锁匙,开锁的器具
市,市,si5
事,事,si6
仕,仕,si6
士,士,si6
侍,侍,si6
是,是,si6
伺,伺,si6,伺候,守候，服侍，照料
视,視,si6
氏,氏,si6,姓氏，无名氏
豉,豉,si6
示,示,si6
式,式,sik1
饰,飾,sik1
晰,晰,sik1
析,析,sik1
色,色,sik1
适,適,sik1
媳,媳,sik1
啬,嗇,sik1
释,釋,sik1
淅,淅,sik1
蟋,蟋,sik1
悉,悉,sik1
螫,螫,sik1,螫针，螫伤,毒虫刺人
熄,熄,sik1
轼,軾,sik1
昔,昔,sik1
皙,皙,sik1
息,息,sik1
拭,拭,sik1
蜥,蜥,sik1
识,識,sik1,识别，识字，认识，见识，知识，常识，胆识，素不相识,知道，认得，认识
惜,惜,sik1
铯,銫,sik1
瘜,瘜,sik1
奭,奭,sik1
窸,窸,sik1
裼,裼,sik1/sik3,袒裼，袒裼裸裎,（古）长衣
蚀,蝕,sik6
食,食,sik6
苫,苫,sim1,苫布，草苫子,（名词）以草编成的覆盖物
闪,閃,sim2
陕,陝,sim2
睒,睒,sim2
苫,苫,sim3,苫布，苫上,（动词）用草编成的席、布等覆盖
禅,禪,sim4,禅宗，坐禅,指与佛教有关的事物
蟾,蟾,sim4
单,單,sim4,单于,匈奴君主的称号
婵,嬋,sim4/sin4
赡,贍,sim6
鲜,鮮,sin1,鲜花，鲜美，鲜明，鲜艳，鲜嫩，新鲜，海鲜，尝鲜，屡见不鲜,美味，甜美，清新
先,先,sin1
仙,仙,sin1
酰,酰,sin1
籼,秈,sin1
跹,躚,sin1
氙,氙,sin1/saan1
鲜,鮮,sin2,鲜有，鲜见，鲜少，鲜为人知，寡廉鲜耻,少，寡，不多
跣,跣,sin2
冼,冼,sin2
癣,癬,sin2
骟,騸,sin3
腺,腺,sin3
扇,搧,sin3
扇,扇,sin3
煽,煽,sin3
霰,霰,sin3
线,線,sin3,"","",綫
蝉,蟬,sin4
澶,澶,sin4
鳝,鱔,sin5
嬗,嬗,sin6
擅,擅,sin6
膳,膳,sin6
善,善,sin6
羡,羨,sin6
缮,繕,sin6
鄯,鄯,sin6
单,單,sin6,单县,（姓，地名）
禅,禪,sin6,禅让,帝王把帝位让给别人
掸,撣,sin6,掸族，掸邦,傣族的旧称；缅甸民族之一
茜,茜,sin6,茜草，茜纱,红色
倩,倩,sin6/sin3
升,陞,sing1
惺,惺,sing1
猩,猩,sing1
星,星,sing1
胜,勝,sing1,胜任，不胜，不胜枚举，不可胜数，数不胜数,能承受，禁得起
升,昇,sing1
升,升,sing1
腥,腥,sing1/seng1
声,聲,sing1/seng1
省,省,sing2,反省，不省人事
醒,醒,sing2/seng2
圣,聖,sing3
胜,勝,sing3,胜利，战胜，胜诉，胜过，胜似，胜于，胜会，胜地，胜景，取胜，名胜，获胜，优胜，打胜仗，略胜一筹，名山胜景，以少胜多，引人入胜，旗开得胜，出奇制胜,打败，超过；优美
姓,姓,sing3
性,性,sing3
丞,丞,sing4
城,城,sing4
成,成,sing4
承,承,sing4
乘,乘,sing4,乘坐，乘车，乘船，乘客，乘法，乘凉，乘便，乘势，乘机，乘以，乘除，乘员，搭乘，乘火车，乘飞机，乘人之危，乘风破浪，乘虚而入，乘胜追击，乘兴而来，乘胜直追，加减乘除,搭，搭坐；趁，借着，利用；（数）指乘法，一种运算方法
盛,盛,sing4,盛饭，盛汤，盛水，盛满，盛不了，盛水不漏,用容器装东西
绳,繩,sing4
诚,誠,sing4
渑,澠,sing4,渑水,（古河流名）
晟,晟,sing4
宬,宬,sing4
玹,玹,sing4
珹,珹,sing4
剩,剩,sing6
盛,盛,sing6,茂盛，昌盛，兴盛，盛大，盛开，盛事，盛传，盛宴，盛怒，盛情，盛意，盛会，盛产，盛举，盛行，盛装，盛夸，盛赞，盛馔，旺盛，繁盛，丰盛，盛情难却，盛况空前，全盛时期，年轻气盛，桃花盛开，生意兴盛,兴旺，繁荣，隆重；大规模，程度深，极为
嵊,嵊,sing6
乘,乘,sing6,大乘，小乘，上乘，史乘，百乘之家，万乘之国,（古）计算车辆的单位；（佛）指教法，教义
摄,攝,sip3
涉,涉,sip3
歙,歙,sip3,歙县,（地名）
慑,懾,sip3/zip3
屑,屑,sit3
泄,洩,sit3
窃,竊,sit3
亵,褻,sit3
薛,薛,sit3
楔,楔,sit3
绁,絏,sit3,"","",紲
媟,媟,sit3
揳,揳,sit3/sip3
舌,舌,sit6/sit3
魈,魈,siu1
宵,宵,siu1
消,消,siu1
霄,霄,siu1
潇,瀟,siu1
韶,韶,siu1
销,銷,siu1
烧,燒,siu1
萧,蕭,siu1
硝,硝,siu1
逍,逍,siu1
箫,簫,siu1
小,小,siu2
少,少,siu2,少数，多少,不多
筱,筱,siu2
少,少,siu3,少年，少爷，少男，少女，恶少，老少,年轻，青年
啸,嘯,siu3
笑,笑,siu3
邵,邵,siu6
绍,紹,siu6
兆,兆,siu6
肇,肇,siu6
劭,劭,siu6
召,召,siu6,"",（姓）
唆,唆,so1
嗦,嗦,so1
蔬,蔬,so1
疏,疏,so1
蓑,蓑,so1,"","",簑
梭,梭,so1
梳,梳,so1
羧,羧,so1
娑,娑,so1
莎,莎,so1,莎草,香附子，一种草本植物
挲,挲,so1,摩挲，挼挲,抚摸
所,所,so2
唢,嗩,so2
锁,鎖,so2
琐,瑣,so2
傻,傻,so4
削,削,soek3
烁,爍,soek3
铄,鑠,soek3
霜,霜,soeng1
双,雙,soeng1
厢,廂,soeng1
商,商,soeng1
伤,傷,soeng1
孀,孀,soeng1
觞,觴,soeng1
湘,湘,soeng1
箱,箱,soeng1
鹴,鸘,soeng1
殇,殤,soeng1
镶,鑲,soeng1
相,相,soeng1,相信，相称，相较，相像，相异，互相，相得益彰，相亲相爱，两地相思，出门相迎，守望相助，实不相瞒，旗鼓相当，有事相烦,彼此，交互，两方面
襄,襄,soeng1
骧,驤,soeng1
熵,熵,soeng1
想,想,soeng2
赏,賞,soeng2
鲞,鯗,soeng2
相,相,soeng3,相貌，相亲，相国，相命，相字，长相，面相，福相，窘相，吃相，丞相，宰相，傧相，寒酸相，穷酸相，相机而动，相夫教子，吉人天相，人不可貌相,审视，察看，辨察，占卜；外表，容貌，外形，模样；官名
嫦,嫦,soeng4
尝,嚐,soeng4
尝,嘗,soeng4
徜,徜,soeng4
裳,裳,soeng4
常,常,soeng4
偿,償,soeng4
上,上,soeng5,上山，上楼，上街，上学，上班，上油，上来，上市，上车,（动词）上升
上,上,soeng6,上面，上级，上次，上午，上辈，山上，以上，晚上，马上,位置在高处
尚,尚,soeng6
鳃,鰓,soi1
腮,腮,soi1
朔,朔,sok3
索,索,sok3,绳索
槊,槊,sok3
矟,矟,sok3
蒴,蒴,sok3
数,數,sok3,频数，数见不鲜,屡次，频频
索,索,sok3/saak3,索引，索取，搜索，线索
丧,喪,song1,丧礼，丧葬,跟死人有关的事
桑,桑,song1
爽,爽,song2
嗓,嗓,song2
搡,搡,song2
塽,塽,song2
磉,磉,song2
丧,喪,song3,丧失，丧气，丧命,丢掉，失去
臊,臊,sou1,臊臭，腥臊，狐臊，鸟臊，尿臊气
稣,穌,sou1
须,鬚,sou1
酥,酥,sou1
甦,甦,sou1
搔,搔,sou1
苏,蘇,sou1
骚,騷,sou1
苏,囌,sou1
数,數,sou2,数数，数说，倒数，数数目，数到十，数典忘祖，数一数二，不可胜数,（动词）计算，查点
嫂,嫂,sou2
塑,塑,sou3
数,數,sou3,数字，数学，数年，数天，数种，人数，岁数，多数，次数，整数，分数，单数，复数，自然数，数以万计，心中有数,（名词）
溯,溯,sou3
诉,訴,sou3
愫,愫,sou3
臊,臊,sou3,羞臊，害臊
扫,掃,sou3
素,素,sou3
夙,夙,suk1
僳,僳,suk1
宿,宿,suk1,宿舍，宿愿，宿敌，宿命，宿醉，住宿，归宿，寄宿，投宿，露宿，通宿，一宿，半宿，整宿，住一宿，三天两宿,住，过夜；年老的；素有的，旧有的；（量词）计算夜数
蓿,蓿,suk1
鹔,鷫,suk1
倏,倏,suk1
粟,粟,suk1
叔,叔,suk1
肃,肅,suk1
缩,縮,suk1
谡,謖,suk1
淑,淑,suk6
塾,塾,suk6
菽,菽,suk6
孰,孰,suk6
蜀,蜀,suk6
赎,贖,suk6
熟,熟,suk6
属,屬,suk6
松,鬆,sung1
从,從,sung1,从容，从容不迫,舒缓不急，不紧张的样子
淞,淞,sung1
忪,忪,sung1,惺忪，睡眼惺忪,未睡醒的样子
嵩,嵩,sung1
菘,菘,sung1
耸,聳,sung2
竦,竦,sung2
怂,慫,sung2
悚,悚,sung2
宋,宋,sung3
送,送,sung3
崇,崇,sung4
纾,紓,syu1
舒,舒,syu1
书,書,syu1
枢,樞,syu1
输,輸,syu1
抒,抒,syu1
樗,樗,syu1
黍,黍,syu2
暑,暑,syu2
鼠,鼠,syu2
恕,恕,syu3
戍,戍,syu3
庶,庶,syu3
处,處,syu3,"",（口语，名词）地方
殊,殊,syu4
薯,薯,syu4
竖,豎,syu6
树,樹,syu6
澍,澍,syu6
孙,孫,syun1
狲,猻,syun1
宣,宣,syun1
酸,酸,syun1
狻,狻,syun1
瑄,瑄,syun1
飧,飧,syun1
悛,悛,syun1
荪,蓀,syun1
选,選,syun2
损,損,syun2
蒜,蒜,syun3
算,算,syun3
渲,渲,syun3/hyun1
璇,璇,syun4
船,船,syun4
漩,漩,syun4
旋,旋,syun4
璿,璿,syun4
鹮,䴉,syun4
旋,鏇,syun4
吮,吮,syun5
隽,雋,syun5,隽语，隽永,言论、文章等意味深长
篆,篆,syun6
雪,雪,syut3
鳕,鱈,syut3
说,說,syut3,说话，说笑，说法，说明，小说，学说，传说,讲话，解释
它,牠,taa1
铊,鉈,taa1
她,她,taa1
他,他,taa1
他,祂,taa1
它,它,taa1
太,太,taai3
肽,肽,taai3
泰,泰,taai3
傣,傣,taai3
态,態,taai3
贷,貸,taai3
汰,汰,taai3
钛,鈦,taai3
贪,貪,taam1
毯,毯,taam2
菼,菼,taam2
探,探,taam3
坛,罈,taam3,"","",罎，壜
谈,談,taam4
昙,曇,taam4
覃,覃,taam4
痰,痰,taam4
潭,潭,taam4
谭,譚,taam4
郯,郯,taam4
澹,澹,taam4,澹台,（复姓）
淡,淡,taam5,淡水，淡绿，淡酒，清淡,（口语）盐份少，不咸；某成分少，不浓
瘫,癱,taan1
坍,坍,taan1
摊,攤,taan1
滩,灘,taan1
坦,坦,taan2
袒,袒,taan2
忐,忐,taan2
钽,鉭,taan2
疸,疸,taan2
亶,亶,taan2
炭,炭,taan3
叹,歎,taan3,"","",嘆
碳,碳,taan3
檀,檀,taan4
弹,彈,taan4,弹奏，弹琴，弹劾，弹琵琶，弹钢琴，弹吉他，弹弦子，对牛弹琴,（动词）演奏，拨弄乐器
坛,壇,taan4
榻,榻,taap3
塌,塌,taap3
塔,塔,taap3
漯,漯,taap3,漯水，漯河,（古河流名）
遢,遢,taap3/taat3
鳎,鰨,taap3/taat3
闼,闥,taat3
挞,撻,taat3
跶,躂,taat3
鞑,韃,taat3
趿,趿,taat3
梯,梯,tai1
锑,銻,tai1
䴘,鷈,tai1
体,體,tai2
涕,涕,tai3
嚏,嚏,tai3
剃,剃,tai3
屉,屜,tai3
替,替,tai3
薙,薙,tai3
缇,緹,tai4
堤,堤,tai4,"","",隄
啼,啼,tai4
鹈,鵜,tai4
题,題,tai4
蹄,蹄,tai4
提,提,tai4
醍,醍,tai4
娣,娣,tai5/dai6
饨,飩,tan1
吞,吞,tan1
褪,褪,tan3
疼,疼,tang4
腾,騰,tang4
誊,謄,tang4
藤,藤,tang4
滕,滕,tang4
偷,偷,tau1
透,透,tau3
头,頭,tau4
投,投,tau4
骰,骰,tau4/sik1
踢,踢,tek3
厅,廳,teng1
听,聽,teng1,听见，听到，听错，听过，听话，听筒，听课，听诊，接听，偷听，听清楚，听诊器,（白读，用于口语词汇和单独使用）用耳朵接受声音
推,推,teoi1
腿,腿,teoi2
蜕,蛻,teoi3
退,退,teoi3
颓,頹,teoi4
湍,湍,teon1/zyun1
彖,彖,teon3
盾,盾,teon5
惕,惕,tik1
铽,鋱,tik1
剔,剔,tik1
忑,忑,tik1
忒,忒,tik1
倜,倜,tik1
裼,裼,tik1,"",婴儿的衣服、被褥等
添,添,tim1
舔,舔,tim2
甜,甜,tim4
恬,恬,tim4
菾,菾,tim4
天,天,tin1
腆,腆,tin2
钿,鈿,tin4,铜钿，洋钿，房钿，车钿，船钿，几钿,（方）钱，硬币
填,填,tin4,"","",塡
田,田,tin4
阗,闐,tin4
畋,畋,tin4
滇,滇,tin4/din1
钿,鈿,tin4/din6,钿镜，宝钿，螺钿，翠钿，金钿,把金属、宝石等镶嵌在物体上面作装饰
殄,殄,tin5/tim5
烃,烴,ting1
汀,汀,ting1,汀线,水边平地
听,聽,ting1,听觉，听力，听说，听信，听众，听闻，听障，倾听，聆听，打听，探听，动听，旁听，视听，窃听，监听，截听，幻听，公听会，助听器，窃听器，百听不厌，骇人听闻，洗耳恭听，娓娓动听，危言耸听,（文读，用于合成词和成语）用耳朵接受声音
听,聽,ting3,听凭，听任，听便，听讼，听其自然，听天由命，听之任之，垂帘听政,凭，任，任由，任凭，处理，判断
听,聽,ting3/ting1,听觉，听力，听说，听信，听众，听闻，听障，倾听，聆听，打听，探听，动听，旁听，视听，窃听，监听，截听，幻听，公听会，助听器，窃听器，百听不厌，骇人听闻，洗耳恭听，娓娓动听，危言耸听,（俗，用于合成词和成语）用耳朵接受声音
庭,庭,ting4
蜓,蜓,ting4
霆,霆,ting4
婷,婷,ting4
停,停,ting4
廷,廷,ting4
亭,亭,ting4
铤,鋌,ting5
挺,挺,ting5
梃,梃,ting5
艇,艇,ting5/teng5
萜,萜,tip3
贴,貼,tip3
帖,帖,tip3
餮,餮,tit3
铁,鐵,tit3
挑,挑,tiu1,挑选，挑剔，挑刺，挑拣，挑灯，挑毛病，挑重担，挑大梁，挑肥拣瘦，挑三拣四，挑字眼儿,用肩膀承担；选，拣；故意找错，或找出小毛病而加以指摘
祧,祧,tiu1
佻,佻,tiu1/tiu4
挑,挑,tiu1/tiu5,挑衅，挑拨，挑战，挑逗，挑弄，挑动，挑是非，挑拨离间,拨弄，拨动，惹起，引动，引起
跳,跳,tiu3
眺,眺,tiu3
迢,迢,tiu4
调,調,tiu4,调整，调停，调剂，调戏，调皮，调侃，调情，调和，调味，失调，空调，协调
条,條,tiu4
笤,笤,tiu4
龆,齠,tiu4
髫,髫,tiu4
蜩,蜩,tiu4
调,調,tiu4,调查,（口语）
窕,窕,tiu5
拖,拖,to1
唾,唾,to3/toe3
陀,陀,to4
沱,沱,to4
驼,駝,to4
鸵,鴕,to4
佗,佗,to4
驮,馱,to4,驮运，驮兽，驮马，驮轿,（动词）牲口用背负载人或物
舵,舵,to4
砣,砣,to4
鼍,鼉,to4
坨,坨,to4
跎,跎,to4
妥,妥,to5
椭,橢,to5
柁,柁,to5/to4
苔,苔,toi1,舌苔,一种舌头上的物质
胎,胎,toi1
台,台,toi1/toi4,台州，天台山,（浙江地名）
台,枱,toi4,"","",檯
跆,跆,toi4
台,台,toi4,台阶，台词，台湾，平台，电台，舞台，兄台,高而平的建筑物；高出地面可供人活动或表演的地方或设备,臺
苔,苔,toi4,青苔,一种植物
台,颱,toi4
薹,薹,toi4
抬,抬,toi4,"","",擡
邰,邰,toi4
怠,怠,toi5/doi6
庹,庹,tok3
托,託,tok3,"","",托，讬
橐,橐,tok3
托,托,tok3
拓,拓,tok3
柝,柝,tok3
箨,籜,tok3
汤,湯,tong1
镗,鏜,tong1
羰,羰,tong1
淌,淌,tong2
倘,倘,tong2
躺,躺,tong2
傥,儻,tong2
帑,帑,tong2
蹚,蹚,tong3
烫,燙,tong3
趟,趟,tong3
熨,熨,tong3,熨斗,（俗）把衣服烫平；把衣服烫平的工具
堂,堂,tong4
唐,唐,tong4
膛,膛,tong4
螳,螳,tong4
塘,塘,tong4
棠,棠,tong4
幢,幢,tong4,石幢，经幢，一幢别墅,（量词）用于楼房、房屋等；（古）刻着佛号或经咒的石柱
醣,醣,tong4
溏,溏,tong4
螗,螗,tong4
瑭,瑭,tong4
糖,糖,tong4/tong2
搪,搪,tong4/tong5
饕,饕,tou1
滔,滔,tou1
叨,叨,tou1,叨光，叨教，叨扰，叨陪,（客套话）承受，得到，受到好处
韬,韜,tou1
绦,絛,tou1
钍,釷,tou2
讨,討,tou2
祷,禱,tou2
土,土,tou2
吐,吐,tou3,吐露，吐字，吐痰，吐气，吐穗，吐絮，吐芽，吐诉，吐话，吐实，吐属，吐口，吐血，吐沫，吐泻，谈吐，呕吐，吐口水，吐故纳新，吐出赃款，上吐下泻,东西从嘴里出来
兔,兔,tou3
套,套,tou3
图,圖,tou4
逃,逃,tou4
涂,塗,tou4
萄,萄,tou4
鼗,鼗,tou4
掏,掏,tou4
涂,涂,tou4
涛,濤,tou4
桃,桃,tou4
徒,徒,tou4
淘,淘,tou4
荼,荼,tou4
途,途,tou4
啕,啕,tou4
陶,陶,tou4
屠,屠,tou4
梼,檮,tou4
洮,洮,tou4,洮河,（水名）
肚,肚,tou5
秃,禿,tuk1
通,通,tung1
统,統,tung2
桶,桶,tung2
捅,捅,tung2
筒,筒,tung2/tung4
痛,痛,tung3
童,童,tung4
酮,酮,tung4
铜,銅,tung4
佟,佟,tung4
同,衕,tung4
僮,僮,tung4,僮仆，家僮，书僮,（古）未成年的奴仆
同,同,tung4,"","",仝
峒,峒,tung4
彤,彤,tung4
瞳,瞳,tung4
桐,桐,tung4
潼,潼,tung4
峂,峂,tung4
砼,砼,tung4
曈,曈,tung4
囤,囤,tyun4
团,團,tyun4
豚,豚,tyun4
臀,臀,tyun4
屯,屯,tyun4
团,糰,tyun4
抟,摶,tyun4
断,斷,tyun5,断绝，断电，断交，断奶，断气，割断，截断，绳子断了,（口语）长形的东西折掉或从中间截开，隔绝，不继续
脱,脫,tyut3
屋,屋,uk1
瓮,甕,ung3
齆,齆,ung3
洼,窪,waa1
娃,娃,waa1
哇,哇,waa1
蛙,蛙,waa1
哗,嘩,waa1
哗,譁,waa1
凹,凹,waa1,"",（地名，人名）
话,話,waa2,话剧，话筒，笑话，会话，俗话，神话，童话，闲话，土话，传话，说话，讲话，广州话，普通话，一句话,（名词，口语）话语，语言，说出的语言
剐,剮,waa2
画,畫,waa2/waa6,画家，笔画,（名词）
华,華,waa4,华丽，华人，精华，中华，年华
骅,驊,waa4
铧,鏵,waa4
划,划,waa4/waa1
踝,踝,waa5
华,華,waa6,华山，华佗,（姓，地名）
话,話,waa6,话旧，话别，话本，对话，茶话，话家常,（动词）说，谈，谈论；（名词）话语，语言，说出的语言
桦,樺,waa6/waa4
歪,歪,waai1
怀,懷,waai4
槐,槐,waai4
淮,淮,waai4
坏,壞,waai6
惑,惑,waak6
或,或,waak6
划,劃,waak6
画,畫,waak6,画图，画画,（动词）
弯,彎,waan1
湾,灣,waan1
绾,綰,waan2
玩,玩,waan2,玩儿，玩火，玩足球，玩游戏，玩皮球，出去玩,游戏，玩耍
顽,頑,waan4
鬟,鬟,waan4
还,還,waan4
环,環,waan4
玩,玩,waan4,玩笑，玩意，开玩笑,耍笑捉弄
寰,寰,waan4
锾,鍰,waan4
圜,圜,waan4,转圜,环绕，围绕
嬛,嬛,waan4,琅嬛,天帝的藏书处
挽,挽,waan5
挽,輓,waan5
鲩,鯇,waan5
幻,幻,waan6
宦,宦,waan6
患,患,waan6
豢,豢,waan6
缳,繯,waan6
横,橫,waang4,横跨，纵横，横断面
横,橫,waang6,横财，横祸，蛮横,粗暴，意外，不吉利
斡,斡,waat3
挖,挖,waat3
滑,滑,waat6
猾,猾,waat6
威,威,wai1
委,委,wai1,委蛇，虚与委蛇,应付，敷衍
逶,逶,wai1
葳,葳,wai1
崴,崴,wai1
萎,萎,wai2
喟,喟,wai2
痿,痿,wai2
卉,卉,wai2
委,委,wai2,委任，委托，委派，委员，委婉，委屈，主委，编委，常委，省委，政委，委以重任,任命，托付
毁,毀,wai2,"","",譭，燬
诿,諉,wai2
蔚,蔚,wai3
喂,餵,wai3
畏,畏,wai3
秽,穢,wai3
慰,慰,wai3
尉,尉,wai3
喂,喂,wai3
荟,薈,wai3/wui6
违,違,wai4
唯,唯,wai4
桅,桅,wai4
帷,帷,wai4
为,為,wai4,以为，认为,"",爲
惟,惟,wai4
围,圍,wai4
维,維,wai4
遗,遺,wai4
闱,闈,wai4
潍,濰,wai4
韪,韙,wai5
伟,偉,wai5
玮,瑋,wai5
苇,葦,wai5
纬,緯,wai5
韦,韋,wai5
讳,諱,wai5
炜,煒,wai5
𬀩,暐,wai5
位,位,wai6
惠,惠,wai6
谓,謂,wai6
卫,衛,wai6,"","",衞
胃,胃,wai6
慧,慧,wai6
为,為,wai6,为了，因为,"",爲
猬,蝟,wai6
渭,渭,wai6
蕙,蕙,wai6
蟪,蟪,wai6
恚,恚,wai6
氲,氳,wan1
瘟,瘟,wan1
温,溫,wan1
赟,贇,wan1
塭,塭,wan1
辒,轀,wan1,辒辌，辒车,（古）可以卧的车；丧车
稳,穩,wan2
愠,慍,wan3
蕴,蘊,wan3
酝,醞,wan3
揾,搵,wan3
芸,蕓,wan4
云,云,wan4
筠,筠,wan4,"",竹子的青皮
晕,暈,wan4,晕倒，晕厥，晕眩，晕船，晕车，晕机，头晕，发晕，眼晕，晕过去，晕头转向，晕头晕脑，头晕眼花,头昏，昏迷，头脑不清，丧失知觉；乘坐交通工具时头脑不舒服
耘,耘,wan4
妘,妘,wan4
匀,勻,wan4
浑,渾,wan4
魂,魂,wan4
馄,餛,wan4
鋆,鋆,wan4,"",金子
芸,芸,wan4
纭,紜,wan4
云,雲,wan4
昀,昀,wan4
珲,琿,wan4
沄,沄,wan4
沄,澐,wan4
陨,隕,wan5
尹,尹,wan5
允,允,wan5
殒,殞,wan5
狁,狁,wan5
韵,韻,wan5/wan6
晕,暈,wan6,日晕，月晕，红晕，墨晕，灯晕，酒晕,出现在日月周围的光环
熨,熨,wan6,熨斗,把衣服烫平；把衣服烫平的工具
混,混,wan6,"","",溷
运,運,wan6
诨,諢,wan6
郓,鄆,wan6
闳,閎,wang4
宏,宏,wang4
弘,弘,wang4
泓,泓,wang4
纮,紘,wang4
屈,屈,wat1
郁,鬱,wat1
熨,熨,wat1,熨贴,恰当，贴切，妥贴，舒适
诎,詘,wat1
核,核,wat6,果核，杏核，桃核，梨核,（口语）果实中心坚硬而含果仁的部份
鹬,鷸,wat6,鹬蚌相争
聿,聿,wat6/leot6
域,域,wik6
阈,閾,wik6
蜮,蜮,wik6
罭,罭,wik6
扔,扔,wing1/jing4
嵘,嶸,wing4
荣,榮,wing4
蝾,蠑,wing4
永,永,wing5
咏,詠,wing6
泳,泳,wing6
颖,穎,wing6
颍,潁,wing6
锅,鍋,wo1
蜗,蝸,wo1
窝,窩,wo1
涡,渦,wo1
挝,撾,wo1
娲,媧,wo1
倭,倭,wo1
莴,萵,wo1
埚,堝,wo1
窠,窠,wo1/fo1
禾,禾,wo4
和,和,wo4,和平，和谐，和好，和服，讲和，共和，暖和，软和，热和,停战，不争执，顺适；气候温暖
祸,禍,wo6
和,和,wo6,和诗，和韵，和答，唱和，附和，酬和，和面，和泥，和弄，拌和，掺和，搅和，和稀泥，曲高和寡，一唱一和，用水和面,声音相应；加水搅拌或揉弄粉状物；拌，调匀，搀和，混合
获,獲,wok6
获,穫,wok6
镬,鑊,wok6
蠖,蠖,wok6
鹱,鸌,wok6
汪,汪,wong1
枉,枉,wong2
王,王,wong4
隍,隍,wong4
煌,煌,wong4
遑,遑,wong4
蝗,蝗,wong4
黄,黃,wong4
皇,皇,wong4
磺,磺,wong4
惶,惶,wong4
潢,潢,wong4
凰,凰,wong4
徨,徨,wong4
簧,簧,wong4
蟥,蟥,wong4
璜,璜,wong4
往,往,wong5
旺,旺,wong6
邬,鄔,wu1
污,污,wu1,"","",汙
钨,鎢,wu1
乌,烏,wu1
呜,嗚,wu1
恶,惡,wu1,恶乎,（古疑问代词、叹词）何，怎么
圬,圬,wu1
捂,摀,wu2
坞,塢,wu2
浒,滸,wu2,水浒,靠近水边的地方
和,和,wu2,"",（赌博用语）打麻将获胜
糊,糊,wu2,面糊，芋糊，米糊，糨糊，芝麻糊，花生糊，玉米糊，辣椒糊,（名词）浓稠如粥的食物
恶,惡,wu3,可恶，厌恶，憎恶，好恶，深恶痛绝，好逸恶劳,讨厌，憎恨
糊,糊,wu4,糊墙，糊泥，糊涂，糊弄，糊人，糊着，含糊，模糊，迷糊，黏糊，烂糊，糊信封，糊灯笼，糊窟窿，糊顶棚,（动词）黏贴，用糊状物涂抹；（形容词）不清楚，不明白，不明事理；（动词，方言）敷衍，愚弄，蒙骗，蒙混
葫,葫,wu4
壶,壺,wu4
湖,湖,wu4
狐,狐,wu4
蝴,蝴,wu4
瑚,瑚,wu4
猢,猢,wu4
煳,煳,wu4
糊,餬,wu4
胡,鬍,wu4
胡,衚,wu4
鹕,鶘,wu4
弧,弧,wu4
胡,胡,wu4
醐,醐,wu4
沪,滬,wu6
扈,扈,wu6
护,護,wu6
祜,祜,wu6
户,戶,wu6
互,互,wu6
芋,芋,wu6
怙,怙,wu6
瓠,瓠,wu6/wu4
偎,偎,wui1
煨,煨,wui1
猥,猥,wui1/wai2
回,回,wui4,"","",囘，囬
徊,徊,wui4
洄,洄,wui4
回,迴,wui4,"","",廻
蛔,蛔,wui4
会,會,wui5,会说，不会，会游泳，不会来，不会懂，能说会道，不会不懂，一定会实现,能，能够，善于，可能，有能力做，懂得怎样做
汇,匯,wui6,"","",滙
会,會,wui6,会合，会话，会审，会师，会齐，会客，会面，会意，会账，都会，省会，误会，领会，机会，一会，一会儿，这会儿，那会儿，多会儿，适逢其会,聚合，集合，合拢，合在一起；城市；见面；理解，领悟；片刻，很短的时间
烩,燴,wui6
会,會,wui6/kui2,会计，会计师,总计，会计
汇,彙,wui6/wai6
会,會,wui6/wui2,会议，开会，舞会，集会，工会，纪念会，学生会,多人集合的活动或组织
剜,剜,wun1
碗,碗,wun2
腕,腕,wun2
莞,莞,wun2,莞尔，莞尔一笑,微笑的样子
豌,豌,wun2/wun1
玩,玩,wun2/wun6,古玩，珍玩,供玩赏的东西
垣,垣,wun4
桓,桓,wun4
援,援,wun4/jyun4
媛,媛,wun4/jyun4
浣,浣,wun5
皖,皖,wun5
唤,喚,wun6
换,換,wun6
痪,瘓,wun6
缓,緩,wun6
玩,玩,wun6,玩弄，玩具，玩味，游玩，玩世不恭,戏弄，耍弄，观赏
奂,奐,wun6
焕,煥,wun6
涣,渙,wun6
活,活,wut6
渣,渣,zaa1
糌,糌,zaa1
吒,吒,zaa1,哪吒，木吒，金吒,佛教的护法神名
咱,咱,zaa1
楂,楂,zaa1
齇,齇,zaa1
查,查,zaa1,"",（姓）
咋,咋,zaa1,咋呼，咋唬,（方言）吆喝，喊叫，炫耀，张扬
喳,喳,zaa1
挓,挓,zaa1
猹,猹,zaa1
咋,咋,zaa2,咋办，咋样，咋回事,（方言）怎，怎么
炸,炸,zaa3
诈,詐,zaa3
乍,乍,zaa3
榨,榨,zaa3,"","",搾
柞,柞,zaa3,柞水,（地名）
蚱,蚱,zaa3/zaak3
嵖,嵖,zaa6
膪,膪,zaa6
斋,齋,zaai1
赍,齎,zaai1
㴓,㴓,zaai2
债,債,zaai3
寨,寨,zaai6
眦,眥,zaai6
砦,砦,zaai6
窄,窄,zaak3
啧,嘖,zaak3
责,責,zaak3
咋,咋,zaak3,咋舌,咬住
赜,賾,zaak3/zaak6
宅,宅,zaak6
择,擇,zaak6
泽,澤,zaak6
摘,摘,zaak6
踯,躑,zaak6
掷,擲,zaak6
谪,謫,zaak6
磔,磔,zaak6
翟,翟,zaak6,"",（姓）
簪,簪,zaam1,"","",簮
斩,斬,zaam2
崭,嶄,zaam2
湛,湛,zaam3
蘸,蘸,zaam3
站,站,zaam6
錾,鏨,zaam6
暂,暫,zaam6
趱,趲,zaan2
盏,盞,zaan2
攒,攢,zaan2
赞,讚,zaan3
赞,贊,zaan3
瓒,瓚,zaan3
栈,棧,zaan6
绽,綻,zaan6
撰,撰,zaan6
赚,賺,zaan6
馔,饌,zaan6
攥,攥,zaan6
挣,掙,zaang1,"",（口语）
睁,睜,zaang1,"",（口语）
争,爭,zaang1,"",（口语）
狰,猙,zaang1,"",（口语）
琤,琤,zaang1,"",（口语）
诤,諍,zaang3/zang3
挣,掙,zaang6,挣钱，挣脱，挣开，挣命，挣揣,通过劳动获取报酬；尽力摆脱
眨,眨,zaap3
咂,咂,zaap3
匝,匝,zaap3
砸,砸,zaap3
闸,閘,zaap6
集,集,zaap6
习,習,zaap6
杂,雜,zaap6
什,什,zaap6,什锦，什物，家什,各种各样，杂样
袭,襲,zaap6
隰,隰,zaap6
铡,鍘,zaap6/zaat3
札,札,zaat3
扎,扎,zaat3
轧,軋,zaat3,轧钢，轧机，热轧，冷轧,压制钢材的过程
扎,紮,zaat3,"","",紥
拶,拶,zaat3
嘲,嘲,zaau1
爪,爪,zaau2
找,找,zaau2
抓,抓,zaau2/zaa1
罩,罩,zaau3
笊,笊,zaau3
跻,躋,zai1
齑,齏,zai1
剂,劑,zai1
挤,擠,zai1
仔,仔,zai2,牛仔裤,小孩，男孩，幼小动物
济,濟,zai2,济南，济宁，济源，济水，济济一堂,（地名）
祭,祭,zai3
制,製,zai3
霁,霽,zai3
济,濟,zai3,济贫，经济，赈济，接济，无济于事，同舟共济,过河，救助，有益
制,制,zai3
际,際,zai3
掣,掣,zai3,掣肘，牵掣，风驰电掣,拽，拉；迅疾，闪过
穄,穄,zai3
滞,滯,zai6
侧,側,zak1
则,則,zak1
昃,昃,zak1
仄,仄,zak1
针,針,zam1
箴,箴,zam1
砧,砧,zam1
斟,斟,zam1
枕,枕,zam2,枕头，枕木，同床共枕,（名词）躺着的时候垫在头下的东西
怎,怎,zam2
浸,浸,zam3
枕,枕,zam3,枕戈待旦,（动词）把头放在枕头上，用枕头垫头
鸩,鴆,zam6
朕,朕,zam6
胗,胗,zan1
珍,珍,zan1
真,真,zan1,"","",眞
轸,軫,zan2/can2
振,振,zan3
赈,賑,zan3
镇,鎮,zan3
震,震,zan3
圳,圳,zan3
阵,陣,zan6
僧,僧,zang1
憎,憎,zang1
曾,曾,zang1,"",（姓）
筝,箏,zang1
增,增,zang1
铮,錚,zang1
挣,掙,zang1,挣扎,用力支撑或尽力摆脱
睁,睜,zang1
争,爭,zang1
狰,猙,zang1
琤,琤,zang1
峥,崢,zang1/zaang1
赠,贈,zang6
甑,甑,zang6
汁,汁,zap1
执,執,zap1
质,質,zat1,质量，质的，性质，物质，品质，优质，实质，变质，质疑，质问,事物的根本、特性、本性等；询问，诘问，责问
侄,姪,zat6
窒,窒,zat6
桎,桎,zat6
疾,疾,zat6
蛰,蟄,zat6
嫉,嫉,zat6
蛭,蛭,zat6
蒺,蒺,zat6
舟,舟,zau1
周,周,zau1,周围，圆周
州,州,zau1
揪,揪,zau1
周,週,zau1,周末，周刊，周年，周游
洲,洲,zau1
诌,謅,zau1
邹,鄒,zau1
陬,陬,zau1
辀,輈,zau1
诹,諏,zau1
揫,揫,zau1
酒,酒,zau2
肘,肘,zau2
帚,帚,zau2
走,走,zau2
奏,奏,zau3
揍,揍,zau3
昼,晝,zau3
咒,咒,zau3
皱,皺,zau3
绉,縐,zau3
鹫,鷲,zau6
冑,冑,zau6
袖,袖,zau6
就,就,zau6
纣,紂,zau6
宙,宙,zau6
岫,岫,zau6
骤,驟,zau6/zaau6
遮,遮,ze1
嗟,嗟,ze1
嗻,嗻,ze1
者,者,ze2
姐,姐,ze2
赭,赭,ze2
蔗,蔗,ze3
借,借,ze3,借钱，借书,暂时用别人的财物
柘,柘,ze3
鹧,鷓,ze3
借,藉,ze3/zik6,借口，借故，借机，借助，借词，借着，借以，借端，凭借，借着权势,假托，假借，依赖，依靠
这,這,ze5/ze3
谢,謝,ze6
榭,榭,ze6
只,隻,zek3
跖,跖,zek3
井,井,zeng2/zing2
郑,鄭,zeng6
狙,狙,zeoi1
椎,椎,zeoi1
锥,錐,zeoi1
追,追,zeoi1
疽,疽,zeoi1
蛆,蛆,zeoi1/ceoi1
苴,苴,zeoi1/ceoi1,苴麻,一种植物
咀,咀,zeoi2
龃,齟,zeoi2
沮,沮,zeoi2
嘴,嘴,zeoi2
醉,醉,zeoi3
惴,惴,zeoi3
赘,贅,zeoi3
最,最,zeoi3
缀,綴,zeoi3/zeoi6
罪,罪,zeoi6
序,序,zeoi6
屿,嶼,zeoi6,岛屿,小岛
坠,墜,zeoi6
叙,敘,zeoi6
聚,聚,zeoi6
溆,漵,zeoi6
臻,臻,zeon1
谆,諄,zeon1
津,津,zeon1
榛,榛,zeon1
樽,樽,zeon1
蓁,蓁,zeon1
肫,肫,zeon1
遵,遵,zeon1/zyun1
准,準,zeon2
尽,儘,zeon2
准,准,zeon2
隼,隼,zeon2
荩,藎,zeon2
进,進,zeon3
俊,俊,zeon3
晋,晉,zeon3
骏,駿,zeon3
竣,竣,zeon3
缙,縉,zeon3,"","",搢
峻,峻,zeon3
浚,浚,zeon3,浚河，浚渠，浚井，疏浚,疏通，挖深,濬
畯,畯,zeon3
焌,焌,zeon3,"",用火来烧东西
隽,雋,zeon3,隽才,杰出，出众，英俊，才能过人
尽,盡,zeon6
烬,燼,zeon6
黜,黜,zeot1
怵,怵,zeot1
卒,卒,zeot1
蜘,蜘,zi1
脂,脂,zi1
支,支,zi1
枝,枝,zi1
姿,姿,zi1
咨,咨,zi1
滋,滋,zi1
孜,孜,zi1
兹,茲,zi1,今兹，来兹，兹启者，兹事体大，念兹在兹,此，这个，现在，此时，此地
吱,吱,zi1,吱声，咯吱，嘎吱，吱吱叫，吱吱响，不吱声，吱喽喽，吱的一声,（象声词）尖细的声音，小动物的叫声；发出声音
辎,輜,zi1
肢,肢,zi1
芝,芝,zi1
龇,齜,zi1
谘,諮,zi1
之,之,zi1
知,知,zi1
赀,貲,zi1
资,資,zi1
鼒,鼒,zi1,"",上端口敛而口小的鼎
淄,淄,zi1
氏,氏,zi1,阏氏，月氏
祗,祗,zi1,祗仰，祗候，祗待，祗候光临，祗请尊安,恭敬
鲻,鯔,zi1
栀,梔,zi1
孳,孳,zi1
仔,仔,zi1,仔肩,责任，负担
卮,卮,zi1
粢,粢,zi1
呲,呲,zi1
胝,胝,zi1/dai1
子,子,zi2
止,止,zi2
只,只,zi2,"","",祗
指,指,zi2
纸,紙,zi2
旨,旨,zi2
紫,紫,zi2
址,址,zi2
籽,籽,zi2
滓,滓,zi2
梓,梓,zi2
咫,咫,zi2
姊,姊,zi2
仔,仔,zi2,仔细，仔密,小心，细心
祉,祉,zi2
酯,酯,zi2
趾,趾,zi2
芷,芷,zi2
秭,秭,zi2
黹,黹,zi2
致,致,zi3
轾,輊,zi3
至,至,zi3
致,緻,zi3
质,質,zi3,质押，质当，人质,用人或财物作抵押品
志,誌,zi3
志,志,zi3
置,置,zi3
挚,摯,zi3
智,智,zi3
痣,痣,zi3
踬,躓,zi3
贽,贄,zi3
识,識,zi3,标识，款识，博闻强识,标记，记号
恣,恣,zi3/ci3
祀,祀,zi6
巳,巳,zi6
雉,雉,zi6
字,字,zi6
痔,痔,zi6
俟,俟,zi6,俟机，俟候,等待，等候
治,治,zi6
自,自,zi6
稚,稚,zi6
饲,飼,zi6
嗣,嗣,zi6
耜,耜,zi6
伺,伺,zi6,伺机，伺便，伺探，窥伺,观察，探察，侦候
彘,彘,zi6
兕,兕,zi6
峙,峙,zi6/ci5
豸,豸,zi6/zaai6
寺,寺,zi6/zi2
职,職,zik1
稷,稷,zik1
鲫,鯽,zik1
即,即,zik1
积,積,zik1
织,織,zik1
迹,跡,zik1,"","",蹟
绩,績,zik1
陟,陟,zik1
碛,磧,zik1/cik1
渍,漬,zik1/zi3
瘠,瘠,zik3
蹠,蹠,zik3
炙,炙,zik3/zek3
脊,脊,zik3/zek3
直,直,zik6
藉,藉,zik6,狼藉，草藉，枕藉，慰藉，蕴藉，杯盘狼藉,垫，衬；垫在下面的东西；凌乱，杂乱的样子；（书）践踏，凌辱，侮辱
值,值,zik6
席,席,zik6
植,植,zik6
殖,殖,zik6
籍,籍,zik6
寂,寂,zik6
矽,矽,zik6
汐,汐,zik6
夕,夕,zik6
埴,埴,zik6
褯,褯,zik6
借,借,zik6/ze3,借口,假托，利用
蓆,蓆,zik6/zek6
瞻,瞻,zim1
占,占,zim1
詹,詹,zim1
谵,譫,zim1
尖,尖,zim1
沾,沾,zim1
沾,霑,zim1,沾水，黄沾,（多用于人名）浸湿
占,佔,zim3
渐,漸,zim6
煎,煎,zin1
笺,箋,zin1
膻,羶,zin1,"","",羴
毡,氈,zin1,"","",氊
栴,栴,zin1
鹯,鸇,zin1
旃,旃,zin1
展,展,zin2
辗,輾,zin2
碾,碾,zin2,碾米，碾碎,（俗）
剪,剪,zin2
翦,翦,zin2
搌,搌,zin2
戬,戩,zin2
阐,闡,zin2/cin2
箭,箭,zin3
颤,顫,zin3
溅,濺,zin3
战,戰,zin3
饯,餞,zin3
荐,薦,zin3
贱,賤,zin6
征,征,zing1
怔,怔,zing1
征,徵,zing1
正,正,zing1,正月，新正,农历每年的第一月
旌,旌,zing1
晶,晶,zing1
精,精,zing1
祯,禎,zing1
钲,鉦,zing1
贞,貞,zing1
菁,菁,zing1
侦,偵,zing1
蒸,蒸,zing1
睛,睛,zing1
烝,烝,zing1
症,癥,zing1
箐,箐,zing1
桢,楨,zing1
整,整,zing2
症,症,zing3
证,證,zing3,"","",証
正,正,zing3,正式，正常，正当，正经，正面，正义，正门，正好，正派，修正，改正，纠正，端正，公正，纯正，方正,不偏斜的，不歪斜的，符合规范的，符合标准方向的
政,政,zing3
帧,幀,zing3
靖,靖,zing6
静,靜,zing6
净,淨,zing6
靓,靚,zing6,靓衣，靓妆,妆饰或打扮艳丽、美好
婧,婧,zing6
阱,阱,zing6/zeng6
楫,楫,zip3
折,摺,zip3
褶,褶,zip3
嗫,囁,zip3
辄,輒,zip3
浃,浹,zip3
接,接,zip3
霅,霅,zip3
唧,唧,zit1
浙,浙,zit3
节,節,zit3
蜇,蜇,zit3
疖,癤,zit3
栉,櫛,zit3
哲,哲,zit3,"","",喆
婕,婕,zit3
折,折,zit3
截,截,zit6
睫,睫,zit6
捷,捷,zit6
椒,椒,ziu1
朝,朝,ziu1,朝夕，朝气，今朝，朝思暮想,早晨
焦,焦,ziu1
礁,礁,ziu1
蕉,蕉,ziu1
招,招,ziu1
沼,沼,ziu2
剿,剿,ziu2
照,照,ziu3
诏,詔,ziu3
醮,醮,ziu3
曌,曌,ziu3
召,召,ziu6,召唤，号召,呼唤，招致
赵,趙,ziu6
嚼,嚼,ziu6,倒嚼，反嚼，回嚼,反刍
左,左,zo2
阻,阻,zo2
俎,俎,zo2
佐,佐,zo3
诅,詛,zo3/zo2
坐,坐,zo6
座,座,zo6
助,助,zo6
唑,唑,zo6
鹊,鵲,zoek3
着,著,zoek3,着衣，穿着，衣着，着西服，衣着打扮,穿衣服
嚼,嚼,zoek3,嚼舌，嚼食，嚼子，咀嚼，嚼不烂，细嚼慢咽，咬文嚼字，味同嚼蜡，过屠门而大嚼,用牙齿咬碎食物
酌,酌,zoek3
灼,灼,zoek3
雀,雀,zoek3
爵,爵,zoek3
斫,斫,zoek3,斫伐，斫鼻，斫树，斫营，斫木,砍，斩；用刀斧砍削或劈树,斲
妁,妁,zoek3
焯,焯,zoek3/coek3,焯灿，焯见,显明，光明，明显，明白
芍,芍,zoek3/coek3
勺,勺,zoek3/coek3/soek3,"","",杓
着,著,zoek6,着凉，着急，着火，着迷，着慌，着忙，着魔，着热，着雨，着陆，着重，着手，着色，着实，着想，着笔，着力，着墨，着意，着落，着人，睡着，猜着，打着，沉着，执着，无着，胶着，听着，跑着，拿着，笑着，附着物，黏着力，见不着，见不着，犯不着，合不着，数得着，着手成春，歪打正着，不着边际，不着痕迹，着三不着两,接触，感受；下棋走一步；手段，办法（助词）表示动作正在进行；表示有了结果或达到目的
著,著,zoek6,土著,世居本地的人
漳,漳,zoeng1
张,張,zoeng1
浆,漿,zoeng1
章,章,zoeng1
将,將,zoeng1,将军，将来，将要，将就，将近，即将，将信将疑,（介词、副词、连词）快要；把；又，且；拿，用；调养；（象棋）攻击对方的将或帅
蟑,蟑,zoeng1
璋,璋,zoeng1
樟,樟,zoeng1
彰,彰,zoeng1
獐,獐,zoeng1,"","",麞
嫜,嫜,zoeng1
鄣,鄣,zoeng1
掌,掌,zoeng2
长,長,zoeng2,长大，厂长,（动词、名词）
奖,獎,zoeng2
桨,槳,zoeng2
蒋,蔣,zoeng2
涨,漲,zoeng2/zoeng3,涨价，涨落，涨潮，涨价，涨幅，涨钱，高涨，上涨，暴涨，看涨，涨停，水涨船高,水上升，水量增加，水面提高；增长，增高，上升，提高
将,將,zoeng3,将官，将领，将帅，将校，将士，将兵，上将，中将，少将,（军衔名）高级军官；（书）带领，统领
账,賬,zoeng3,"","",帳
酱,醬,zoeng3
瘴,瘴,zoeng3
障,障,zoeng3
仗,仗,zoeng3,打仗，败仗，胜仗,（名词）战争，战斗
帐,帳,zoeng3
涨,漲,zoeng3,涨红，涨大，涨红了脸，烟尘涨天,扩大，扩张，变大，充满
胀,脹,zoeng3
幛,幛,zoeng3
嶂,嶂,zoeng3
象,象,zoeng6
丈,丈,zoeng6
仗,仗,zoeng6,仗剑，倚仗，仗势欺人，仗义执言,（动词）凭借，依靠
像,像,zoeng6
橡,橡,zoeng6
匠,匠,zoeng6
杖,杖,zoeng6
栽,栽,zoi1
哉,哉,zoi1
灾,災,zoi1
载,載,zoi2,千载难逢，三年五载，一年半载,年
宰,宰,zoi2
崽,崽,zoi2
再,再,zoi3
载,載,zoi3,载货，载客，承载，运载，搭载，下载，登载，过载，记载，刊载，转载，连载，记载，刊载，转载，连载，载歌载舞，满载而归，怨声载道,装运，用交通工具装东西
在,在,zoi6
作,作,zok3
昨,昨,zok3/zok6
凿,鑿,zok6
擢,擢,zok6
酢,酢,zok6,"",客人向主人敬酒
濯,濯,zok6
柞,柞,zok6,柞树，柞栎，柞蚕,一种落叶乔木
桩,樁,zong1
妆,妝,zong1
庄,莊,zong1
装,裝,zong1
脏,髒,zong1
赃,贓,zong1
驵,駔,zong2,驵侩,买卖马的经纪人
壮,壯,zong3
葬,葬,zong3
戆,戇,zong3/ngong6
奘,奘,zong6
藏,藏,zong6,藏人，西藏，宝藏,指西藏
状,狀,zong6
撞,撞,zong6
脏,臟,zong6
僮,僮,zong6,僮族,（中国少数民族）指壮族
遭,遭,zou1
租,租,zou1
糟,糟,zou1,"","",蹧
组,組,zou2
藻,藻,zou2
蚤,蚤,zou2
早,早,zou2
枣,棗,zou2
祖,祖,zou2
驵,駔,zou2,"",骏马，壮马
澡,澡,zou2/cou3
灶,灶,zou3,"","",竈
做,做,zou6
造,造,zou6,造型，造句，造纸，造船，造化，造反，造谣，制造，创造，构造，人造，改造，塑造，编造，捏造,生产，制作
皂,皂,zou6
祚,祚,zou6
慥,慥,zou6/cou3
足,足,zuk1
竹,竹,zuk1
祝,祝,zuk1
粥,粥,zuk1
捉,捉,zuk1
瞩,矚,zuk1
烛,燭,zuk1
嘱,囑,zuk1
竺,竺,zuk1
筑,築,zuk1
触,觸,zuk1/cuk1
瘃,瘃,zuk1/zuk6
镯,鐲,zuk6
族,族,zuk6
逐,逐,zuk6
浊,濁,zuk6
轴,軸,zuk6
续,續,zuk6
妯,妯,zuk6
俗,俗,zuk6
躅,躅,zuk6
镞,鏃,zuk6,箭镞,箭头
舳,舳,zuk6
中,中,zung1,中间，中心，中途，中等，中级，中央，中枢，中文，中医，中外，中原，中学，中庸，中部，中立，中介，中秋，中断，中止，中用，中看，中听，心中，山中，空中，其中，当中，适中，集中，意中人，眼中钉，肉中刺，心目中，进行中，调查中，急中生智，雪中送炭,与四周围距离相等，里面，之间；适于，合于
终,終,zung1
纵,縱,zung1,纵线，纵横，纵队，纵贯，纵剖面,直
盅,盅,zung1
宗,宗,zung1
棕,棕,zung1
钟,鍾,zung1
忠,忠,zung1
鬃,鬃,zung1
螽,螽,zung1
踪,蹤,zung1
钟,鐘,zung1
枞,樅,zung1,枞阳,（地名）
舂,舂,zung1
忪,忪,zung1,怔忪，心忪,心跳，惊惧
综,綜,zung1/zung3
种,種,zung2,种子，种类，品种，物种，各种，绝种,（名词）种子，类别
肿,腫,zung2
总,總,zung2
踵,踵,zung2/dung2
纵,縱,zung3,纵情，纵容，纵火，纵然，放纵，纵身一跳，纵虎归山，欲擒故纵,释放，放肆；即使
中,中,zung3,中的，中奖，中彩，中选，中意，中肯，中计，中风，中毒，中暑，中枪，中弹，中伤，中伏，中箭，中标，中邪，打中，击中，考中，猜中，看中，说中，命中，射中，中诡计，中规中矩，一语中的，正中下怀，百发百中，言必有中,射中目标，遭受
种,種,zung3,种植，种田，种树，种花，种菜，接种，种牛痘，种麦子，种棉花,（动词）种植；接种疫苗
众,眾,zung3,"","",衆
粽,粽,zung3/zung2,"","",糉
重,重,zung6,重要，重大，重任，重视，重点，重心，重用，重责，重镇，严重，慎重，郑重，庄重，尊重，敬重，器重，看重，侧重，稳重，保重，自重，珍重，重于泰山，重男轻女，任重道远，语重心长，德高望重,要紧的，意义大的；尊敬；不轻率
讼,訟,zung6
诵,誦,zung6
颂,頌,zung6
仲,仲,zung6
从,從,zung6/cung4,从犯，从吏，随从，侍从，仆从，主从，从兄，从叔，主从关系,跟随的人，仆役；附和的，附加的；亲族同祖的
侏,侏,zyu1
诸,諸,zyu1
朱,朱,zyu1
铢,銖,zyu1
诛,誅,zyu1
茱,茱,zyu1
珠,珠,zyu1
猪,豬,zyu1
蛛,蛛,zyu1
株,株,zyu1
洙,洙,zyu1/syu4
主,主,zyu2
煮,煮,zyu2
拄,拄,zyu2
渚,渚,zyu2
驻,駐,zyu3
蛀,蛀,zyu3
著,著,zyu3,土著,（俗）世居本地的人
注,註,zyu3
著,著,zyu3,著作，著名，著书，著者，著称，著述，名著，原著，译著，巨著，新著，大著，遗著，论著，编著，撰著，专著，显著，卓著，昭著，著作权，著书立说，彰明较著，臭名昭著，见微知著,显出，明显；写作；文章，书，小说等
注,注,zyu3
炷,炷,zyu3
铸,鑄,zyu3
住,住,zyu6
箸,箸,zyu6
砖,磚,zyun1
颛,顓,zyun1
尊,尊,zyun1
专,專,zyun1
镌,鐫,zyun1/zeon3
鳟,鱒,zyun1/zyun3
转,轉,zyun2,"",（及物动词）
纂,纂,zyun2
传,傳,zyun2,传记，自传，外传，别传，列传，经传，纪传体，不见经传,（口语）记载某人一生事迹的文字
撙,撙,zyun2
转,轉,zyun3,"",（不及物动词）
钻,鑽,zyun3,钻石，电钻，钻戒,（名词）穿孔的工具；钻石
钻,鑽,zyun3/zyun1,钻井，钻孔，钻研,（动词）穿孔；深入研究
传,傳,zyun6,传记，自传，外传，别传，列传，经传，纪传体，不见经传,记载某人一生事迹的文字
辍,輟,zyut3
拙,拙,zyut3
啜,啜,zyut3
茁,茁,zyut3
咄,咄,zyut3,咄咄逼人,（俗）斥责，呵叱
掇,掇,zyut3
绝,絕,zyut6
